date,fgi,sentiment,indicators_available,price_momentum,market_breadth,volatility,volume,margin_sentiment,limit_ratio,northbound,turnover
2005-01-04,,极度贪婪,1,,7.341269841269842,,,,,,
2005-01-05,,极度贪婪,1,,21.428571428571427,,,,,,
2005-01-06,,极度贪婪,1,,21.825396825396826,,,,,,
2005-01-07,,极度贪婪,1,,36.11111111111111,,,,,,
2005-01-10,,极度贪婪,1,,67.85714285714286,,,,,,
2005-01-11,,极度贪婪,1,,69.04761904761905,,,,,,
2005-01-12,,极度贪婪,1,,70.23809523809523,,,,,,
2005-01-13,,极度贪婪,1,,68.65079365079364,,,,,,
2005-01-14,,极度贪婪,1,,53.57142857142857,,,,,,
2005-01-17,,极度贪婪,1,,33.730158730158735,,,,,,
2005-01-18,,极度贪婪,1,,43.65079365079365,,,,,,
2005-01-19,,极度贪婪,1,,36.904761904761905,,,,,,
2005-01-20,,极度贪婪,1,,33.730158730158735,,,,,,
2005-01-21,,极度贪婪,1,,57.14285714285714,,,,,,
2005-01-24,,极度贪婪,1,,73.80952380952381,,,,,,
2005-01-25,,极度贪婪,1,,71.42857142857143,,,,,,
2005-01-26,,极度贪婪,1,,64.28571428571429,,,,,,
2005-01-27,,极度贪婪,1,,49.60317460317461,,,,,,
2005-01-28,,极度贪婪,1,,37.698412698412696,,,,,,
2005-01-31,,极度贪婪,1,,28.968253968253972,,,,,,
2005-02-01,,极度贪婪,1,,37.89682539682539,,,,,,
2005-02-02,,极度贪婪,1,,69.04761904761905,,,,,,
2005-02-03,,极度贪婪,1,,65.87301587301587,,,,,,
2005-02-04,,极度贪婪,1,,69.84126984126983,,,,,,
2005-02-16,,极度贪婪,1,,75.0,,,,,,
2005-02-17,,极度贪婪,1,,77.77777777777779,,,,,,
2005-02-18,,极度贪婪,1,,71.03174603174604,,,,,,
2005-02-21,,极度贪婪,1,,82.34126984126983,,,,,,
2005-02-22,,极度贪婪,1,,93.65079365079364,,,,,,
2005-02-23,,极度贪婪,1,,96.82539682539682,,,,,,
2005-02-24,,极度贪婪,1,,96.62698412698413,,,,,,
2005-02-25,,极度贪婪,1,,96.42857142857143,,,,,,
2005-02-28,,极度贪婪,1,,96.23015873015873,,,,,,
2005-03-01,,极度贪婪,1,,91.66666666666666,,,,,,
2005-03-02,,极度贪婪,1,,79.76190476190477,,,,,,
2005-03-03,,极度贪婪,1,,87.3015873015873,,,,,,
2005-03-04,,极度贪婪,1,,78.57142857142857,,,,,,
2005-03-07,,极度贪婪,1,,80.95238095238095,,,,,,
2005-03-08,,极度贪婪,1,,92.06349206349206,,,,,,
2005-03-09,,极度贪婪,1,,80.35714285714286,,,,,,
2005-03-10,,极度贪婪,1,,65.87301587301587,,,,,,
2005-03-11,,极度贪婪,1,,66.26984126984127,,,,,,
2005-03-14,,极度贪婪,1,,65.87301587301587,,,,,,
2005-03-15,,极度贪婪,1,,52.77777777777778,,,,,,
2005-03-16,,极度贪婪,1,,36.904761904761905,,,,,,
2005-03-17,,极度贪婪,1,,34.12698412698413,,,,,,
2005-03-18,,极度贪婪,1,,14.682539682539684,,,,,,
2005-03-21,,极度贪婪,1,,15.476190476190476,,,,,,
2005-03-22,,极度贪婪,1,,23.015873015873016,,,,,,
2005-03-23,,极度贪婪,1,,15.079365079365079,,,,,,
2005-03-24,,极度贪婪,1,,7.5396825396825395,,,,,,
2005-03-25,,极度贪婪,1,,15.476190476190476,,,,,,
2005-03-28,,极度贪婪,1,,23.809523809523807,,,,,,
2005-03-29,,极度贪婪,1,,16.071428571428573,,,,,,
2005-03-30,,极度贪婪,1,,7.738095238095238,,,,,,
2005-03-31,,极度贪婪,1,,15.674603174603174,,,,,,
2005-04-01,,极度贪婪,1,,50.0,,,,,,
2005-04-04,,极度贪婪,1,,26.190476190476193,,,,,,
2005-04-05,,极度贪婪,1,,32.93650793650794,,,,,,
2005-04-06,,极度贪婪,1,,64.28571428571429,,,,,,
2005-04-07,,极度贪婪,1,,72.61904761904762,,,,,,
2005-04-08,,极度贪婪,1,,84.12698412698413,,,,,,
2005-04-11,,极度贪婪,1,,85.31746031746032,,,,,,
2005-04-12,,极度贪婪,1,,72.61904761904762,,,,,,
2005-04-13,,极度贪婪,1,,86.11111111111111,,,,,,
2005-04-14,,极度贪婪,1,,80.55555555555556,,,,,,
2005-04-15,,极度贪婪,1,,67.85714285714286,,,,,,
2005-04-18,,极度贪婪,1,,57.14285714285714,,,,,,
2005-04-19,,极度贪婪,2,,57.14285714285714,56.666666666666664,,,,,
2005-04-20,,极度贪婪,2,,37.89682539682539,54.09836065573771,,,,,
2005-04-21,,极度贪婪,2,,40.476190476190474,58.064516129032256,,,,,
2005-04-22,,极度贪婪,2,,31.746031746031743,60.317460317460316,,,,,
2005-04-25,,极度贪婪,2,,24.00793650793651,60.9375,,,,,
2005-04-26,,极度贪婪,2,,24.404761904761905,61.53846153846153,,,,,
2005-04-27,,极度贪婪,2,,15.277777777777779,60.60606060606061,,,,,
2005-04-28,,极度贪婪,2,,32.93650793650794,53.73134328358209,,,,,
2005-04-29,,极度贪婪,2,,44.84126984126984,54.411764705882355,,,,,
2005-05-09,,极度贪婪,2,,13.095238095238097,46.37681159420289,,,,,
2005-05-10,,极度贪婪,2,,29.761904761904763,51.42857142857143,,,,,
2005-05-11,,极度贪婪,2,,13.88888888888889,47.887323943661976,,,,,
2005-05-12,,极度贪婪,2,,12.103174603174603,44.44444444444444,,,,,
2005-05-13,,极度贪婪,2,,10.714285714285714,42.465753424657535,,,,,
2005-05-16,,极度贪婪,2,,5.357142857142857,40.54054054054054,,,,,
2005-05-17,,极度贪婪,2,,13.095238095238097,40.0,,,,,
2005-05-18,,极度贪婪,2,,15.277777777777779,47.36842105263158,,,,,
2005-05-19,,极度贪婪,2,,29.563492063492063,49.350649350649356,,,,,
2005-05-20,,极度贪婪,2,,21.03174603174603,79.48717948717949,,,,,
2005-05-23,,极度贪婪,2,,12.5,77.21518987341773,,,,,
2005-05-24,,极度贪婪,2,,29.365079365079367,75.0,,,,,
2005-05-25,,极度贪婪,2,,37.301587301587304,86.41975308641975,,,,,
2005-05-26,,极度贪婪,2,,22.61904761904762,87.8048780487805,,,,,
2005-05-27,,极度贪婪,2,,29.96031746031746,92.7710843373494,,,,,
2005-05-30,,极度贪婪,2,,31.944444444444443,89.28571428571429,,,,,
2005-05-31,,极度贪婪,2,,29.563492063492063,90.58823529411765,,,,,
2005-06-01,,极度贪婪,2,,11.30952380952381,96.51162790697674,,,,,
2005-06-02,,极度贪婪,2,,11.507936507936508,93.10344827586206,,,,,
2005-06-03,,极度贪婪,2,,4.9603174603174605,93.18181818181819,,,,,
2005-06-06,,极度贪婪,2,,20.634920634920633,79.7752808988764,,,,,
2005-06-07,,极度贪婪,2,,22.42063492063492,80.0,,,,,
2005-06-08,,极度贪婪,2,,90.07936507936508,0.0,,,,,
2005-06-09,,极度贪婪,2,,91.26984126984127,0.0,,,,,
2005-06-10,,极度贪婪,2,,85.71428571428571,0.0,,,,,
2005-06-13,,极度贪婪,2,,85.71428571428571,1.0638297872340416,,,,,
2005-06-14,,极度贪婪,2,,80.15873015873017,1.05263157894737,,,,,
2005-06-15,,极度贪婪,2,,63.49206349206349,0.0,,,,,
2005-06-16,,极度贪婪,2,,76.19047619047619,1.0309278350515427,,,,,
2005-06-17,,极度贪婪,2,,71.03174603174604,3.0612244897959187,,,,,
2005-06-20,,极度贪婪,2,,86.5079365079365,0.0,,,,,
2005-06-21,,极度贪婪,2,,82.14285714285714,0.0,,,,,
2005-06-22,,极度贪婪,2,,82.93650793650794,1.9801980198019749,,,,,
2005-06-23,,极度贪婪,2,,76.19047619047619,4.901960784313729,,,,,
2005-06-24,,极度贪婪,2,,77.77777777777779,3.883495145631059,,,,,
2005-06-27,,极度贪婪,2,,91.07142857142857,2.884615384615387,,,,,
2005-06-28,,极度贪婪,2,,82.14285714285714,0.952380952380949,,,,,
2005-06-29,,极度贪婪,2,,76.5873015873016,0.9433962264150892,,,,,
2005-06-30,,极度贪婪,2,,48.01587301587302,0.0,,,,,
2005-07-01,,极度贪婪,2,,2.579365079365079,0.0,,,,,
2005-07-04,,极度贪婪,2,,5.158730158730158,0.9174311926605441,,,,,
2005-07-05,,极度贪婪,3,23.333333333333332,5.357142857142857,0.9090909090909065,,,,,
2005-07-06,,极度贪婪,3,18.0327868852459,2.7777777777777777,0.9009009009009077,,,,,
2005-07-07,,极度贪婪,3,20.967741935483872,2.976190476190476,4.464285714285708,,,,,
2005-07-08,,极度贪婪,3,11.11111111111111,3.1746031746031744,0.8849557522123916,,,,,
2005-07-11,,极度贪婪,3,9.375,3.373015873015873,1.754385964912288,,,,,
2005-07-12,,极度贪婪,3,33.84615384615385,30.555555555555557,0.0,,,,,
2005-07-13,,极度贪婪,3,28.78787878787879,19.444444444444446,0.8620689655172384,,,,,
2005-07-14,,极度贪婪,3,32.83582089552239,28.968253968253972,2.564102564102569,,,,,
2005-07-15,,极度贪婪,3,26.47058823529412,28.174603174603174,2.5423728813559308,,,,,
2005-07-18,,极度贪婪,3,17.391304347826086,18.650793650793652,10.08403361344537,,,,,
2005-07-19,,极度贪婪,3,20.0,28.76984126984127,10.0,,,,,
2005-07-20,,极度贪婪,3,30.985915492957744,42.06349206349206,64.46280991735537,,,,,
2005-07-21,,极度贪婪,3,33.33333333333333,47.22222222222222,67.21311475409837,,,,,
2005-07-22,,极度贪婪,3,50.68493150684932,61.904761904761905,62.60162601626016,,,,,
2005-07-25,,极度贪婪,3,48.64864864864865,62.301587301587304,62.096774193548384,,,,,
2005-07-26,,极度贪婪,3,62.66666666666667,73.4126984126984,56.0,,,,,
2005-07-27,,极度贪婪,3,84.21052631578947,91.26984126984127,55.55555555555556,,,,,
2005-07-28,,极度贪婪,3,81.81818181818183,91.07142857142857,59.84251968503937,,,,,
2005-07-29,,极度贪婪,3,75.64102564102564,95.63492063492063,59.375,,,,,
2005-08-01,,极度贪婪,3,82.27848101265823,95.43650793650794,72.09302325581396,,,,,
2005-08-02,,极度贪婪,3,87.5,95.23809523809523,71.53846153846155,,,,,
2005-08-03,,极度贪婪,3,90.12345679012346,95.03968253968253,70.99236641221374,,,,,
2005-08-04,,极度贪婪,3,86.58536585365853,94.84126984126983,71.96969696969697,,,,,
2005-08-05,,极度贪婪,3,93.97590361445783,94.64285714285714,64.66165413533835,,,,,
2005-08-08,,极度贪婪,3,95.23809523809523,94.44444444444444,70.1492537313433,,,,,
2005-08-09,,极度贪婪,3,96.47058823529412,94.24603174603175,73.33333333333333,,,,,
2005-08-10,,极度贪婪,3,97.67441860465115,94.04761904761905,74.26470588235294,,,,,
2005-08-11,,极度贪婪,3,100.0,93.84920634920636,79.56204379562044,,,,,
2005-08-12,,极度贪婪,3,95.45454545454545,93.65079365079364,82.6086956521739,,,,,
2005-08-15,,极度贪婪,3,100.0,93.45238095238095,81.29496402877697,,,,,
2005-08-16,,极度贪婪,3,97.77777777777777,93.25396825396825,79.28571428571428,,,,,
2005-08-17,,极度贪婪,3,97.8021978021978,93.05555555555556,81.56028368794327,,,,,
2005-08-18,,极度贪婪,3,84.78260869565217,72.22222222222221,55.63380281690141,,,,,
2005-08-19,,极度贪婪,3,84.94623655913979,69.84126984126983,65.73426573426573,,,,,
2005-08-22,,极度贪婪,3,89.36170212765957,74.60317460317461,66.66666666666667,,,,,
2005-08-23,,极度贪婪,3,84.21052631578947,65.47619047619048,79.3103448275862,,,,,
2005-08-24,,极度贪婪,3,88.54166666666666,70.63492063492063,81.5068493150685,,,,,
2005-08-25,,极度贪婪,3,87.62886597938144,67.06349206349206,80.95238095238095,,,,,
2005-08-26,,极度贪婪,3,86.73469387755102,64.68253968253968,83.78378378378378,,,,,
2005-08-29,,极度贪婪,3,77.77777777777779,55.952380952380956,82.5503355704698,,,,,
2005-08-30,,极度贪婪,3,76.0,51.587301587301596,80.66666666666667,,,,,
2005-08-31,,极度贪婪,3,86.13861386138613,60.317460317460316,76.82119205298014,,,,,
2005-09-01,,极度贪婪,3,97.05882352941177,77.77777777777779,72.36842105263158,,,,,
2005-09-02,,极度贪婪,3,97.0873786407767,78.17460317460318,77.77777777777777,,,,,
2005-09-05,,极度贪婪,3,98.07692307692307,78.57142857142857,80.51948051948051,,,,,
2005-09-06,,极度贪婪,3,89.52380952380953,61.904761904761905,80.64516129032258,,,,,
2005-09-07,,极度贪婪,3,97.16981132075472,76.98412698412699,83.33333333333334,,,,,
2005-09-08,,极度贪婪,3,100.0,76.98412698412699,84.71337579617834,,,,,
2005-09-09,,极度贪婪,3,94.44444444444444,71.82539682539682,82.27848101265823,,,,,
2005-09-12,,极度贪婪,3,94.4954128440367,69.44444444444444,81.76100628930817,,,,,
2005-09-13,,极度贪婪,3,100.0,83.73015873015873,80.0,,,,,
2005-09-14,,极度贪婪,3,100.0,84.92063492063492,79.50310559006212,,,,,
2005-09-15,,极度贪婪,3,99.10714285714286,85.11904761904762,83.33333333333334,,,,,
2005-09-16,,极度贪婪,3,98.23008849557522,85.31746031746032,90.79754601226993,,,,,
2005-09-19,,极度贪婪,3,100.0,93.84920634920636,90.85365853658537,,,,,
2005-09-20,,极度贪婪,3,95.65217391304348,77.57936507936508,89.6969696969697,,,,,
2005-09-21,,极度贪婪,3,84.48275862068965,57.936507936507944,79.51807228915663,,,,,
2005-09-22,,极度贪婪,3,69.23076923076923,43.65079365079365,67.66467065868264,,,,,
2005-09-23,,极度贪婪,3,63.559322033898304,17.46031746031746,75.5952380952381,,,,,
2005-09-26,,极度贪婪,3,66.38655462184873,35.714285714285715,88.16568047337279,,,,,
2005-09-27,,极度贪婪,3,59.166666666666664,16.666666666666664,85.88235294117646,,,,,
2005-09-28,,极度贪婪,3,57.85123966942148,5.952380952380952,86.54970760233918,,,,,
2005-09-29,,极度贪婪,3,65.57377049180327,18.452380952380953,95.93023255813954,,,,,
2005-09-30,,极度贪婪,3,66.66666666666666,18.650793650793652,95.95375722543352,,,,,
2005-10-10,,极度贪婪,3,60.483870967741936,9.523809523809524,94.25287356321839,,,,,
2005-10-11,,极度贪婪,3,68.8,42.46031746031746,93.14285714285714,,,,,
2005-10-12,,极度贪婪,3,72.22222222222221,49.2063492063492,93.18181818181819,,,,,
2005-10-13,,极度贪婪,3,65.35433070866141,47.61904761904761,92.090395480226,,,,,
2005-10-14,,极度贪婪,3,57.8125,42.857142857142854,90.4494382022472,,,,,
2005-10-17,,极度贪婪,3,53.48837209302325,44.84126984126984,91.62011173184358,,,,,
2005-10-18,,极度贪婪,3,54.61538461538461,50.0,91.11111111111111,,,,,
2005-10-19,,极度贪婪,3,54.19847328244275,48.01587301587302,93.92265193370166,,,,,
2005-10-20,,极度贪婪,3,54.54545454545454,48.80952380952381,98.9010989010989,,,,,
2005-10-21,,极度贪婪,3,59.3984962406015,52.77777777777778,98.36065573770492,,,,,
2005-10-24,,极度贪婪,3,61.19402985074627,56.34920634920635,98.91304347826087,,,,,
2005-10-25,,极度贪婪,3,51.11111111111111,46.82539682539682,99.45945945945945,,,,,
2005-10-26,,极度贪婪,3,36.76470588235294,33.33333333333333,99.46236559139786,,,,,
2005-10-27,,极度贪婪,3,37.22627737226277,20.436507936507937,99.46524064171123,,,,,
2005-10-28,,极度贪婪,3,32.608695652173914,3.7698412698412698,98.40425531914893,,,,,
2005-10-31,,极度贪婪,3,39.568345323741006,11.507936507936508,95.23809523809524,,,,,
2005-11-01,,极度贪婪,3,35.0,25.396825396825395,99.47368421052632,,,,,
2005-11-02,,极度贪婪,3,44.680851063829785,33.730158730158735,98.95287958115183,,,,,
2005-11-03,,极度贪婪,3,38.028169014084504,33.92857142857143,98.4375,,,,,
2005-11-04,,极度贪婪,3,41.25874125874126,35.91269841269841,96.37305699481865,,,,,
2005-11-07,,极度贪婪,3,40.27777777777778,37.698412698412696,97.93814432989691,,,,,
2005-11-08,,极度贪婪,3,46.206896551724135,44.047619047619044,96.92307692307692,,,,,
2005-11-09,,极度贪婪,3,44.52054794520548,46.82539682539682,99.48979591836735,,,,,
2005-11-10,,极度贪婪,3,30.612244897959183,32.53968253968254,99.49238578680203,,,,,
2005-11-11,,极度贪婪,3,31.08108108108108,34.523809523809526,99.4949494949495,,,,,
2005-11-14,,极度贪婪,3,30.201342281879196,31.746031746031743,99.49748743718592,,,,,
2005-11-15,,极度贪婪,3,28.000000000000004,38.88888888888889,99.5,,,,,
2005-11-16,,极度贪婪,3,31.788079470198678,43.65079365079365,99.0049751243781,,,,,
2005-11-17,,极度贪婪,3,31.57894736842105,46.03174603174603,99.5049504950495,,,,,
2005-11-18,,极度贪婪,3,51.633986928104584,68.25396825396825,95.56650246305419,,,,,
2005-11-21,,极度贪婪,3,53.896103896103895,76.5873015873016,96.07843137254902,,,,,
2005-11-22,,极度贪婪,3,36.774193548387096,54.761904761904766,96.58536585365853,,,,,
2005-11-23,,极度贪婪,3,45.51282051282051,65.87301587301587,95.14563106796116,,,,,
2005-11-24,,极度贪婪,3,52.22929936305732,71.42857142857143,94.68599033816425,,,,,
2005-11-25,,极度贪婪,3,56.32911392405063,71.82539682539682,96.63461538461539,,,,,
2005-11-28,,极度贪婪,3,50.943396226415096,66.26984126984127,96.65071770334929,,,,,
2005-11-29,,极度贪婪,3,40.625,51.388888888888886,95.71428571428571,,,,,
2005-11-30,,极度贪婪,3,42.2360248447205,54.36507936507936,95.260663507109,,,,,
2005-12-01,,极度贪婪,3,41.358024691358025,52.182539682539684,95.28301886792453,,,,,
2005-12-02,,极度贪婪,3,39.263803680981596,49.60317460317461,96.24413145539906,,,,,
2005-12-05,,极度贪婪,3,29.268292682926827,42.857142857142854,92.5233644859813,,,,,
2005-12-06,,极度贪婪,3,33.939393939393945,48.41269841269841,95.81395348837209,,,,,
2005-12-07,,极度贪婪,3,46.3855421686747,54.761904761904766,99.07407407407408,,,,,
2005-12-08,,极度贪婪,3,48.50299401197605,54.761904761904766,98.61751152073732,,,,,
2005-12-09,,极度贪婪,3,60.71428571428571,59.523809523809526,97.24770642201835,,,,,
2005-12-12,,极度贪婪,3,61.53846153846154,63.095238095238095,97.71689497716895,,,,,
2005-12-13,,极度贪婪,3,61.76470588235294,63.095238095238095,98.18181818181819,,,,,
2005-12-14,,极度贪婪,3,69.5906432748538,74.60317460317461,98.19004524886878,,,,,
2005-12-15,,极度贪婪,3,68.02325581395348,67.85714285714286,99.09909909909909,,,,,
2005-12-16,,极度贪婪,3,71.09826589595376,75.39682539682539,98.65470852017937,,,,,
2005-12-19,,极度贪婪,3,71.26436781609196,78.17460317460318,98.66071428571429,,,,,
2005-12-20,,极度贪婪,3,76.57142857142857,78.57142857142857,98.22222222222223,,,,,
2005-12-21,,极度贪婪,3,71.02272727272727,72.22222222222221,97.34513274336283,,,,,
2005-12-22,,极度贪婪,3,77.40112994350282,83.33333333333334,99.55947136563877,,,,,
2005-12-23,,极度贪婪,3,82.02247191011236,88.09523809523809,99.12280701754386,,,,,
2005-12-26,,极度贪婪,3,86.59217877094973,87.89682539682539,99.12663755458516,,,,,
2005-12-27,,极度贪婪,3,84.44444444444444,94.04761904761905,99.56521739130434,,,,,
2005-12-28,,极度贪婪,3,85.6353591160221,93.84920634920636,99.56709956709956,,,,,
2005-12-29,,极度贪婪,3,90.65934065934066,86.90476190476191,97.41379310344827,,,,,
2005-12-30,,极度贪婪,3,86.33879781420765,86.70634920634922,99.57081545064378,,,,,
2006-01-04,,极度贪婪,3,94.02173913043478,76.5873015873016,96.58119658119658,,,,,
2006-01-05,,极度贪婪,3,100.0,77.57936507936508,98.72340425531915,,,,,
2006-01-06,,极度贪婪,3,100.0,77.38095238095238,97.45762711864407,,,,,
2006-01-09,,极度贪婪,3,100.0,77.18253968253968,97.46835443037975,,,,,
2006-01-10,,极度贪婪,3,100.0,93.25396825396825,97.47899159663865,,,,,
2006-01-11,,极度贪婪,3,98.94179894179894,93.05555555555556,96.23430962343096,,,,,
2006-01-12,,极度贪婪,3,100.0,92.85714285714286,99.16666666666667,,,,,
2006-01-13,,极度贪婪,3,98.95287958115183,80.95238095238095,98.7551867219917,,,,,
2006-01-16,,极度贪婪,3,96.875,71.23015873015873,90.9090909090909,,,,,
2006-01-17,,极度贪婪,3,96.89119170984456,68.25396825396825,93.00411522633745,,,,,
2006-01-18,,极度贪婪,3,99.48453608247422,82.53968253968253,92.21311475409836,,,,,
2006-01-19,,极度贪婪,3,100.0,92.65873015873017,91.83673469387755,,,,,
2006-01-20,,极度贪婪,3,100.0,81.94444444444444,93.08943089430895,,,,,
2006-01-23,,极度贪婪,3,100.0,79.56349206349206,93.11740890688259,,,,,
2006-01-24,,极度贪婪,3,100.0,71.42857142857143,93.54838709677419,,,,,
2006-01-25,,极度贪婪,3,100.0,69.84126984126983,93.1726907630522,,,,,
2006-02-06,,极度贪婪,3,100.0,76.98412698412699,84.8,,,,,
2006-02-07,,极度贪婪,3,99.50248756218906,76.78571428571429,84.4621513944223,,,,,
2006-02-08,,极度贪婪,3,99.5049504950495,77.38095238095238,84.92063492063492,,,,,
2006-02-09,,极度贪婪,3,98.52216748768473,68.45238095238095,77.77777777777777,,,,,
2006-02-10,,极度贪婪,3,99.01960784313727,76.98412698412699,76.19047619047619,,,,,
2006-02-13,,极度贪婪,3,98.53658536585365,71.42857142857143,75.7936507936508,,,,,
2006-02-14,,极度贪婪,3,100.0,73.01587301587301,77.77777777777777,,,,,
2006-02-15,,极度贪婪,3,100.0,76.5873015873016,77.38095238095238,,,,,
2006-02-16,,极度贪婪,3,96.15384615384616,53.17460317460318,69.04761904761905,,,,,
2006-02-17,,极度贪婪,3,96.17224880382776,48.80952380952381,69.04761904761905,,,,,
2006-02-20,,极度贪婪,3,96.66666666666667,48.41269841269841,69.04761904761905,,,,,
2006-02-21,,极度贪婪,3,99.0521327014218,53.57142857142857,65.07936507936509,,,,,
2006-02-22,,极度贪婪,3,98.58490566037736,51.98412698412699,65.47619047619048,,,,,
2006-02-23,,极度贪婪,3,99.53051643192488,51.19047619047619,69.04761904761905,,,,,
2006-02-24,,极度贪婪,3,100.0,55.55555555555556,71.03174603174602,,,,,
2006-02-27,,极度贪婪,3,99.53488372093024,52.38095238095239,75.0,,,,,
2006-02-28,,极度贪婪,3,100.0,53.17460317460318,77.77777777777777,,,,,
2006-03-01,,极度贪婪,3,100.0,60.71428571428571,77.77777777777777,,,,,
2006-03-02,,极度贪婪,3,95.87155963302753,47.61904761904761,67.85714285714286,,,,,
2006-03-03,,极度贪婪,3,97.26027397260275,47.61904761904761,68.65079365079364,,,,,
2006-03-06,,极度贪婪,3,95.45454545454545,46.03174603174603,69.84126984126985,,,,,
2006-03-07,,极度贪婪,3,90.49773755656109,30.555555555555557,59.92063492063492,,,,,
2006-03-08,,极度贪婪,3,89.63963963963964,21.03174603174603,65.87301587301587,,,,,
2006-03-09,,极度贪婪,3,89.23766816143498,6.746031746031746,65.47619047619048,,,,,
2006-03-10,,极度贪婪,3,89.28571428571429,13.095238095238097,70.23809523809524,,,,,
2006-03-13,,极度贪婪,3,90.66666666666666,29.761904761904763,69.44444444444444,,,,,
2006-03-14,,极度贪婪,3,90.2654867256637,31.746031746031743,69.04761904761905,,,,,
2006-03-15,,极度贪婪,3,92.51101321585902,45.63492063492063,65.87301587301587,,,,,
2006-03-16,,极度贪婪,3,92.10526315789474,45.63492063492063,65.47619047619048,,,,,
2006-03-17,,极度贪婪,3,91.70305676855895,42.06349206349206,68.25396825396825,,,,,
2006-03-20,,极度贪婪,3,94.78260869565217,56.74603174603175,79.76190476190476,,,,,
2006-03-21,,极度贪婪,3,96.96969696969697,59.523809523809526,79.76190476190476,,,,,
2006-03-22,,极度贪婪,3,98.70689655172413,62.301587301587304,77.77777777777777,,,,,
2006-03-23,,极度贪婪,3,98.71244635193133,68.25396825396825,83.73015873015873,,,,,
2006-03-24,,极度贪婪,3,97.00854700854701,57.936507936507944,85.71428571428572,,,,,
2006-03-27,,极度贪婪,3,99.14893617021276,65.07936507936508,84.52380952380952,,,,,
2006-03-28,,极度贪婪,3,99.57627118644068,71.82539682539682,84.92063492063492,,,,,
2006-03-29,,极度贪婪,3,100.0,82.53968253968253,82.93650793650794,,,,,
2006-03-30,,极度贪婪,3,98.73949579831933,63.888888888888886,92.85714285714286,,,,,
2006-03-31,,极度贪婪,3,99.581589958159,64.88095238095238,92.46031746031746,,,,,
2006-04-03,,极度贪婪,3,100.0,79.76190476190477,84.92063492063492,,,,,
2006-04-04,,极度贪婪,3,100.0,86.5079365079365,91.26984126984127,,,,,
2006-04-05,,极度贪婪,3,100.0,86.30952380952381,87.6984126984127,,,,,
2006-04-06,,极度贪婪,3,100.0,86.11111111111111,87.6984126984127,,,,,
2006-04-07,,极度贪婪,3,99.59016393442623,85.9126984126984,90.07936507936508,,,,,
2006-04-10,,极度贪婪,3,100.0,85.71428571428571,83.73015873015873,,,,,
2006-04-11,,极度贪婪,3,100.0,85.51587301587301,83.73015873015873,,,,,
2006-04-12,,极度贪婪,3,99.19028340080972,77.77777777777779,81.74603174603175,,,,,
2006-04-13,,极度贪婪,3,97.17741935483872,67.06349206349206,76.5873015873016,,,,,
2006-04-14,,极度贪婪,3,99.19678714859438,76.78571428571429,61.904761904761905,,,,,
2006-04-17,,极度贪婪,3,99.6,75.39682539682539,62.301587301587304,,,,,
2006-04-18,,极度贪婪,3,100.0,75.1984126984127,85.71428571428572,,,,,
2006-04-19,,极度贪婪,3,100.0,71.42857142857143,91.66666666666667,,,,,
2006-04-20,,极度贪婪,3,99.60317460317461,60.71428571428571,92.06349206349206,,,,,
2006-04-21,,极度贪婪,3,100.0,64.28571428571429,87.6984126984127,,,,,
2006-04-24,,极度贪婪,3,99.60317460317461,51.587301587301596,84.12698412698413,,,,,
2006-04-25,,极度贪婪,3,99.20634920634922,50.39682539682539,84.12698412698413,,,,,
2006-04-26,,极度贪婪,3,100.0,58.730158730158735,83.33333333333334,,,,,
2006-04-27,,极度贪婪,3,99.60317460317461,58.333333333333336,83.33333333333334,,,,,
2006-04-28,,极度贪婪,3,100.0,58.13492063492064,79.76190476190476,,,,,
2006-05-08,,极度贪婪,3,100.0,73.4126984126984,46.82539682539682,,,,,
2006-05-09,,极度贪婪,3,100.0,84.12698412698413,42.063492063492056,,,,,
2006-05-10,,极度贪婪,3,100.0,83.92857142857143,41.666666666666664,,,,,
2006-05-11,,极度贪婪,3,99.60317460317461,72.42063492063492,40.476190476190474,,,,,
2006-05-12,,极度贪婪,3,100.0,75.59523809523809,27.777777777777786,,,,,
2006-05-15,,极度贪婪,3,100.0,83.73015873015873,17.85714285714286,,,,,
2006-05-16,,极度贪婪,3,99.60317460317461,75.0,12.698412698412696,,,,,
2006-05-17,,极度贪婪,3,99.60317460317461,74.8015873015873,12.698412698412696,,,,,
2006-05-18,,极度贪婪,3,98.80952380952381,74.60317460317461,15.079365079365076,,,,,
2006-05-19,,极度贪婪,3,100.0,83.53174603174604,11.904761904761912,,,,,
2006-05-22,,极度贪婪,3,100.0,92.65873015873017,12.698412698412696,,,,,
2006-05-23,,极度贪婪,3,97.61904761904762,66.66666666666666,11.904761904761912,,,,,
2006-05-24,,极度贪婪,3,96.82539682539682,63.095238095238095,11.904761904761912,,,,,
2006-05-25,,极度贪婪,3,96.42857142857143,62.89682539682539,11.904761904761912,,,,,
2006-05-26,,极度贪婪,3,97.61904761904762,70.23809523809523,11.904761904761912,,,,,
2006-05-29,,极度贪婪,3,98.80952380952381,92.46031746031747,11.904761904761912,,,,,
2006-05-30,,极度贪婪,3,98.80952380952381,92.26190476190477,11.904761904761912,,,,,
2006-05-31,,极度贪婪,3,98.01587301587301,66.07142857142857,11.904761904761912,,,,,
2006-06-01,,极度贪婪,3,100.0,69.64285714285714,13.095238095238088,,,,,
2006-06-02,,极度贪婪,3,98.80952380952381,47.22222222222222,13.095238095238088,,,,,
2006-06-05,,极度贪婪,3,99.60317460317461,50.39682539682539,13.492063492063494,,,,,
2006-06-06,,极度贪婪,3,98.80952380952381,46.42857142857143,13.095238095238088,,,,,
2006-06-07,,极度贪婪,3,92.85714285714286,26.984126984126984,0.7936507936507837,,,,,
2006-06-08,,极度贪婪,3,92.85714285714286,26.190476190476193,1.1904761904761898,,,,,
2006-06-09,,极度贪婪,3,90.87301587301587,19.444444444444446,0.0,,,,,
2006-06-12,,极度贪婪,3,90.87301587301587,19.841269841269842,0.7936507936507837,,,,,
2006-06-13,,极度贪婪,3,90.07936507936508,20.634920634920633,1.1904761904761898,,,,,
2006-06-14,,极度贪婪,3,89.68253968253968,20.238095238095237,0.0,,,,,
2006-06-15,,极度贪婪,3,89.28571428571429,20.238095238095237,0.39682539682539186,,,,,
2006-06-16,,极度贪婪,3,91.66666666666666,29.365079365079367,0.0,,,,,
2006-06-19,,极度贪婪,3,92.06349206349206,35.317460317460316,3.9682539682539613,,,,,
2006-06-20,,极度贪婪,3,92.06349206349206,36.507936507936506,7.142857142857139,,,,,
2006-06-21,,极度贪婪,3,90.87301587301587,34.12698412698413,8.333333333333343,,,,,
2006-06-22,,极度贪婪,3,90.47619047619048,32.93650793650794,9.920634920634924,,,,,
2006-06-23,,极度贪婪,3,90.87301587301587,36.507936507936506,15.873015873015873,,,,,
2006-06-26,,极度贪婪,3,92.85714285714286,45.43650793650794,15.873015873015873,,,,,
2006-06-27,,极度贪婪,3,92.46031746031747,52.77777777777778,15.873015873015873,,,,,
2006-06-28,,极度贪婪,3,92.06349206349206,51.19047619047619,15.873015873015873,,,,,
2006-06-29,,极度贪婪,3,94.84126984126983,82.14285714285714,14.682539682539684,,,,,
2006-06-30,,极度贪婪,3,94.04761904761905,81.94444444444444,16.269841269841265,,,,,
2006-07-03,,极度贪婪,3,95.63492063492063,92.06349206349206,14.682539682539684,,,,,
2006-07-04,,极度贪婪,3,94.44444444444444,91.86507936507937,20.238095238095227,,,,,
2006-07-05,,极度贪婪,3,92.06349206349206,80.95238095238095,19.841269841269835,,,,,
2006-07-06,,极度贪婪,3,94.44444444444444,91.66666666666666,19.444444444444443,,,,,
2006-07-07,,极度贪婪,3,92.85714285714286,91.46825396825396,19.444444444444443,,,,,
2006-07-10,,极度贪婪,3,92.46031746031747,91.26984126984127,20.238095238095227,,,,,
2006-07-11,,极度贪婪,3,93.65079365079364,91.07142857142857,20.238095238095227,,,,,
2006-07-12,,极度贪婪,3,92.46031746031747,70.03968253968253,20.238095238095227,,,,,
2006-07-13,,极度贪婪,3,82.14285714285714,14.880952380952381,14.285714285714292,,,,,
2006-07-14,,极度贪婪,3,82.14285714285714,17.857142857142858,13.095238095238088,,,,,
2006-07-17,,极度贪婪,3,83.33333333333334,26.190476190476193,12.698412698412696,,,,,
2006-07-18,,极度贪婪,3,82.93650793650794,28.174603174603174,12.698412698412696,,,,,
2006-07-19,,极度贪婪,3,79.36507936507937,11.706349206349206,20.238095238095227,,,,,
2006-07-20,,极度贪婪,3,79.36507936507937,12.698412698412698,19.841269841269835,,,,,
2006-07-21,,极度贪婪,3,80.55555555555556,18.650793650793652,21.03174603174604,,,,,
2006-07-24,,极度贪婪,3,80.15873015873017,19.444444444444446,21.03174603174604,,,,,
2006-07-25,,极度贪婪,3,80.95238095238095,27.380952380952383,19.444444444444443,,,,,
2006-07-26,,极度贪婪,3,80.55555555555556,27.77777777777778,21.42857142857143,,,,,
2006-07-27,,极度贪婪,3,77.38095238095238,19.841269841269842,18.650793650793645,,,,,
2006-07-28,,极度贪婪,3,76.5873015873016,13.492063492063492,23.015873015873012,,,,,
2006-07-31,,极度贪婪,3,75.0,2.7777777777777777,17.063492063492063,,,,,
2006-08-01,,极度贪婪,3,73.01587301587301,2.1825396825396823,16.666666666666657,,,,,
2006-08-02,,极度贪婪,3,71.82539682539682,2.380952380952381,16.269841269841265,,,,,
2006-08-03,,极度贪婪,3,70.63492063492063,2.579365079365079,16.269841269841265,,,,,
2006-08-04,,极度贪婪,3,67.06349206349206,2.7777777777777777,15.476190476190482,,,,,
2006-08-07,,极度贪婪,3,66.26984126984127,1.1904761904761905,16.666666666666657,,,,,
2006-08-08,,极度贪婪,3,67.85714285714286,3.373015873015873,15.079365079365076,,,,,
2006-08-09,,极度贪婪,3,67.46031746031747,3.571428571428571,15.476190476190482,,,,,
2006-08-10,,极度贪婪,3,69.04761904761905,10.317460317460316,15.873015873015873,,,,,
2006-08-11,,极度贪婪,3,69.04761904761905,9.722222222222223,15.873015873015873,,,,,
2006-08-14,,极度贪婪,3,65.07936507936508,7.142857142857142,17.85714285714286,,,,,
2006-08-15,,极度贪婪,3,67.06349206349206,18.055555555555554,15.873015873015873,,,,,
2006-08-16,,极度贪婪,3,69.04761904761905,25.396825396825395,14.682539682539684,,,,,
2006-08-17,,极度贪婪,3,67.06349206349206,23.809523809523807,16.666666666666657,,,,,
2006-08-18,,极度贪婪,3,65.87301587301587,23.809523809523807,17.063492063492063,,,,,
2006-08-21,,极度贪婪,3,65.87301587301587,26.190476190476193,16.666666666666657,,,,,
2006-08-22,,极度贪婪,3,68.25396825396825,42.46031746031746,16.666666666666657,,,,,
2006-08-23,,极度贪婪,3,67.46031746031747,46.03174603174603,17.063492063492063,,,,,
2006-08-24,,极度贪婪,3,68.65079365079364,54.166666666666664,29.365079365079367,,,,,
2006-08-25,,极度贪婪,3,69.04761904761905,68.05555555555556,29.761904761904773,,,,,
2006-08-28,,极度贪婪,3,74.20634920634922,93.65079365079364,28.57142857142857,,,,,
2006-08-29,,极度贪婪,3,74.20634920634922,93.45238095238095,28.57142857142857,,,,,
2006-08-30,,极度贪婪,3,75.0,93.25396825396825,31.746031746031747,,,,,
2006-08-31,,极度贪婪,3,75.39682539682539,93.05555555555556,32.14285714285714,,,,,
2006-09-01,,极度贪婪,3,70.23809523809523,75.0,30.555555555555557,,,,,
2006-09-04,,极度贪婪,3,73.01587301587301,92.85714285714286,29.761904761904773,,,,,
2006-09-05,,极度贪婪,3,73.4126984126984,92.65873015873017,30.95238095238095,,,,,
2006-09-06,,极度贪婪,3,75.0,92.65873015873017,30.555555555555557,,,,,
2006-09-07,,极度贪婪,3,69.84126984126983,74.8015873015873,30.555555555555557,,,,,
2006-09-08,,极度贪婪,3,69.84126984126983,77.18253968253968,32.14285714285714,,,,,
2006-09-11,,极度贪婪,3,71.03174603174604,74.20634920634922,41.269841269841265,,,,,
2006-09-12,,极度贪婪,3,71.42857142857143,70.63492063492063,42.063492063492056,,,,,
2006-09-13,,极度贪婪,3,69.04761904761905,54.563492063492056,41.666666666666664,,,,,
2006-09-14,,极度贪婪,3,68.25396825396825,46.42857142857143,41.666666666666664,,,,,
2006-09-15,,极度贪婪,3,75.79365079365078,60.317460317460316,44.44444444444444,,,,,
2006-09-18,,极度贪婪,3,75.79365079365078,92.46031746031747,46.82539682539682,,,,,
2006-09-19,,极度贪婪,3,75.79365079365078,92.26190476190477,52.38095238095239,,,,,
2006-09-20,,极度贪婪,3,75.0,70.03968253968253,52.77777777777778,,,,,
2006-09-21,,极度贪婪,3,75.79365079365078,70.23809523809523,59.12698412698413,,,,,
2006-09-22,,极度贪婪,3,74.20634920634922,54.761904761904766,53.17460317460318,,,,,
2006-09-25,,极度贪婪,3,71.82539682539682,46.03174603174603,77.77777777777777,,,,,
2006-09-26,,极度贪婪,3,66.66666666666666,42.857142857142854,77.38095238095238,,,,,
2006-09-27,,极度贪婪,3,69.04761904761905,46.03174603174603,80.95238095238095,,,,,
2006-09-28,,极度贪婪,3,74.20634920634922,56.15079365079365,84.12698412698413,,,,,
2006-09-29,,极度贪婪,3,76.19047619047619,62.301587301587304,81.34920634920636,,,,,
2006-10-09,,极度贪婪,3,76.5873015873016,66.66666666666666,65.47619047619048,,,,,
2006-10-10,,极度贪婪,3,76.19047619047619,61.904761904761905,67.85714285714286,,,,,
2006-10-11,,极度贪婪,3,75.39682539682539,61.70634920634921,66.66666666666667,,,,,
2006-10-12,,极度贪婪,3,75.0,57.53968253968254,61.11111111111111,,,,,
2006-10-13,,极度贪婪,3,75.0,62.698412698412696,61.11111111111111,,,,,
2006-10-16,,极度贪婪,3,74.20634920634922,56.94444444444444,73.4126984126984,,,,,
2006-10-17,,极度贪婪,3,72.61904761904762,51.587301587301596,73.01587301587301,,,,,
2006-10-18,,极度贪婪,3,74.60317460317461,80.35714285714286,64.68253968253968,,,,,
2006-10-19,,极度贪婪,3,73.80952380952381,66.07142857142857,64.28571428571428,,,,,
2006-10-20,,极度贪婪,3,73.4126984126984,52.976190476190474,77.77777777777777,,,,,
2006-10-23,,极度贪婪,3,67.85714285714286,24.00793650793651,57.142857142857146,,,,,
2006-10-24,,极度贪婪,3,73.01587301587301,40.07936507936508,44.44444444444444,,,,,
2006-10-25,,极度贪婪,3,73.01587301587301,36.507936507936506,44.047619047619044,,,,,
2006-10-26,,极度贪婪,3,75.0,34.12698412698413,51.58730158730159,,,,,
2006-10-27,,极度贪婪,3,71.03174603174604,25.992063492063494,44.047619047619044,,,,,
2006-10-30,,极度贪婪,3,71.82539682539682,26.58730158730159,43.65079365079365,,,,,
2006-10-31,,极度贪婪,3,75.0,28.968253968253972,42.46031746031746,,,,,
2006-11-01,,极度贪婪,3,75.79365079365078,29.761904761904763,42.85714285714286,,,,,
2006-11-02,,极度贪婪,3,75.0,28.76984126984127,43.25396825396825,,,,,
2006-11-03,,极度贪婪,3,76.5873015873016,30.952380952380953,50.39682539682539,,,,,
2006-11-06,,极度贪婪,3,77.38095238095238,30.158730158730158,47.61904761904761,,,,,
2006-11-07,,极度贪婪,3,78.17460317460318,28.57142857142857,47.61904761904761,,,,,
2006-11-08,,极度贪婪,3,75.79365079365078,27.380952380952383,40.87301587301587,,,,,
2006-11-09,,极度贪婪,3,78.17460317460318,31.150793650793652,38.49206349206349,,,,,
2006-11-10,,极度贪婪,3,74.60317460317461,25.0,37.301587301587304,,,,,
2006-11-13,,极度贪婪,3,67.85714285714286,16.666666666666664,36.111111111111114,,,,,
2006-11-14,,极度贪婪,3,71.03174603174604,19.444444444444446,36.50793650793651,,,,,
2006-11-15,,极度贪婪,3,77.38095238095238,26.984126984126984,34.12698412698413,,,,,
2006-11-16,,极度贪婪,3,75.79365079365078,25.793650793650798,34.52380952380952,,,,,
2006-11-17,,极度贪婪,3,80.55555555555556,28.968253968253972,34.12698412698413,,,,,
2006-11-20,,极度贪婪,3,84.92063492063492,28.76984126984127,34.920634920634924,,,,,
2006-11-21,,极度贪婪,3,86.90476190476191,32.93650793650794,34.52380952380952,,,,,
2006-11-22,,极度贪婪,3,88.09523809523809,36.507936507936506,34.920634920634924,,,,,
2006-11-23,,极度贪婪,3,88.88888888888889,41.66666666666667,36.50793650793651,,,,,
2006-11-24,,极度贪婪,3,88.09523809523809,62.301587301587304,36.50793650793651,,,,,
2006-11-27,,极度贪婪,3,89.68253968253968,82.93650793650794,37.698412698412696,,,,,
2006-11-28,,极度贪婪,3,86.90476190476191,82.73809523809523,37.698412698412696,,,,,
2006-11-29,,极度贪婪,3,90.47619047619048,82.53968253968253,38.49206349206349,,,,,
2006-11-30,,极度贪婪,3,96.03174603174604,91.46825396825396,33.730158730158735,,,,,
2006-12-01,,极度贪婪,3,96.82539682539682,81.94444444444444,34.12698412698413,,,,,
2006-12-04,,极度贪婪,3,100.0,91.26984126984127,38.095238095238095,,,,,
2006-12-05,,极度贪婪,3,100.0,91.07142857142857,41.269841269841265,,,,,
2006-12-06,,极度贪婪,3,98.80952380952381,80.95238095238095,37.301587301587304,,,,,
2006-12-07,,极度贪婪,3,98.01587301587301,80.75396825396825,36.111111111111114,,,,,
2006-12-08,,极度贪婪,3,89.68253968253968,50.0,29.365079365079367,,,,,
2006-12-11,,极度贪婪,3,98.4126984126984,80.55555555555556,21.42857142857143,,,,,
2006-12-12,,极度贪婪,3,99.20634920634922,80.35714285714286,21.825396825396822,,,,,
2006-12-13,,极度贪婪,3,98.01587301587301,69.84126984126983,21.825396825396822,,,,,
2006-12-14,,极度贪婪,3,100.0,71.82539682539682,21.42857142857143,,,,,
2006-12-15,,极度贪婪,3,100.0,91.26984126984127,21.03174603174604,,,,,
2006-12-18,,极度贪婪,3,100.0,91.07142857142857,17.46031746031747,,,,,
2006-12-19,,极度贪婪,3,99.60317460317461,90.87301587301587,17.46031746031747,,,,,
2006-12-20,,极度贪婪,3,100.0,90.87301587301587,23.015873015873012,,,,,
2006-12-21,,极度贪婪,3,98.80952380952381,90.87301587301587,17.46031746031747,,,,,
2006-12-22,,极度贪婪,3,98.01587301587301,90.67460317460318,21.03174603174604,,,,,
2006-12-25,,极度贪婪,3,98.80952380952381,90.47619047619048,27.38095238095238,,,,,
2006-12-26,,极度贪婪,3,98.4126984126984,54.36507936507936,26.984126984126988,,,,,
2006-12-27,,极度贪婪,3,100.0,57.936507936507944,28.174603174603178,,,,,
2006-12-28,,极度贪婪,3,99.60317460317461,40.87301587301587,28.174603174603178,,,,,
2006-12-29,,极度贪婪,3,100.0,48.41269841269841,24.206349206349216,,,,,
2007-01-04,,极度贪婪,3,100.0,46.82539682539682,25.793650793650784,,,,,
2007-01-05,,极度贪婪,3,99.60317460317461,64.68253968253968,25.793650793650784,,,,,
2007-01-08,,极度贪婪,3,100.0,80.95238095238095,19.841269841269835,,,,,
2007-01-09,,极度贪婪,3,100.0,80.75396825396825,14.285714285714292,,,,,
2007-01-10,,极度贪婪,3,100.0,90.47619047619048,13.888888888888886,,,,,
2007-01-11,,极度贪婪,3,99.60317460317461,90.27777777777779,13.095238095238088,,,,,
2007-01-12,,极度贪婪,3,98.80952380952381,79.76190476190477,5.952380952380949,,,,,
2007-01-15,,极度贪婪,3,100.0,90.27777777777779,4.761904761904773,,,,,
2007-01-16,,极度贪婪,3,100.0,90.27777777777779,4.761904761904773,,,,,
2007-01-17,,极度贪婪,3,99.60317460317461,90.27777777777779,3.5714285714285694,,,,,
2007-01-18,,极度贪婪,3,99.20634920634922,70.63492063492063,5.158730158730165,,,,,
2007-01-19,,极度贪婪,3,100.0,90.47619047619048,3.5714285714285694,,,,,
2007-01-22,,极度贪婪,3,100.0,90.47619047619048,2.3809523809523796,,,,,
2007-01-23,,极度贪婪,3,100.0,90.47619047619048,3.9682539682539613,,,,,
2007-01-24,,极度贪婪,3,100.0,90.27777777777779,7.936507936507937,,,,,
2007-01-25,,极度贪婪,3,98.80952380952381,79.56349206349206,7.539682539682531,,,,,
2007-01-26,,极度贪婪,3,98.80952380952381,79.36507936507937,6.746031746031747,,,,,
2007-01-29,,极度贪婪,3,100.0,90.07936507936508,6.746031746031747,,,,,
2007-01-30,,极度贪婪,3,98.4126984126984,63.49206349206349,6.349206349206355,,,,,
2007-01-31,,极度贪婪,3,94.84126984126983,38.88888888888889,0.0,,,,,
2007-02-01,,极度贪婪,3,94.84126984126983,39.285714285714285,0.39682539682539186,,,,,
2007-02-02,,极度贪婪,3,92.46031746031747,16.26984126984127,0.0,,,,,
2007-02-05,,极度贪婪,3,92.06349206349206,16.46825396825397,0.0,,,,,
2007-02-06,,极度贪婪,3,92.46031746031747,20.238095238095237,0.39682539682539186,,,,,
2007-02-07,,极度贪婪,3,93.25396825396825,29.761904761904763,0.39682539682539186,,,,,
2007-02-08,,极度贪婪,3,93.65079365079364,33.33333333333333,1.5873015873015959,,,,,
2007-02-09,,极度贪婪,3,92.85714285714286,29.563492063492063,0.7936507936507837,,,,,
2007-02-12,,极度贪婪,3,96.42857142857143,48.80952380952381,0.0,,,,,
2007-02-13,,极度贪婪,3,96.42857142857143,62.10317460317461,0.39682539682539186,,,,,
2007-02-14,,极度贪婪,3,97.22222222222221,89.88095238095238,0.7936507936507837,,,,,
2007-02-15,,极度贪婪,3,98.01587301587301,89.68253968253968,0.0,,,,,
2007-02-16,,极度贪婪,3,97.61904761904762,89.48412698412699,0.39682539682539186,,,,,
2007-02-26,,极度贪婪,3,98.80952380952381,88.29365079365078,1.5873015873015959,,,,,
2007-02-27,,极度贪婪,3,89.68253968253968,26.984126984126984,0.0,,,,,
2007-02-28,,极度贪婪,3,92.46031746031747,33.33333333333333,0.0,,,,,
2007-03-01,,极度贪婪,3,88.88888888888889,26.190476190476193,0.0,,,,,
2007-03-02,,极度贪婪,3,90.07936507936508,30.158730158730158,0.7936507936507837,,,,,
2007-03-05,,极度贪婪,3,88.09523809523809,27.77777777777778,1.5873015873015959,,,,,
2007-03-06,,极度贪婪,3,89.68253968253968,36.507936507936506,1.9841269841269877,,,,,
2007-03-07,,极度贪婪,3,92.06349206349206,47.61904761904761,1.9841269841269877,,,,,
2007-03-08,,极度贪婪,3,94.44444444444444,48.41269841269841,1.9841269841269877,,,,,
2007-03-09,,极度贪婪,3,91.66666666666666,53.57142857142857,3.1746031746031775,,,,,
2007-03-12,,极度贪婪,3,90.87301587301587,53.37301587301587,3.5714285714285694,,,,,
2007-03-13,,极度贪婪,3,92.06349206349206,52.77777777777778,3.5714285714285694,,,,,
2007-03-14,,极度贪婪,3,88.09523809523809,35.11904761904761,3.5714285714285694,,,,,
2007-03-15,,极度贪婪,3,89.28571428571429,48.80952380952381,4.761904761904773,,,,,
2007-03-16,,极度贪婪,3,86.90476190476191,30.158730158730158,5.158730158730165,,,,,
2007-03-19,,极度贪婪,3,88.88888888888889,50.79365079365079,5.555555555555557,,,,,
2007-03-20,,极度贪婪,3,88.88888888888889,58.730158730158735,5.952380952380949,,,,,
2007-03-21,,极度贪婪,3,91.26984126984127,64.28571428571429,11.111111111111114,,,,,
2007-03-22,,极度贪婪,3,90.87301587301587,64.48412698412699,11.111111111111114,,,,,
2007-03-23,,极度贪婪,3,89.68253968253968,64.68253968253968,12.698412698412696,,,,,
2007-03-26,,极度贪婪,3,94.44444444444444,88.09523809523809,13.095238095238088,,,,,
2007-03-27,,极度贪婪,3,94.44444444444444,87.89682539682539,13.492063492063494,,,,,
2007-03-28,,极度贪婪,3,94.44444444444444,87.6984126984127,13.888888888888886,,,,,
2007-03-29,,极度贪婪,3,91.26984126984127,87.5,14.285714285714292,,,,,
2007-03-30,,极度贪婪,3,88.88888888888889,87.3015873015873,14.682539682539684,,,,,
2007-04-02,,极度贪婪,3,94.84126984126983,87.10317460317461,15.079365079365076,,,,,
2007-04-03,,极度贪婪,3,94.84126984126983,86.90476190476191,15.476190476190482,,,,,
2007-04-04,,极度贪婪,3,95.23809523809523,86.70634920634922,15.873015873015873,,,,,
2007-04-05,,极度贪婪,3,95.63492063492063,86.5079365079365,16.269841269841265,,,,,
2007-04-06,,极度贪婪,3,96.42857142857143,86.30952380952381,16.269841269841265,,,,,
2007-04-09,,极度贪婪,3,96.42857142857143,86.11111111111111,16.269841269841265,,,,,
2007-04-10,,极度贪婪,3,98.01587301587301,85.9126984126984,61.11111111111111,,,,,
2007-04-11,,极度贪婪,3,99.20634920634922,85.71428571428571,65.47619047619048,,,,,
2007-04-12,,极度贪婪,3,100.0,85.51587301587301,76.5873015873016,,,,,
2007-04-13,,极度贪婪,3,99.60317460317461,85.31746031746032,75.39682539682539,,,,,
2007-04-16,,极度贪婪,3,100.0,85.11904761904762,77.38095238095238,,,,,
2007-04-17,,极度贪婪,3,100.0,84.92063492063492,78.17460317460318,,,,,
2007-04-18,,极度贪婪,3,100.0,84.92063492063492,80.15873015873015,,,,,
2007-04-19,,极度贪婪,3,93.25396825396825,42.26190476190476,59.12698412698413,,,,,
2007-04-20,,极度贪婪,3,98.80952380952381,60.11904761904761,50.39682539682539,,,,,
2007-04-23,,极度贪婪,3,100.0,85.31746031746032,36.50793650793651,,,,,
2007-04-24,,极度贪婪,3,99.60317460317461,85.31746031746032,36.50793650793651,,,,,
2007-04-25,,极度贪婪,3,99.20634920634922,85.11904761904762,41.269841269841265,,,,,
2007-04-26,,极度贪婪,3,100.0,84.92063492063492,43.25396825396825,,,,,
2007-04-27,,极度贪婪,3,98.4126984126984,84.72222222222221,48.80952380952381,,,,,
2007-04-30,,极度贪婪,3,100.0,84.52380952380952,47.61904761904761,,,,,
2007-05-08,,极度贪婪,3,100.0,83.33333333333334,38.49206349206349,,,,,
2007-05-09,,极度贪婪,3,99.60317460317461,83.33333333333334,38.095238095238095,,,,,
2007-05-10,,极度贪婪,3,99.60317460317461,83.13492063492063,38.888888888888886,,,,,
2007-05-11,,极度贪婪,3,98.80952380952381,82.93650793650794,37.301587301587304,,,,,
2007-05-14,,极度贪婪,3,98.80952380952381,82.73809523809523,38.095238095238095,,,,,
2007-05-15,,极度贪婪,3,95.63492063492063,48.61111111111111,27.38095238095238,,,,,
2007-05-16,,极度贪婪,3,98.01587301587301,82.73809523809523,27.38095238095238,,,,,
2007-05-17,,极度贪婪,3,98.01587301587301,82.73809523809523,27.777777777777786,,,,,
2007-05-18,,极度贪婪,3,97.61904761904762,82.53968253968253,28.174603174603178,,,,,
2007-05-21,,极度贪婪,3,98.4126984126984,82.34126984126983,28.96825396825396,,,,,
2007-05-22,,极度贪婪,3,98.80952380952381,82.14285714285714,29.365079365079367,,,,,
2007-05-23,,极度贪婪,3,100.0,81.94444444444444,28.57142857142857,,,,,
2007-05-24,,极度贪婪,3,98.4126984126984,81.74603174603175,27.777777777777786,,,,,
2007-05-25,,极度贪婪,3,100.0,81.54761904761905,27.38095238095238,,,,,
2007-05-28,,极度贪婪,3,100.0,81.34920634920636,27.777777777777786,,,,,
2007-05-29,,极度贪婪,3,100.0,81.15079365079364,26.984126984126988,,,,,
2007-05-30,,极度贪婪,3,93.65079365079364,31.944444444444443,15.079365079365076,,,,,
2007-05-31,,极度贪婪,3,94.44444444444444,25.0,15.476190476190482,,,,,
2007-06-01,,极度贪婪,3,89.68253968253968,10.317460317460316,11.904761904761912,,,,,
2007-06-04,,极度贪婪,3,79.36507936507937,0.5952380952380952,6.349206349206355,,,,,
2007-06-05,,极度贪婪,3,82.53968253968253,4.365079365079365,4.761904761904773,,,,,
2007-06-06,,极度贪婪,3,82.93650793650794,7.5396825396825395,4.761904761904773,,,,,
2007-06-07,,极度贪婪,3,88.09523809523809,11.507936507936508,7.539682539682531,,,,,
2007-06-08,,极度贪婪,3,88.4920634920635,13.095238095238097,7.936507936507937,,,,,
2007-06-11,,极度贪婪,3,90.47619047619048,18.253968253968253,8.333333333333343,,,,,
2007-06-12,,极度贪婪,3,92.46031746031747,28.174603174603174,8.333333333333343,,,,,
2007-06-13,,极度贪婪,3,94.44444444444444,35.714285714285715,8.333333333333343,,,,,
2007-06-14,,极度贪婪,3,91.66666666666666,30.952380952380953,8.333333333333343,,,,,
2007-06-15,,极度贪婪,3,92.06349206349206,32.93650793650794,8.730158730158735,,,,,
2007-06-18,,极度贪婪,3,94.84126984126983,39.682539682539684,8.333333333333343,,,,,
2007-06-19,,极度贪婪,3,95.23809523809523,50.99206349206349,10.317460317460316,,,,,
2007-06-20,,极度贪婪,3,89.28571428571429,43.05555555555556,9.126984126984127,,,,,
2007-06-21,,极度贪婪,3,91.66666666666666,46.82539682539682,9.126984126984127,,,,,
2007-06-22,,极度贪婪,3,84.92063492063492,17.063492063492063,7.936507936507937,,,,,
2007-06-25,,极度贪婪,3,76.98412698412699,7.142857142857142,5.555555555555557,,,,,
2007-06-26,,极度贪婪,3,77.38095238095238,11.11111111111111,7.936507936507937,,,,,
2007-06-27,,极度贪婪,3,82.14285714285714,19.047619047619047,7.936507936507937,,,,,
2007-06-28,,极度贪婪,3,72.61904761904762,5.952380952380952,3.9682539682539613,,,,,
2007-06-29,,极度贪婪,3,64.28571428571429,4.365079365079365,3.5714285714285694,,,,,
2007-07-02,,极度贪婪,3,61.111111111111114,3.968253968253968,3.9682539682539613,,,,,
2007-07-03,,极度贪婪,3,69.44444444444444,4.761904761904762,3.5714285714285694,,,,,
2007-07-04,,极度贪婪,3,58.730158730158735,1.1904761904761905,3.5714285714285694,,,,,
2007-07-05,,极度贪婪,3,51.98412698412699,4.365079365079365,1.5873015873015959,,,,,
2007-07-06,,极度贪婪,3,55.55555555555556,6.746031746031746,0.0,,,,,
2007-07-09,,极度贪婪,3,59.92063492063492,9.523809523809524,0.0,,,,,
2007-07-10,,极度贪婪,3,56.34920634920635,10.317460317460316,0.7936507936507837,,,,,
2007-07-11,,极度贪婪,3,55.952380952380956,10.714285714285714,4.761904761904773,,,,,
2007-07-12,,极度贪婪,3,56.34920634920635,11.904761904761903,5.158730158730165,,,,,
2007-07-13,,极度贪婪,3,55.158730158730165,12.3015873015873,7.142857142857139,,,,,
2007-07-16,,极度贪婪,3,50.79365079365079,7.936507936507936,17.46031746031747,,,,,
2007-07-17,,极度贪婪,3,52.38095238095239,13.88888888888889,19.444444444444443,,,,,
2007-07-18,,极度贪婪,3,52.38095238095239,13.88888888888889,20.634920634920633,,,,,
2007-07-19,,极度贪婪,3,50.79365079365079,13.88888888888889,25.0,,,,,
2007-07-20,,极度贪婪,3,60.317460317460316,40.07936507936508,17.85714285714286,,,,,
2007-07-23,,极度贪婪,3,73.4126984126984,54.36507936507936,14.285714285714292,,,,,
2007-07-24,,极度贪婪,3,71.82539682539682,54.166666666666664,14.682539682539684,,,,,
2007-07-25,,极度贪婪,3,75.79365079365078,53.96825396825397,14.682539682539684,,,,,
2007-07-26,,极度贪婪,3,76.19047619047619,53.769841269841265,15.079365079365076,,,,,
2007-07-27,,极度贪婪,3,75.79365079365078,53.57142857142857,15.476190476190482,,,,,
2007-07-30,,极度贪婪,3,79.36507936507937,53.37301587301587,17.46031746031747,,,,,
2007-07-31,,极度贪婪,3,80.95238095238095,53.17460317460318,17.063492063492063,,,,,
2007-08-01,,极度贪婪,3,70.23809523809523,52.976190476190474,14.285714285714292,,,,,
2007-08-02,,极度贪婪,3,76.19047619047619,52.77777777777778,13.492063492063494,,,,,
2007-08-03,,极度贪婪,3,83.33333333333334,52.57936507936508,13.888888888888886,,,,,
2007-08-06,,极度贪婪,3,85.31746031746032,52.38095238095239,21.03174603174604,,,,,
2007-08-07,,极度贪婪,3,84.92063492063492,52.182539682539684,21.825396825396822,,,,,
2007-08-08,,极度贪婪,3,82.14285714285714,51.98412698412699,23.015873015873012,,,,,
2007-08-09,,极度贪婪,3,84.92063492063492,51.78571428571429,30.95238095238095,,,,,
2007-08-10,,极度贪婪,3,82.14285714285714,45.63492063492063,31.746031746031747,,,,,
2007-08-13,,极度贪婪,3,80.15873015873017,38.095238095238095,32.14285714285714,,,,,
2007-08-14,,极度贪婪,3,82.93650793650794,44.44444444444444,32.93650793650794,,,,,
2007-08-15,,极度贪婪,3,80.95238095238095,41.269841269841265,34.920634920634924,,,,,
2007-08-16,,极度贪婪,3,74.60317460317461,33.92857142857143,39.682539682539684,,,,,
2007-08-17,,极度贪婪,3,68.65079365079364,27.380952380952383,41.269841269841265,,,,,
2007-08-20,,极度贪婪,3,81.74603174603175,42.26190476190476,39.682539682539684,,,,,
2007-08-21,,极度贪婪,3,84.12698412698413,46.03174603174603,40.07936507936508,,,,,
2007-08-22,,极度贪婪,3,86.90476190476191,53.96825396825397,40.07936507936508,,,,,
2007-08-23,,极度贪婪,3,87.3015873015873,47.817460317460316,40.07936507936508,,,,,
2007-08-24,,极度贪婪,3,88.4920634920635,54.563492063492056,41.269841269841265,,,,,
2007-08-27,,极度贪婪,3,88.09523809523809,50.79365079365079,44.44444444444444,,,,,
2007-08-28,,极度贪婪,3,87.3015873015873,48.01587301587302,45.238095238095234,,,,,
2007-08-29,,极度贪婪,3,83.33333333333334,42.46031746031746,42.85714285714286,,,,,
2007-08-30,,极度贪婪,3,85.71428571428571,61.50793650793651,43.65079365079365,,,,,
2007-08-31,,极度贪婪,3,85.71428571428571,61.30952380952381,48.412698412698404,,,,,
2007-09-03,,极度贪婪,3,90.87301587301587,83.53174603174604,51.98412698412698,,,,,
2007-09-04,,极度贪婪,3,85.31746031746032,60.71428571428571,49.20634920634921,,,,,
2007-09-05,,极度贪婪,3,83.73015873015873,47.42063492063492,51.58730158730159,,,,,
2007-09-06,,极度贪婪,3,84.52380952380952,54.761904761904766,51.98412698412698,,,,,
2007-09-07,,极度贪婪,3,76.19047619047619,30.952380952380953,48.80952380952381,,,,,
2007-09-10,,极度贪婪,3,78.96825396825396,34.92063492063492,49.20634920634921,,,,,
2007-09-11,,极度贪婪,3,63.49206349206349,12.3015873015873,41.666666666666664,,,,,
2007-09-12,,极度贪婪,3,65.07936507936508,15.873015873015872,46.82539682539682,,,,,
2007-09-13,,极度贪婪,3,71.42857142857143,23.809523809523807,47.61904761904761,,,,,
2007-09-14,,极度贪婪,3,72.61904761904762,25.396825396825395,50.7936507936508,,,,,
2007-09-17,,极度贪婪,3,77.38095238095238,27.579365079365083,51.58730158730159,,,,,
2007-09-18,,极度贪婪,3,73.4126984126984,26.58730158730159,51.19047619047619,,,,,
2007-09-19,,极度贪婪,3,67.85714285714286,23.015873015873016,51.58730158730159,,,,,
2007-09-20,,极度贪婪,3,69.84126984126983,25.992063492063494,55.952380952380956,,,,,
2007-09-21,,极度贪婪,3,66.66666666666666,24.6031746031746,57.142857142857146,,,,,
2007-09-24,,极度贪婪,3,67.46031746031747,25.396825396825395,57.93650793650794,,,,,
2007-09-25,,极度贪婪,3,61.111111111111114,24.6031746031746,57.142857142857146,,,,,
2007-09-26,,极度贪婪,3,55.158730158730165,9.920634920634921,50.7936507936508,,,,,
2007-09-27,,极度贪婪,3,56.74603174603175,21.03174603174603,55.15873015873016,,,,,
2007-09-28,,极度贪婪,3,63.095238095238095,35.714285714285715,58.33333333333333,,,,,
2007-10-08,,极度贪婪,3,66.26984126984127,35.91269841269841,65.87301587301587,,,,,
2007-10-09,,极度贪婪,3,64.68253968253968,39.682539682539684,68.25396825396825,,,,,
2007-10-10,,极度贪婪,3,63.49206349206349,35.317460317460316,69.04761904761905,,,,,
2007-10-11,,极度贪婪,3,67.46031746031747,28.57142857142857,70.23809523809524,,,,,
2007-10-12,,极度贪婪,3,61.50793650793651,19.841269841269842,71.03174603174602,,,,,
2007-10-15,,极度贪婪,3,66.66666666666666,22.61904761904762,69.84126984126985,,,,,
2007-10-16,,极度贪婪,3,69.04761904761905,23.809523809523807,69.44444444444444,,,,,
2007-10-17,,极度贪婪,3,59.92063492063492,23.015873015873016,73.4126984126984,,,,,
2007-10-18,,极度贪婪,3,48.01587301587302,11.904761904761903,61.904761904761905,,,,,
2007-10-19,,极度贪婪,3,46.82539682539682,11.904761904761903,62.301587301587304,,,,,
2007-10-22,,极度贪婪,3,34.12698412698413,6.349206349206349,61.904761904761905,,,,,
2007-10-23,,极度贪婪,3,35.317460317460316,8.333333333333332,62.301587301587304,,,,,
2007-10-24,,极度贪婪,3,36.507936507936506,9.523809523809524,61.904761904761905,,,,,
2007-10-25,,极度贪婪,3,24.6031746031746,4.761904761904762,50.7936507936508,,,,,
2007-10-26,,极度贪婪,3,24.6031746031746,6.15079365079365,53.17460317460318,,,,,
2007-10-29,,极度贪婪,3,27.77777777777778,9.126984126984127,51.19047619047619,,,,,
2007-10-30,,极度贪婪,3,30.555555555555557,12.3015873015873,65.47619047619048,,,,,
2007-10-31,,极度贪婪,3,34.523809523809526,13.492063492063492,65.47619047619048,,,,,
2007-11-01,,极度贪婪,3,27.380952380952383,10.317460317460316,67.46031746031747,,,,,
2007-11-02,,极度贪婪,3,22.22222222222222,8.333333333333332,64.28571428571428,,,,,
2007-11-05,,极度贪婪,3,19.444444444444446,4.365079365079365,64.28571428571428,,,,,
2007-11-06,,极度贪婪,3,18.650793650793652,4.761904761904762,63.492063492063494,,,,,
2007-11-07,,极度贪婪,3,19.047619047619047,5.555555555555555,65.07936507936509,,,,,
2007-11-08,,极度贪婪,3,13.492063492063492,1.1904761904761905,51.58730158730159,,,,,
2007-11-09,,极度贪婪,3,10.714285714285714,2.1825396825396823,51.19047619047619,,,,,
2007-11-12,,极度贪婪,3,9.920634920634921,3.571428571428571,51.58730158730159,,,,,
2007-11-13,,极度贪婪,3,9.126984126984127,1.3888888888888888,52.77777777777778,,,,,
2007-11-14,,极度贪婪,3,12.698412698412698,5.158730158730158,44.44444444444444,,,,,
2007-11-15,,极度贪婪,3,9.920634920634921,5.158730158730158,45.238095238095234,,,,,
2007-11-16,,极度贪婪,3,8.333333333333332,5.952380952380952,48.80952380952381,,,,,
2007-11-19,,极度贪婪,3,7.5396825396825395,13.095238095238097,51.19047619047619,,,,,
2007-11-20,,极度贪婪,3,8.333333333333332,17.261904761904763,48.80952380952381,,,,,
2007-11-21,,极度贪婪,3,6.349206349206349,14.880952380952381,48.01587301587301,,,,,
2007-11-22,,极度贪婪,3,2.380952380952381,3.373015873015873,42.85714285714286,,,,,
2007-11-23,,极度贪婪,3,2.7777777777777777,7.5396825396825395,42.063492063492056,,,,,
2007-11-26,,极度贪婪,3,1.5873015873015872,5.952380952380952,42.85714285714286,,,,,
2007-11-27,,极度贪婪,3,0.3968253968253968,5.158730158730158,43.65079365079365,,,,,
2007-11-28,,极度贪婪,3,0.3968253968253968,6.15079365079365,43.65079365079365,,,,,
2007-11-29,,极度贪婪,3,1.1904761904761905,15.674603174603174,39.682539682539684,,,,,
2007-11-30,,极度贪婪,3,0.7936507936507936,10.912698412698413,39.682539682539684,,,,,
2007-12-03,,极度贪婪,3,1.1904761904761905,14.285714285714285,40.476190476190474,,,,,
2007-12-04,,极度贪婪,3,1.984126984126984,17.46031746031746,40.87301587301587,,,,,
2007-12-05,,极度贪婪,3,3.571428571428571,39.285714285714285,38.49206349206349,,,,,
2007-12-06,,极度贪婪,3,3.571428571428571,37.698412698412696,44.44444444444444,,,,,
2007-12-07,,极度贪婪,3,4.761904761904762,46.82539682539682,44.047619047619044,,,,,
2007-12-10,,极度贪婪,3,5.158730158730158,54.563492063492056,45.238095238095234,,,,,
2007-12-11,,极度贪婪,3,5.158730158730158,54.761904761904766,46.42857142857143,,,,,
2007-12-12,,极度贪婪,3,4.365079365079365,40.476190476190474,48.80952380952381,,,,,
2007-12-13,,极度贪婪,3,0.7936507936507936,30.158730158730158,43.65079365079365,,,,,
2007-12-14,,极度贪婪,3,2.7777777777777777,36.11111111111111,42.063492063492056,,,,,
2007-12-17,,极度贪婪,3,0.3968253968253968,28.174603174603174,42.063492063492056,,,,,
2007-12-18,,极度贪婪,3,0.3968253968253968,26.984126984126984,42.46031746031746,,,,,
2007-12-19,,极度贪婪,3,1.5873015873015872,36.507936507936506,40.07936507936508,,,,,
2007-12-20,,极度贪婪,3,3.968253968253968,41.86507936507937,50.39682539682539,,,,,
2007-12-21,,极度贪婪,3,4.761904761904762,42.857142857142854,50.39682539682539,,,,,
2007-12-24,,极度贪婪,3,7.142857142857142,48.61111111111111,48.01587301587301,,,,,
2007-12-25,,极度贪婪,3,7.142857142857142,44.44444444444444,49.60317460317461,,,,,
2007-12-26,,极度贪婪,3,8.73015873015873,45.23809523809524,60.317460317460316,,,,,
2007-12-27,,极度贪婪,3,10.317460317460316,64.88095238095238,58.730158730158735,,,,,
2007-12-28,,极度贪婪,3,9.523809523809524,59.523809523809526,62.301587301587304,,,,,
2008-01-02,,极度贪婪,3,9.920634920634921,55.158730158730165,62.301587301587304,,,,,
2008-01-03,,极度贪婪,3,11.11111111111111,48.01587301587302,63.492063492063494,,,,,
2008-01-04,,极度贪婪,3,11.904761904761903,57.14285714285714,64.28571428571428,,,,,
2008-01-07,,极度贪婪,3,12.3015873015873,58.730158730158735,81.74603174603175,,,,,
2008-01-08,,极度贪婪,3,12.3015873015873,60.317460317460316,82.53968253968254,,,,,
2008-01-09,,极度贪婪,3,13.492063492063492,62.698412698412696,84.52380952380952,,,,,
2008-01-10,,极度贪婪,3,14.285714285714285,62.89682539682539,88.88888888888889,,,,,
2008-01-11,,极度贪婪,3,14.682539682539684,64.68253968253968,91.26984126984127,,,,,
2008-01-14,,极度贪婪,3,15.476190476190476,63.095238095238095,96.42857142857143,,,,,
2008-01-15,,极度贪婪,3,13.88888888888889,63.29365079365079,96.82539682539682,,,,,
2008-01-16,,极度贪婪,3,8.73015873015873,49.60317460317461,94.84126984126985,,,,,
2008-01-17,,极度贪婪,3,4.365079365079365,26.984126984126984,88.88888888888889,,,,,
2008-01-18,,极度贪婪,3,5.158730158730158,28.57142857142857,93.65079365079364,,,,,
2008-01-21,,极度贪婪,3,0.3968253968253968,13.492063492063492,78.57142857142857,,,,,
2008-01-22,,极度贪婪,3,0.3968253968253968,0.5952380952380952,38.095238095238095,,,,,
2008-01-23,,极度贪婪,3,0.7936507936507936,7.5396825396825395,33.33333333333334,,,,,
2008-01-24,,极度贪婪,3,1.1904761904761905,14.285714285714285,32.53968253968253,,,,,
2008-01-25,,极度贪婪,3,1.5873015873015872,13.88888888888889,33.730158730158735,,,,,
2008-01-28,,极度贪婪,3,0.3968253968253968,1.5873015873015872,23.015873015873012,,,,,
2008-01-29,,极度贪婪,3,0.7936507936507936,1.7857142857142856,25.396825396825392,,,,,
2008-01-30,,极度贪婪,3,0.3968253968253968,0.7936507936507936,28.174603174603178,,,,,
2008-01-31,,极度贪婪,3,0.3968253968253968,0.992063492063492,25.793650793650784,,,,,
2008-02-01,,极度贪婪,3,0.3968253968253968,1.1904761904761905,29.365079365079367,,,,,
2008-02-04,,极度贪婪,3,2.7777777777777777,9.126984126984127,5.952380952380949,,,,,
2008-02-05,,极度贪婪,3,2.7777777777777777,7.5396825396825395,6.746031746031747,,,,,
2008-02-13,,极度贪婪,3,1.984126984126984,6.349206349206349,7.539682539682531,,,,,
2008-02-14,,极度贪婪,3,2.7777777777777777,14.682539682539684,6.349206349206355,,,,,
2008-02-15,,极度贪婪,3,1.5873015873015872,15.079365079365079,6.349206349206355,,,,,
2008-02-18,,极度贪婪,3,3.968253968253968,32.142857142857146,5.952380952380949,,,,,
2008-02-19,,极度贪婪,3,5.158730158730158,44.84126984126984,4.761904761904773,,,,,
2008-02-20,,极度贪婪,3,3.1746031746031744,38.095238095238095,4.365079365079367,,,,,
2008-02-21,,极度贪婪,3,2.380952380952381,38.492063492063494,5.158730158730165,,,,,
2008-02-22,,极度贪婪,3,0.7936507936507936,31.746031746031743,3.1746031746031775,,,,,
2008-02-25,,极度贪婪,3,0.3968253968253968,19.047619047619047,3.1746031746031775,,,,,
2008-02-26,,极度贪婪,3,0.3968253968253968,13.88888888888889,3.1746031746031775,,,,,
2008-02-27,,极度贪婪,3,1.1904761904761905,30.555555555555557,2.3809523809523796,,,,,
2008-02-28,,极度贪婪,3,1.1904761904761905,32.142857142857146,3.1746031746031775,,,,,
2008-02-29,,极度贪婪,3,1.984126984126984,35.714285714285715,2.7777777777777857,,,,,
2008-03-03,,极度贪婪,3,3.1746031746031744,42.06349206349206,1.5873015873015959,,,,,
2008-03-04,,极度贪婪,3,1.5873015873015872,36.507936507936506,1.5873015873015959,,,,,
2008-03-05,,极度贪婪,3,1.1904761904761905,36.11111111111111,2.3809523809523796,,,,,
2008-03-06,,极度贪婪,3,1.984126984126984,36.904761904761905,3.5714285714285694,,,,,
2008-03-07,,极度贪婪,3,1.1904761904761905,32.53968253968254,3.9682539682539613,,,,,
2008-03-10,,极度贪婪,3,0.3968253968253968,12.896825396825399,5.952380952380949,,,,,
2008-03-11,,极度贪婪,3,0.7936507936507936,22.023809523809522,20.634920634920633,,,,,
2008-03-12,,极度贪婪,3,0.3968253968253968,10.714285714285714,24.206349206349216,,,,,
2008-03-13,,极度贪婪,3,0.3968253968253968,4.761904761904762,23.015873015873012,,,,,
2008-03-14,,极度贪婪,3,0.3968253968253968,2.380952380952381,25.0,,,,,
2008-03-17,,极度贪婪,3,0.3968253968253968,2.579365079365079,34.52380952380952,,,,,
2008-03-18,,极度贪婪,3,0.3968253968253968,2.7777777777777777,27.38095238095238,,,,,
2008-03-19,,极度贪婪,3,0.7936507936507936,2.976190476190476,20.238095238095227,,,,,
2008-03-20,,极度贪婪,3,1.5873015873015872,3.1746031746031744,17.46031746031747,,,,,
2008-03-21,,极度贪婪,3,1.984126984126984,3.373015873015873,16.666666666666657,,,,,
2008-03-24,,极度贪婪,3,0.7936507936507936,3.571428571428571,38.49206349206349,,,,,
2008-03-25,,极度贪婪,3,1.1904761904761905,3.7698412698412698,35.71428571428571,,,,,
2008-03-26,,极度贪婪,3,1.984126984126984,8.134920634920634,35.71428571428571,,,,,
2008-03-27,,极度贪婪,3,0.3968253968253968,8.333333333333332,34.52380952380952,,,,,
2008-03-28,,极度贪婪,3,1.984126984126984,17.46031746031746,23.80952380952381,,,,,
2008-03-31,,极度贪婪,3,0.7936507936507936,14.484126984126986,25.396825396825392,,,,,
2008-04-01,,极度贪婪,3,0.3968253968253968,10.912698412698413,19.444444444444443,,,,,
2008-04-02,,极度贪婪,3,0.3968253968253968,17.658730158730158,19.841269841269835,,,,,
2008-04-03,,极度贪婪,3,1.1904761904761905,20.238095238095237,15.476190476190482,,,,,
2008-04-07,,极度贪婪,3,2.7777777777777777,30.555555555555557,8.333333333333343,,,,,
2008-04-08,,极度贪婪,3,3.1746031746031744,33.730158730158735,13.095238095238088,,,,,
2008-04-09,,极度贪婪,3,1.5873015873015872,16.666666666666664,6.349206349206355,,,,,
2008-04-10,,极度贪婪,3,1.984126984126984,30.158730158730158,6.746031746031747,,,,,
2008-04-11,,极度贪婪,3,2.7777777777777777,33.730158730158735,6.746031746031747,,,,,
2008-04-14,,极度贪婪,3,0.3968253968253968,13.88888888888889,1.1904761904761898,,,,,
2008-04-15,,极度贪婪,3,1.1904761904761905,19.047619047619047,2.3809523809523796,,,,,
2008-04-16,,极度贪婪,3,0.3968253968253968,17.261904761904763,2.7777777777777857,,,,,
2008-04-17,,极度贪婪,3,0.3968253968253968,11.11111111111111,1.9841269841269877,,,,,
2008-04-18,,极度贪婪,3,0.3968253968253968,11.30952380952381,1.9841269841269877,,,,,
2008-04-21,,极度贪婪,3,0.3968253968253968,14.880952380952381,1.9841269841269877,,,,,
2008-04-22,,极度贪婪,3,1.1904761904761905,20.238095238095237,4.365079365079367,,,,,
2008-04-23,,极度贪婪,3,1.984126984126984,31.746031746031743,0.0,,,,,
2008-04-24,,极度贪婪,3,5.555555555555555,61.904761904761905,0.0,,,,,
2008-04-25,,极度贪婪,3,6.746031746031746,67.06349206349206,0.39682539682539186,,,,,
2008-04-28,,极度贪婪,3,5.158730158730158,63.095238095238095,0.39682539682539186,,,,,
2008-04-29,,极度贪婪,3,5.952380952380952,72.61904761904762,1.1904761904761898,,,,,
2008-04-30,,极度贪婪,3,9.920634920634921,93.65079365079364,1.5873015873015959,,,,,
2008-05-05,,极度贪婪,3,11.904761904761903,96.82539682539682,1.9841269841269877,,,,,
2008-05-06,,极度贪婪,3,11.904761904761903,96.82539682539682,2.3809523809523796,,,,,
2008-05-07,,极度贪婪,3,7.936507936507936,79.96031746031747,1.1904761904761898,,,,,
2008-05-08,,极度贪婪,3,9.523809523809524,93.84920634920636,2.3809523809523796,,,,,
2008-05-09,,极度贪婪,3,9.126984126984127,75.39682539682539,2.3809523809523796,,,,,
2008-05-12,,极度贪婪,3,9.920634920634921,85.11904761904762,2.3809523809523796,,,,,
2008-05-13,,极度贪婪,3,8.73015873015873,71.03174603174604,4.365079365079367,,,,,
2008-05-14,,极度贪婪,3,12.3015873015873,94.84126984126983,4.761904761904773,,,,,
2008-05-15,,极度贪婪,3,11.904761904761903,95.03968253968253,5.158730158730165,,,,,
2008-05-16,,极度贪婪,3,11.904761904761903,93.25396825396825,5.952380952380949,,,,,
2008-05-19,,极度贪婪,3,10.714285714285714,68.65079365079364,6.349206349206355,,,,,
2008-05-20,,极度贪婪,3,4.761904761904762,38.2936507936508,5.555555555555557,,,,,
2008-05-21,,极度贪婪,3,5.952380952380952,46.42857142857143,7.142857142857139,,,,,
2008-05-22,,极度贪婪,3,5.158730158730158,37.301587301587304,6.746031746031747,,,,,
2008-05-23,,极度贪婪,3,4.365079365079365,30.555555555555557,11.507936507936506,,,,,
2008-05-26,,极度贪婪,3,2.7777777777777777,19.642857142857142,9.523809523809518,,,,,
2008-05-27,,极度贪婪,3,3.571428571428571,21.03174603174603,9.920634920634924,,,,,
2008-05-28,,极度贪婪,3,5.555555555555555,23.61111111111111,20.238095238095227,,,,,
2008-05-29,,极度贪婪,3,3.968253968253968,20.833333333333336,19.04761904761905,,,,,
2008-05-30,,极度贪婪,3,5.158730158730158,21.626984126984127,21.42857142857143,,,,,
2008-06-02,,极度贪婪,3,5.555555555555555,27.77777777777778,26.587301587301596,,,,,
2008-06-03,,极度贪婪,3,5.555555555555555,21.03174603174603,29.761904761904773,,,,,
2008-06-04,,极度贪婪,3,2.7777777777777777,11.11111111111111,28.57142857142857,,,,,
2008-06-05,,极度贪婪,3,2.7777777777777777,13.492063492063492,28.57142857142857,,,,,
2008-06-06,,极度贪婪,3,2.380952380952381,9.126984126984127,34.12698412698413,,,,,
2008-06-10,,极度贪婪,3,0.3968253968253968,3.968253968253968,50.0,,,,,
2008-06-11,,极度贪婪,3,0.3968253968253968,4.166666666666666,49.20634920634921,,,,,
2008-06-12,,极度贪婪,3,0.3968253968253968,4.365079365079365,49.60317460317461,,,,,
2008-06-13,,极度贪婪,3,0.3968253968253968,4.563492063492063,47.22222222222222,,,,,
2008-06-16,,极度贪婪,3,0.3968253968253968,4.761904761904762,56.74603174603175,,,,,
2008-06-17,,极度贪婪,3,0.3968253968253968,4.9603174603174605,56.74603174603175,,,,,
2008-06-18,,极度贪婪,3,1.5873015873015872,5.158730158730158,44.44444444444444,,,,,
2008-06-19,,极度贪婪,3,0.3968253968253968,5.357142857142857,32.53968253968253,,,,,
2008-06-20,,极度贪婪,3,1.1904761904761905,5.555555555555555,32.14285714285714,,,,,
2008-06-23,,极度贪婪,3,0.7936507936507936,5.753968253968254,31.349206349206355,,,,,
2008-06-24,,极度贪婪,3,1.984126984126984,5.952380952380952,30.158730158730165,,,,,
2008-06-25,,极度贪婪,3,3.1746031746031744,6.15079365079365,22.222222222222214,,,,,
2008-06-26,,极度贪婪,3,3.968253968253968,6.349206349206349,28.96825396825396,,,,,
2008-06-27,,极度贪婪,3,1.1904761904761905,6.547619047619048,19.444444444444443,,,,,
2008-06-30,,极度贪婪,3,1.1904761904761905,6.746031746031746,20.238095238095227,,,,,
2008-07-01,,极度贪婪,3,0.3968253968253968,6.944444444444445,18.650793650793645,,,,,
2008-07-02,,极度贪婪,3,0.7936507936507936,14.484126984126986,26.587301587301596,,,,,
2008-07-03,,极度贪婪,3,1.5873015873015872,39.682539682539684,24.603174603174608,,,,,
2008-07-04,,极度贪婪,3,1.5873015873015872,42.46031746031746,25.0,,,,,
2008-07-07,,极度贪婪,3,4.761904761904762,56.74603174603175,12.301587301587304,,,,,
2008-07-08,,极度贪婪,3,5.158730158730158,61.50793650793651,15.079365079365076,,,,,
2008-07-09,,极度贪婪,3,7.5396825396825395,78.37301587301587,8.333333333333343,,,,,
2008-07-10,,极度贪婪,3,7.5396825396825395,76.19047619047619,12.301587301587304,,,,,
2008-07-11,,极度贪婪,3,7.5396825396825395,74.60317460317461,13.492063492063494,,,,,
2008-07-14,,极度贪婪,3,8.333333333333332,76.78571428571429,13.888888888888886,,,,,
2008-07-15,,极度贪婪,3,4.761904761904762,56.74603174603175,9.523809523809518,,,,,
2008-07-16,,极度贪婪,3,2.380952380952381,43.25396825396825,7.936507936507937,,,,,
2008-07-17,,极度贪婪,3,1.1904761904761905,36.11111111111111,8.333333333333343,,,,,
2008-07-18,,极度贪婪,3,5.555555555555555,52.38095238095239,5.952380952380949,,,,,
2008-07-21,,极度贪婪,3,7.936507936507936,72.42063492063492,5.555555555555557,,,,,
2008-07-22,,极度贪婪,3,7.5396825396825395,72.22222222222221,18.650793650793645,,,,,
2008-07-23,,极度贪婪,3,7.5396825396825395,69.04761904761905,19.841269841269835,,,,,
2008-07-24,,极度贪婪,3,11.507936507936508,78.96825396825396,15.079365079365076,,,,,
2008-07-25,,极度贪婪,3,10.714285714285714,72.81746031746032,20.634920634920633,,,,,
2008-07-28,,极度贪婪,3,11.904761904761903,75.39682539682539,21.03174603174604,,,,,
2008-07-29,,极度贪婪,3,9.126984126984127,64.28571428571429,23.412698412698404,,,,,
2008-07-30,,极度贪婪,3,7.936507936507936,56.74603174603175,33.730158730158735,,,,,
2008-07-31,,极度贪婪,3,5.952380952380952,27.18253968253968,48.412698412698404,,,,,
2008-08-01,,极度贪婪,3,7.142857142857142,42.06349206349206,50.39682539682539,,,,,
2008-08-04,,极度贪婪,3,5.158730158730158,30.158730158730158,50.0,,,,,
2008-08-05,,极度贪婪,3,2.7777777777777777,18.452380952380953,49.60317460317461,,,,,
2008-08-06,,极度贪婪,3,4.365079365079365,32.93650793650794,51.98412698412698,,,,,
2008-08-07,,极度贪婪,3,4.761904761904762,31.349206349206348,51.98412698412698,,,,,
2008-08-08,,极度贪婪,3,0.3968253968253968,7.142857142857142,53.96825396825397,,,,,
2008-08-11,,极度贪婪,3,0.3968253968253968,7.341269841269842,49.20634920634921,,,,,
2008-08-12,,极度贪婪,3,0.3968253968253968,7.5396825396825395,50.39682539682539,,,,,
2008-08-13,,极度贪婪,3,0.7936507936507936,7.738095238095238,50.39682539682539,,,,,
2008-08-14,,极度贪婪,3,1.5873015873015872,20.238095238095237,51.19047619047619,,,,,
2008-08-15,,极度贪婪,3,1.984126984126984,20.436507936507937,50.7936507936508,,,,,
2008-08-18,,极度贪婪,3,0.3968253968253968,16.26984126984127,52.77777777777778,,,,,
2008-08-19,,极度贪婪,3,0.7936507936507936,16.46825396825397,51.58730158730159,,,,,
2008-08-20,,极度贪婪,3,3.1746031746031744,23.61111111111111,38.49206349206349,,,,,
2008-08-21,,极度贪婪,3,3.1746031746031744,16.666666666666664,35.71428571428571,,,,,
2008-08-22,,极度贪婪,3,1.5873015873015872,18.849206349206348,35.71428571428571,,,,,
2008-08-25,,极度贪婪,3,1.984126984126984,24.6031746031746,36.904761904761905,,,,,
2008-08-26,,极度贪婪,3,1.1904761904761905,22.22222222222222,40.07936507936508,,,,,
2008-08-27,,极度贪婪,3,1.1904761904761905,22.42063492063492,42.063492063492056,,,,,
2008-08-28,,极度贪婪,3,1.984126984126984,26.984126984126984,41.666666666666664,,,,,
2008-08-29,,极度贪婪,3,4.761904761904762,42.46031746031746,44.44444444444444,,,,,
2008-09-01,,极度贪婪,3,1.984126984126984,27.18253968253968,47.22222222222222,,,,,
2008-09-02,,极度贪婪,3,0.7936507936507936,27.380952380952383,47.61904761904761,,,,,
2008-09-03,,极度贪婪,3,0.3968253968253968,27.579365079365083,47.22222222222222,,,,,
2008-09-04,,极度贪婪,3,1.1904761904761905,27.77777777777778,53.96825396825397,,,,,
2008-09-05,,极度贪婪,3,0.3968253968253968,7.936507936507936,52.77777777777778,,,,,
2008-09-08,,极度贪婪,3,0.3968253968253968,17.261904761904763,53.57142857142857,,,,,
2008-09-09,,极度贪婪,3,0.7936507936507936,17.46031746031746,52.77777777777778,,,,,
2008-09-10,,极度贪婪,3,1.1904761904761905,23.809523809523807,52.38095238095239,,,,,
2008-09-11,,极度贪婪,3,0.3968253968253968,24.00793650793651,51.98412698412698,,,,,
2008-09-12,,极度贪婪,3,0.7936507936507936,24.206349206349206,53.57142857142857,,,,,
2008-09-16,,极度贪婪,3,0.3968253968253968,8.333333333333332,51.19047619047619,,,,,
2008-09-17,,极度贪婪,3,0.3968253968253968,8.531746031746032,47.61904761904761,,,,,
2008-09-18,,极度贪婪,3,0.3968253968253968,8.73015873015873,49.60317460317461,,,,,
2008-09-19,,极度贪婪,3,2.380952380952381,51.388888888888886,10.317460317460316,,,,,
2008-09-22,,极度贪婪,3,6.349206349206349,75.39682539682539,6.349206349206355,,,,,
2008-09-23,,极度贪婪,3,4.365079365079365,59.92063492063492,7.142857142857139,,,,,
2008-09-24,,极度贪婪,3,4.761904761904762,63.49206349206349,7.142857142857139,,,,,
2008-09-25,,极度贪婪,3,9.126984126984127,77.18253968253968,5.952380952380949,,,,,
2008-09-26,,极度贪婪,3,10.714285714285714,80.15873015873017,5.555555555555557,,,,,
2008-10-06,,极度贪婪,3,5.158730158730158,66.86507936507937,4.761904761904773,,,,,
2008-10-07,,极度贪婪,3,4.761904761904762,65.87301587301587,7.142857142857139,,,,,
2008-10-08,,极度贪婪,3,3.1746031746031744,56.34920634920635,5.952380952380949,,,,,
2008-10-09,,极度贪婪,3,2.380952380952381,52.77777777777778,25.0,,,,,
2008-10-10,,极度贪婪,3,1.1904761904761905,33.13492063492063,22.61904761904762,,,,,
2008-10-13,,极度贪婪,3,3.1746031746031744,44.642857142857146,12.698412698412696,,,,,
2008-10-14,,极度贪婪,3,1.984126984126984,29.761904761904763,11.904761904761912,,,,,
2008-10-15,,极度贪婪,3,1.984126984126984,29.96031746031746,13.492063492063494,,,,,
2008-10-16,,极度贪婪,3,0.7936507936507936,27.18253968253968,9.920634920634924,,,,,
2008-10-17,,极度贪婪,3,1.5873015873015872,27.380952380952383,9.523809523809518,,,,,
2008-10-20,,极度贪婪,3,3.1746031746031744,40.87301587301587,8.730158730158735,,,,,
2008-10-21,,极度贪婪,3,2.7777777777777777,37.301587301587304,9.920634920634924,,,,,
2008-10-22,,极度贪婪,3,1.984126984126984,20.436507936507937,9.523809523809518,,,,,
2008-10-23,,极度贪婪,3,2.380952380952381,37.89682539682539,9.920634920634924,,,,,
2008-10-24,,极度贪婪,3,1.1904761904761905,9.523809523809524,9.126984126984127,,,,,
2008-10-27,,极度贪婪,3,0.3968253968253968,9.722222222222223,5.158730158730165,,,,,
2008-10-28,,极度贪婪,3,0.7936507936507936,9.920634920634921,4.365079365079367,,,,,
2008-10-29,,极度贪婪,3,0.7936507936507936,10.119047619047619,3.9682539682539613,,,,,
2008-10-30,,极度贪婪,3,1.5873015873015872,22.22222222222222,1.9841269841269877,,,,,
2008-10-31,,极度贪婪,3,1.1904761904761905,29.166666666666668,4.365079365079367,,,,,
2008-11-03,,极度贪婪,3,1.1904761904761905,29.365079365079367,4.761904761904773,,,,,
2008-11-04,,极度贪婪,3,0.7936507936507936,29.563492063492063,6.349206349206355,,,,,
2008-11-05,,极度贪婪,3,3.1746031746031744,45.23809523809524,3.9682539682539613,,,,,
2008-11-06,,极度贪婪,3,2.380952380952381,22.42063492063492,3.1746031746031775,,,,,
2008-11-07,,极度贪婪,3,3.968253968253968,43.84920634920635,24.603174603174608,,,,,
2008-11-10,,极度贪婪,3,9.523809523809524,78.17460317460318,19.444444444444443,,,,,
2008-11-11,,极度贪婪,3,9.126984126984127,75.39682539682539,21.825396825396822,,,,,
2008-11-12,,极度贪婪,3,10.714285714285714,81.74603174603175,21.825396825396822,,,,,
2008-11-13,,极度贪婪,3,14.682539682539684,95.63492063492063,21.825396825396822,,,,,
2008-11-14,,极度贪婪,3,20.238095238095237,96.62698412698413,17.85714285714286,,,,,
2008-11-17,,极度贪婪,3,23.41269841269841,96.42857142857143,23.015873015873012,,,,,
2008-11-18,,极度贪婪,3,14.285714285714285,90.27777777777779,9.920634920634924,,,,,
2008-11-19,,极度贪婪,3,21.825396825396826,96.23015873015873,7.142857142857139,,,,,
2008-11-20,,极度贪婪,3,21.428571428571427,92.85714285714286,7.539682539682531,,,,,
2008-11-21,,极度贪婪,3,21.428571428571427,92.65873015873017,9.920634920634924,,,,,
2008-11-24,,极度贪婪,3,15.873015873015872,80.55555555555556,9.920634920634924,,,,,
2008-11-25,,极度贪婪,3,16.666666666666664,82.53968253968253,10.714285714285708,,,,,
2008-11-26,,极度贪婪,3,17.46031746031746,80.75396825396825,11.111111111111114,,,,,
2008-11-27,,极度贪婪,3,19.841269841269842,83.73015873015873,15.873015873015873,,,,,
2008-11-28,,极度贪婪,3,17.46031746031746,73.4126984126984,15.079365079365076,,,,,
2008-12-01,,极度贪婪,3,21.825396825396826,77.18253968253968,17.85714285714286,,,,,
2008-12-02,,极度贪婪,3,23.41269841269841,75.0,18.650793650793645,,,,,
2008-12-03,,极度贪婪,3,30.158730158730158,85.31746031746032,14.682539682539684,,,,,
2008-12-04,,极度贪婪,3,30.555555555555557,90.47619047619048,14.682539682539684,,,,,
2008-12-05,,极度贪婪,3,31.746031746031743,96.03174603174604,17.46031746031747,,,,,
2008-12-08,,极度贪婪,3,37.301587301587304,99.20634920634922,41.269841269841265,,,,,
2008-12-09,,极度贪婪,3,33.33333333333333,99.0079365079365,38.888888888888886,,,,,
2008-12-10,,极度贪婪,3,38.88888888888889,98.80952380952381,43.65079365079365,,,,,
2008-12-11,,极度贪婪,3,36.11111111111111,98.61111111111111,40.07936507936508,,,,,
2008-12-12,,极度贪婪,3,31.349206349206348,78.17460317460318,27.777777777777786,,,,,
2008-12-15,,极度贪婪,3,32.53968253968254,92.65873015873017,29.365079365079367,,,,,
2008-12-16,,极度贪婪,3,33.730158730158735,84.32539682539682,33.730158730158735,,,,,
2008-12-17,,极度贪婪,3,35.714285714285715,87.6984126984127,41.666666666666664,,,,,
2008-12-18,,极度贪婪,3,40.476190476190474,98.4126984126984,46.03174603174603,,,,,
2008-12-19,,极度贪婪,3,42.46031746031746,98.21428571428571,46.42857142857143,,,,,
2008-12-22,,极度贪婪,3,39.285714285714285,94.44444444444444,59.92063492063492,,,,,
2008-12-23,,极度贪婪,3,32.142857142857146,61.111111111111114,52.77777777777778,,,,,
2008-12-24,,极度贪婪,3,30.555555555555557,52.38095238095239,51.19047619047619,,,,,
2008-12-25,,极度贪婪,3,30.555555555555557,51.78571428571429,58.33333333333333,,,,,
2008-12-26,,极度贪婪,3,30.555555555555557,39.682539682539684,61.11111111111111,,,,,
2008-12-29,,极度贪婪,3,30.952380952380953,35.11904761904761,63.88888888888889,,,,,
2008-12-30,,极度贪婪,3,30.555555555555557,42.06349206349206,86.5079365079365,,,,,
2008-12-31,,极度贪婪,3,30.555555555555557,41.269841269841265,91.66666666666667,,,,,
2009-01-05,,极度贪婪,3,36.11111111111111,55.55555555555556,91.26984126984127,,,,,
2009-01-06,,极度贪婪,3,42.46031746031746,68.65079365079364,91.26984126984127,,,,,
2009-01-07,,极度贪婪,3,42.06349206349206,67.85714285714286,92.46031746031746,,,,,
2009-01-08,,极度贪婪,3,37.301587301587304,61.904761904761905,92.46031746031746,,,,,
2009-01-09,,极度贪婪,3,43.65079365079365,69.84126984126983,92.06349206349206,,,,,
2009-01-12,,极度贪婪,3,45.63492063492063,71.03174603174604,92.85714285714286,,,,,
2009-01-13,,极度贪婪,3,39.682539682539684,63.888888888888886,92.85714285714286,,,,,
2009-01-14,,极度贪婪,3,50.0,77.77777777777779,91.26984126984127,,,,,
2009-01-15,,极度贪婪,3,51.19047619047619,79.76190476190477,91.26984126984127,,,,,
2009-01-16,,极度贪婪,3,55.952380952380956,84.92063492063492,94.84126984126985,,,,,
2009-01-19,,极度贪婪,3,58.730158730158735,86.90476190476191,95.23809523809524,,,,,
2009-01-20,,极度贪婪,3,59.92063492063492,88.09523809523809,95.63492063492063,,,,,
2009-01-21,,极度贪婪,3,60.317460317460316,83.33333333333334,96.82539682539682,,,,,
2009-01-22,,极度贪婪,3,61.111111111111114,87.89682539682539,97.22222222222223,,,,,
2009-01-23,,极度贪婪,3,61.111111111111114,85.71428571428571,97.61904761904762,,,,,
2009-02-02,,极度贪婪,3,62.301587301587304,90.87301587301587,98.01587301587301,,,,,
2009-02-03,,极度贪婪,3,63.49206349206349,95.23809523809523,98.41269841269842,,,,,
2009-02-04,,极度贪婪,3,64.68253968253968,98.01587301587301,98.41269841269842,,,,,
2009-02-05,,极度贪婪,3,64.28571428571429,97.81746031746032,98.41269841269842,,,,,
2009-02-06,,极度贪婪,3,67.46031746031747,97.61904761904762,97.61904761904762,,,,,
2009-02-09,,极度贪婪,3,71.82539682539682,97.42063492063492,97.22222222222223,,,,,
2009-02-10,,极度贪婪,3,74.60317460317461,97.22222222222221,96.82539682539682,,,,,
2009-02-11,,极度贪婪,3,75.39682539682539,97.02380952380952,97.61904761904762,,,,,
2009-02-12,,极度贪婪,3,75.0,96.82539682539682,99.60317460317461,,,,,
2009-02-13,,极度贪婪,3,80.55555555555556,96.62698412698413,99.2063492063492,,,,,
2009-02-16,,极度贪婪,3,86.90476190476191,96.42857142857143,98.80952380952381,,,,,
2009-02-17,,极度贪婪,3,81.34920634920636,90.07936507936508,98.01587301587301,,,,,
2009-02-18,,极度贪婪,3,74.20634920634922,86.30952380952381,93.65079365079364,,,,,
2009-02-19,,极度贪婪,3,76.5873015873016,83.33333333333334,94.04761904761905,,,,,
2009-02-20,,极度贪婪,3,81.34920634920636,90.47619047619048,94.04761904761905,,,,,
2009-02-23,,极度贪婪,3,88.09523809523809,89.48412698412699,94.44444444444444,,,,,
2009-02-24,,极度贪婪,3,79.36507936507937,69.84126984126983,91.26984126984127,,,,,
2009-02-25,,极度贪婪,3,80.55555555555556,70.63492063492063,91.66666666666667,,,,,
2009-02-26,,极度贪婪,3,71.82539682539682,46.82539682539682,85.71428571428572,,,,,
2009-02-27,,极度贪婪,3,69.44444444444444,17.857142857142858,84.52380952380952,,,,,
2009-03-02,,极度贪婪,3,72.22222222222221,18.055555555555554,83.73015873015873,,,,,
2009-03-03,,极度贪婪,3,71.42857142857143,23.41269841269841,85.31746031746032,,,,,
2009-03-04,,极度贪婪,3,84.12698412698413,58.730158730158735,76.5873015873016,,,,,
2009-03-05,,极度贪婪,3,86.90476190476191,61.904761904761905,76.5873015873016,,,,,
2009-03-06,,极度贪婪,3,86.11111111111111,55.158730158730165,76.19047619047619,,,,,
2009-03-09,,极度贪婪,3,78.57142857142857,36.507936507936506,67.46031746031747,,,,,
2009-03-10,,极度贪婪,3,83.73015873015873,46.82539682539682,65.47619047619048,,,,,
2009-03-11,,极度贪婪,3,82.53968253968253,39.285714285714285,65.07936507936509,,,,,
2009-03-12,,极度贪婪,3,83.33333333333334,46.42857142857143,65.07936507936509,,,,,
2009-03-13,,极度贪婪,3,83.33333333333334,44.44444444444444,65.07936507936509,,,,,
2009-03-16,,极度贪婪,3,89.28571428571429,54.96031746031746,63.88888888888889,,,,,
2009-03-17,,极度贪婪,3,96.42857142857143,76.78571428571429,61.904761904761905,,,,,
2009-03-18,,极度贪婪,3,97.22222222222221,81.34920634920636,63.492063492063494,,,,,
2009-03-19,,极度贪婪,3,98.01587301587301,96.23015873015873,62.301587301587304,,,,,
2009-03-20,,极度贪婪,3,98.4126984126984,96.03174603174604,70.23809523809524,,,,,
2009-03-23,,极度贪婪,3,99.60317460317461,95.83333333333334,70.23809523809524,,,,,
2009-03-24,,极度贪婪,3,100.0,95.63492063492063,72.22222222222223,,,,,
2009-03-25,,极度贪婪,3,99.20634920634922,95.43650793650794,66.66666666666667,,,,,
2009-03-26,,极度贪婪,3,100.0,95.23809523809523,61.507936507936506,,,,,
2009-03-27,,极度贪婪,3,100.0,95.03968253968253,68.25396825396825,,,,,
2009-03-30,,极度贪婪,3,99.60317460317461,94.84126984126983,74.2063492063492,,,,,
2009-03-31,,极度贪婪,3,100.0,94.64285714285714,78.96825396825398,,,,,
2009-04-01,,极度贪婪,3,100.0,94.44444444444444,87.3015873015873,,,,,
2009-04-02,,极度贪婪,3,100.0,94.24603174603175,86.9047619047619,,,,,
2009-04-03,,极度贪婪,3,99.60317460317461,94.04761904761905,87.3015873015873,,,,,
2009-04-07,,极度贪婪,3,100.0,93.65079365079364,87.3015873015873,,,,,
2009-04-08,,极度贪婪,3,98.01587301587301,68.65079365079364,89.28571428571429,,,,,
2009-04-09,,极度贪婪,3,98.4126984126984,77.77777777777779,88.4920634920635,,,,,
2009-04-10,,极度贪婪,3,100.0,93.45238095238095,93.25396825396825,,,,,
2009-04-13,,极度贪婪,3,100.0,93.25396825396825,94.44444444444444,,,,,
2009-04-14,,极度贪婪,3,100.0,93.05555555555556,94.44444444444444,,,,,
2009-04-15,,极度贪婪,3,100.0,92.85714285714286,95.23809523809524,,,,,
2009-04-16,,极度贪婪,3,100.0,92.65873015873017,99.60317460317461,,,,,
2009-04-17,,极度贪婪,3,98.80952380952381,92.46031746031747,99.2063492063492,,,,,
2009-04-20,,极度贪婪,3,100.0,92.46031746031747,98.80952380952381,,,,,
2009-04-21,,极度贪婪,3,99.60317460317461,92.46031746031747,99.60317460317461,,,,,
2009-04-22,,极度贪婪,3,97.22222222222221,56.34920634920635,97.61904761904762,,,,,
2009-04-23,,极度贪婪,3,97.22222222222221,57.936507936507944,98.41269841269842,,,,,
2009-04-24,,极度贪婪,3,96.82539682539682,51.98412698412699,97.22222222222223,,,,,
2009-04-27,,极度贪婪,3,95.23809523809523,42.06349206349206,95.63492063492063,,,,,
2009-04-28,,极度贪婪,3,95.63492063492063,44.44444444444444,95.63492063492063,,,,,
2009-04-29,,极度贪婪,3,97.22222222222221,56.34920634920635,95.63492063492063,,,,,
2009-04-30,,极度贪婪,3,98.01587301587301,60.317460317460316,95.23809523809524,,,,,
2009-05-04,,极度贪婪,3,100.0,83.73015873015873,93.65079365079364,,,,,
2009-05-05,,极度贪婪,3,100.0,80.15873015873017,93.65079365079364,,,,,
2009-05-06,,极度贪婪,3,100.0,83.53174603174604,94.04761904761905,,,,,
2009-05-07,,极度贪婪,3,100.0,74.60317460317461,93.65079365079364,,,,,
2009-05-08,,极度贪婪,3,100.0,76.38888888888889,96.42857142857143,,,,,
2009-05-11,,极度贪婪,3,98.80952380952381,55.952380952380956,96.82539682539682,,,,,
2009-05-12,,极度贪婪,3,100.0,65.47619047619048,94.84126984126985,,,,,
2009-05-13,,极度贪婪,3,100.0,69.84126984126983,94.84126984126985,,,,,
2009-05-14,,极度贪婪,3,99.60317460317461,71.82539682539682,94.04761904761905,,,,,
2009-05-15,,极度贪婪,3,99.60317460317461,74.8015873015873,94.84126984126985,,,,,
2009-05-18,,极度贪婪,3,100.0,78.17460317460318,94.84126984126985,,,,,
2009-05-19,,极度贪婪,3,100.0,85.11904761904762,94.44444444444444,,,,,
2009-05-20,,极度贪婪,3,99.60317460317461,67.46031746031747,92.85714285714286,,,,,
2009-05-21,,极度贪婪,3,97.22222222222221,55.952380952380956,99.2063492063492,,,,,
2009-05-22,,极度贪婪,3,96.82539682539682,54.36507936507936,99.2063492063492,,,,,
2009-05-25,,极度贪婪,3,97.61904761904762,54.166666666666664,99.2063492063492,,,,,
2009-05-26,,极度贪婪,3,95.63492063492063,50.0,99.60317460317461,,,,,
2009-05-27,,极度贪婪,3,98.4126984126984,53.17460317460318,99.2063492063492,,,,,
2009-06-01,,极度贪婪,3,100.0,61.70634920634921,96.82539682539682,,,,,
2009-06-02,,极度贪婪,3,100.0,67.06349206349206,97.22222222222223,,,,,
2009-06-03,,极度贪婪,3,100.0,70.83333333333334,96.03174603174604,,,,,
2009-06-04,,极度贪婪,3,100.0,63.888888888888886,97.22222222222223,,,,,
2009-06-05,,极度贪婪,3,99.60317460317461,63.69047619047619,98.01587301587301,,,,,
2009-06-08,,极度贪婪,3,100.0,59.92063492063492,99.60317460317461,,,,,
2009-06-09,,极度贪婪,3,100.0,60.317460317460316,99.60317460317461,,,,,
2009-06-10,,极度贪婪,3,100.0,76.38888888888889,99.60317460317461,,,,,
2009-06-11,,极度贪婪,3,99.60317460317461,59.523809523809526,99.60317460317461,,,,,
2009-06-12,,极度贪婪,3,97.22222222222221,46.230158730158735,99.2063492063492,,,,,
2009-06-15,,极度贪婪,3,99.60317460317461,52.976190476190474,99.60317460317461,,,,,
2009-06-16,,极度贪婪,3,99.20634920634922,48.80952380952381,99.2063492063492,,,,,
2009-06-17,,极度贪婪,3,100.0,59.12698412698413,99.60317460317461,,,,,
2009-06-18,,极度贪婪,3,100.0,67.85714285714286,99.2063492063492,,,,,
2009-06-19,,极度贪婪,3,100.0,69.04761904761905,99.2063492063492,,,,,
2009-06-22,,极度贪婪,3,100.0,59.92063492063492,99.2063492063492,,,,,
2009-06-23,,极度贪婪,3,100.0,53.57142857142857,99.2063492063492,,,,,
2009-06-24,,极度贪婪,3,100.0,70.63492063492063,99.60317460317461,,,,,
2009-06-25,,极度贪婪,3,99.60317460317461,67.46031746031747,99.60317460317461,,,,,
2009-06-26,,极度贪婪,3,100.0,65.87301587301587,99.60317460317461,,,,,
2009-06-29,,极度贪婪,3,100.0,69.24603174603175,99.2063492063492,,,,,
2009-06-30,,极度贪婪,3,99.60317460317461,58.730158730158735,98.41269841269842,,,,,
2009-07-01,,极度贪婪,3,100.0,59.92063492063492,97.61904761904762,,,,,
2009-07-02,,极度贪婪,3,100.0,61.904761904761905,97.22222222222223,,,,,
2009-07-03,,极度贪婪,3,100.0,61.70634920634921,98.01587301587301,,,,,
2009-07-06,,极度贪婪,3,100.0,59.523809523809526,99.60317460317461,,,,,
2009-07-07,,极度贪婪,3,99.60317460317461,74.20634920634922,99.2063492063492,,,,,
2009-07-08,,极度贪婪,3,99.60317460317461,83.33333333333334,98.80952380952381,,,,,
2009-07-09,,极度贪婪,3,100.0,83.13492063492063,99.60317460317461,,,,,
2009-07-10,,极度贪婪,3,99.60317460317461,82.93650793650794,99.60317460317461,,,,,
2009-07-13,,极度贪婪,3,98.4126984126984,71.03174603174604,99.60317460317461,,,,,
2009-07-14,,极度贪婪,3,100.0,84.92063492063492,99.2063492063492,,,,,
2009-07-15,,极度贪婪,3,100.0,92.46031746031747,99.2063492063492,,,,,
2009-07-16,,极度贪婪,3,100.0,92.26190476190477,98.80952380952381,,,,,
2009-07-17,,极度贪婪,3,100.0,92.06349206349206,99.60317460317461,,,,,
2009-07-20,,极度贪婪,3,100.0,91.86507936507937,98.01587301587301,,,,,
2009-07-21,,极度贪婪,3,99.60317460317461,91.66666666666666,96.42857142857143,,,,,
2009-07-22,,极度贪婪,3,100.0,91.46825396825396,95.63492063492063,,,,,
2009-07-23,,极度贪婪,3,100.0,91.26984126984127,97.22222222222223,,,,,
2009-07-24,,极度贪婪,3,100.0,91.07142857142857,99.60317460317461,,,,,
2009-07-27,,极度贪婪,3,100.0,90.87301587301587,99.2063492063492,,,,,
2009-07-28,,极度贪婪,3,100.0,90.67460317460318,99.60317460317461,,,,,
2009-07-29,,极度贪婪,3,97.22222222222221,41.269841269841265,86.5079365079365,,,,,
2009-07-30,,极度贪婪,3,98.01587301587301,46.42857142857143,86.11111111111111,,,,,
2009-07-31,,极度贪婪,3,99.20634920634922,63.095238095238095,84.12698412698413,,,,,
2009-08-03,,极度贪婪,3,100.0,59.523809523809526,83.73015873015873,,,,,
2009-08-04,,极度贪婪,3,99.60317460317461,59.32539682539682,83.33333333333334,,,,,
2009-08-05,,极度贪婪,3,98.01587301587301,53.57142857142857,82.93650793650794,,,,,
2009-08-06,,极度贪婪,3,96.82539682539682,46.82539682539682,80.95238095238095,,,,,
2009-08-07,,极度贪婪,3,93.25396825396825,32.142857142857146,76.98412698412699,,,,,
2009-08-10,,极度贪婪,3,92.85714285714286,32.142857142857146,77.77777777777777,,,,,
2009-08-11,,极度贪婪,3,92.85714285714286,35.317460317460316,77.77777777777777,,,,,
2009-08-12,,极度贪婪,3,88.88888888888889,17.063492063492063,65.87301587301587,,,,,
2009-08-13,,极度贪婪,3,88.88888888888889,9.126984126984127,65.87301587301587,,,,,
2009-08-14,,极度贪婪,3,87.3015873015873,6.349206349206349,63.88888888888889,,,,,
2009-08-17,,极度贪婪,3,83.33333333333334,3.373015873015873,55.952380952380956,,,,,
2009-08-18,,极度贪婪,3,83.33333333333334,3.571428571428571,55.15873015873016,,,,,
2009-08-19,,极度贪婪,3,78.17460317460318,3.7698412698412698,47.22222222222222,,,,,
2009-08-20,,极度贪婪,3,82.53968253968253,7.738095238095238,44.047619047619044,,,,,
2009-08-21,,极度贪婪,3,83.73015873015873,11.30952380952381,41.666666666666664,,,,,
2009-08-24,,极度贪婪,3,84.92063492063492,21.428571428571427,42.46031746031746,,,,,
2009-08-25,,极度贪婪,3,80.55555555555556,20.238095238095237,38.888888888888886,,,,,
2009-08-26,,极度贪婪,3,82.14285714285714,23.41269841269841,38.095238095238095,,,,,
2009-08-27,,极度贪婪,3,80.55555555555556,26.190476190476193,38.49206349206349,,,,,
2009-08-28,,极度贪婪,3,76.19047619047619,19.246031746031747,33.730158730158735,,,,,
2009-08-31,,极度贪婪,3,70.63492063492063,3.7698412698412698,25.396825396825392,,,,,
2009-09-01,,极度贪婪,3,71.03174603174604,3.968253968253968,25.396825396825392,,,,,
2009-09-02,,极度贪婪,3,73.4126984126984,7.5396825396825395,26.19047619047619,,,,,
2009-09-03,,极度贪婪,3,75.39682539682539,21.03174603174603,24.206349206349216,,,,,
2009-09-04,,极度贪婪,3,76.98412698412699,29.365079365079367,24.206349206349216,,,,,
2009-09-07,,极度贪婪,3,77.77777777777779,31.349206349206348,25.0,,,,,
2009-09-08,,极度贪婪,3,80.15873015873017,56.34920634920635,24.206349206349216,,,,,
2009-09-09,,极度贪婪,3,81.34920634920636,78.96825396825396,26.587301587301596,,,,,
2009-09-10,,极度贪婪,3,79.36507936507937,66.26984126984127,27.38095238095238,,,,,
2009-09-11,,极度贪婪,3,82.53968253968253,90.47619047619048,27.777777777777786,,,,,
2009-09-14,,极度贪婪,3,84.92063492063492,90.27777777777779,27.777777777777786,,,,,
2009-09-15,,极度贪婪,3,84.92063492063492,90.07936507936508,27.777777777777786,,,,,
2009-09-16,,极度贪婪,3,81.74603174603175,89.88095238095238,27.777777777777786,,,,,
2009-09-17,,极度贪婪,3,84.92063492063492,89.68253968253968,27.38095238095238,,,,,
2009-09-18,,极度贪婪,3,77.38095238095238,89.48412698412699,26.984126984126988,,,,,
2009-09-21,,极度贪婪,3,77.38095238095238,78.57142857142857,26.587301587301596,,,,,
2009-09-22,,极度贪婪,3,71.82539682539682,35.714285714285715,26.587301587301596,,,,,
2009-09-23,,极度贪婪,3,69.44444444444444,27.380952380952383,30.95238095238095,,,,,
2009-09-24,,极度贪婪,3,69.44444444444444,26.190476190476193,31.349206349206355,,,,,
2009-09-25,,极度贪婪,3,68.25396825396825,23.809523809523807,32.93650793650794,,,,,
2009-09-28,,极度贪婪,3,66.26984126984127,15.873015873015872,36.904761904761905,,,,,
2009-09-29,,极度贪婪,3,65.87301587301587,12.3015873015873,38.49206349206349,,,,,
2009-09-30,,极度贪婪,3,67.06349206349206,12.5,44.841269841269835,,,,,
2009-10-09,,极度贪婪,3,71.03174603174604,28.968253968253972,41.666666666666664,,,,,
2009-10-12,,极度贪婪,3,69.44444444444444,25.595238095238095,42.46031746031746,,,,,
2009-10-13,,极度贪婪,3,73.4126984126984,40.87301587301587,41.666666666666664,,,,,
2009-10-14,,极度贪婪,3,74.60317460317461,50.79365079365079,45.63492063492064,,,,,
2009-10-15,,极度贪婪,3,75.0,46.03174603174603,46.03174603174603,,,,,
2009-10-16,,极度贪婪,3,74.20634920634922,45.83333333333333,46.03174603174603,,,,,
2009-10-19,,极度贪婪,3,80.15873015873017,65.47619047619048,46.82539682539682,,,,,
2009-10-20,,极度贪婪,3,81.74603174603175,89.28571428571429,63.095238095238095,,,,,
2009-10-21,,极度贪婪,3,80.95238095238095,71.03174603174604,62.698412698412696,,,,,
2009-10-22,,极度贪婪,3,78.96825396825396,70.83333333333334,62.301587301587304,,,,,
2009-10-23,,极度贪婪,3,82.14285714285714,89.0873015873016,73.01587301587301,,,,,
2009-10-26,,极度贪婪,3,81.74603174603175,70.23809523809523,73.01587301587301,,,,,
2009-10-27,,极度贪婪,3,73.80952380952381,59.92063492063492,65.07936507936509,,,,,
2009-10-28,,极度贪婪,3,74.20634920634922,63.095238095238095,66.26984126984127,,,,,
2009-10-29,,极度贪婪,3,65.87301587301587,38.095238095238095,64.28571428571428,,,,,
2009-10-30,,极度贪婪,3,67.85714285714286,50.79365079365079,64.28571428571428,,,,,
2009-11-02,,极度贪婪,3,77.38095238095238,75.1984126984127,61.507936507936506,,,,,
2009-11-03,,极度贪婪,3,79.36507936507937,75.0,61.507936507936506,,,,,
2009-11-04,,极度贪婪,3,80.15873015873017,60.317460317460316,61.11111111111111,,,,,
2009-11-05,,极度贪婪,3,80.55555555555556,60.51587301587301,62.698412698412696,,,,,
2009-11-06,,极度贪婪,3,81.34920634920636,53.17460317460318,64.28571428571428,,,,,
2009-11-09,,极度贪婪,3,81.34920634920636,55.952380952380956,76.5873015873016,,,,,
2009-11-10,,极度贪婪,3,80.95238095238095,64.28571428571429,76.19047619047619,,,,,
2009-11-11,,极度贪婪,3,78.17460317460318,60.317460317460316,80.55555555555556,,,,,
2009-11-12,,极度贪婪,3,76.5873015873016,67.46031746031747,81.74603174603175,,,,,
2009-11-13,,极度贪婪,3,78.17460317460318,67.85714285714286,81.74603174603175,,,,,
2009-11-16,,极度贪婪,3,86.11111111111111,88.88888888888889,79.76190476190476,,,,,
2009-11-17,,极度贪婪,3,85.71428571428571,88.69047619047619,82.93650793650794,,,,,
2009-11-18,,极度贪婪,3,85.31746031746032,88.4920634920635,82.93650793650794,,,,,
2009-11-19,,极度贪婪,3,85.31746031746032,88.29365079365078,82.93650793650794,,,,,
2009-11-20,,极度贪婪,3,83.33333333333334,88.09523809523809,89.68253968253968,,,,,
2009-11-23,,极度贪婪,3,85.31746031746032,87.89682539682539,89.68253968253968,,,,,
2009-11-24,,极度贪婪,3,71.42857142857143,48.01587301587302,86.9047619047619,,,,,
2009-11-25,,极度贪婪,3,80.95238095238095,74.20634920634922,85.31746031746032,,,,,
2009-11-26,,极度贪婪,3,63.888888888888886,24.6031746031746,76.5873015873016,,,,,
2009-11-27,,极度贪婪,3,55.55555555555556,12.698412698412698,70.23809523809524,,,,,
2009-11-30,,极度贪婪,3,65.07936507936508,30.158730158730158,61.507936507936506,,,,,
2009-12-01,,极度贪婪,3,68.25396825396825,38.88888888888889,61.904761904761905,,,,,
2009-12-02,,极度贪婪,3,70.63492063492063,45.63492063492063,60.714285714285715,,,,,
2009-12-03,,极度贪婪,3,68.65079365079364,40.476190476190474,61.904761904761905,,,,,
2009-12-04,,极度贪婪,3,73.01587301587301,58.730158730158735,63.88888888888889,,,,,
2009-12-07,,极度贪婪,3,76.5873015873016,77.38095238095238,63.492063492063494,,,,,
2009-12-08,,极度贪婪,3,68.65079365079364,57.14285714285714,73.01587301587301,,,,,
2009-12-09,,极度贪婪,3,59.92063492063492,25.793650793650798,67.46031746031747,,,,,
2009-12-10,,极度贪婪,3,62.301587301587304,29.761904761904763,75.0,,,,,
2009-12-11,,极度贪婪,3,59.92063492063492,28.174603174603174,75.0,,,,,
2009-12-14,,极度贪婪,3,63.888888888888886,38.095238095238095,78.96825396825398,,,,,
2009-12-15,,极度贪婪,3,57.936507936507944,30.555555555555557,78.96825396825398,,,,,
2009-12-16,,极度贪婪,3,55.158730158730165,21.03174603174603,77.38095238095238,,,,,
2009-12-17,,极度贪婪,3,49.60317460317461,11.507936507936508,75.0,,,,,
2009-12-18,,极度贪婪,3,47.61904761904761,8.73015873015873,70.63492063492063,,,,,
2009-12-21,,极度贪婪,3,47.22222222222222,9.523809523809524,70.63492063492063,,,,,
2009-12-22,,极度贪婪,3,41.66666666666667,8.928571428571429,62.301587301587304,,,,,
2009-12-23,,极度贪婪,3,42.857142857142854,13.492063492063492,60.317460317460316,,,,,
2009-12-24,,极度贪婪,3,47.61904761904761,17.857142857142858,51.19047619047619,,,,,
2009-12-25,,极度贪婪,3,47.22222222222222,18.253968253968253,51.19047619047619,,,,,
2009-12-28,,极度贪婪,3,47.61904761904761,21.428571428571427,55.952380952380956,,,,,
2009-12-29,,极度贪婪,3,48.01587301587302,26.984126984126984,54.36507936507937,,,,,
2009-12-30,,极度贪婪,3,50.39682539682539,37.301587301587304,51.98412698412698,,,,,
2009-12-31,,极度贪婪,3,50.39682539682539,44.44444444444444,51.58730158730159,,,,,
2010-01-04,,极度贪婪,3,48.01587301587302,38.492063492063494,51.19047619047619,,,,,
2010-01-05,,极度贪婪,3,48.41269841269841,47.22222222222222,51.19047619047619,,,,,
2010-01-06,,极度贪婪,3,46.42857142857143,46.42857142857143,64.68253968253968,,,,,
2010-01-07,,极度贪婪,3,42.46031746031746,21.825396825396826,67.06349206349206,,,,,
2010-01-08,,极度贪婪,3,42.46031746031746,30.158730158730158,79.36507936507937,,,,,
2010-01-11,,极度贪婪,3,41.66666666666667,32.93650793650794,83.73015873015873,,,,,
2010-01-12,,极度贪婪,3,44.84126984126984,53.57142857142857,86.9047619047619,,,,,
2010-01-13,,极度贪婪,3,36.11111111111111,29.365079365079367,84.92063492063492,,,,,
2010-01-14,,极度贪婪,3,38.88888888888889,36.11111111111111,83.73015873015873,,,,,
2010-01-15,,极度贪婪,3,39.285714285714285,36.904761904761905,83.33333333333334,,,,,
2010-01-18,,极度贪婪,3,40.87301587301587,38.095238095238095,84.92063492063492,,,,,
2010-01-19,,极度贪婪,3,40.476190476190474,40.07936507936508,84.92063492063492,,,,,
2010-01-20,,极度贪婪,3,30.952380952380953,23.015873015873016,78.57142857142857,,,,,
2010-01-21,,极度贪婪,3,31.349206349206348,23.015873015873016,80.95238095238095,,,,,
2010-01-22,,极度贪婪,3,29.365079365079367,16.26984126984127,80.15873015873015,,,,,
2010-01-25,,极度贪婪,3,28.174603174603174,11.507936507936508,79.76190476190476,,,,,
2010-01-26,,极度贪婪,3,26.190476190476193,1.984126984126984,75.7936507936508,,,,,
2010-01-27,,极度贪婪,3,23.809523809523807,2.1825396825396823,75.39682539682539,,,,,
2010-01-28,,极度贪婪,3,23.809523809523807,7.142857142857142,75.0,,,,,
2010-01-29,,极度贪婪,3,23.015873015873016,11.11111111111111,78.57142857142857,,,,,
2010-02-01,,极度贪婪,3,21.428571428571427,14.682539682539684,81.74603174603175,,,,,
2010-02-02,,极度贪婪,3,20.634920634920633,7.936507936507936,81.74603174603175,,,,,
2010-02-03,,极度贪婪,3,23.809523809523807,7.142857142857142,80.55555555555556,,,,,
2010-02-04,,极度贪婪,3,22.22222222222222,12.3015873015873,80.95238095238095,,,,,
2010-02-05,,极度贪婪,3,19.444444444444446,4.365079365079365,86.5079365079365,,,,,
2010-02-08,,极度贪婪,3,19.047619047619047,7.738095238095238,86.11111111111111,,,,,
2010-02-09,,极度贪婪,3,19.841269841269842,7.936507936507936,86.5079365079365,,,,,
2010-02-10,,极度贪婪,3,21.428571428571427,11.507936507936508,86.11111111111111,,,,,
2010-02-11,,极度贪婪,3,21.428571428571427,15.873015873015872,86.9047619047619,,,,,
2010-02-12,,极度贪婪,3,23.015873015873016,23.41269841269841,86.11111111111111,,,,,
2010-02-22,,极度贪婪,3,21.428571428571427,23.809523809523807,86.5079365079365,,,,,
2010-02-23,,极度贪婪,3,19.047619047619047,31.349206349206348,87.3015873015873,,,,,
2010-02-24,,极度贪婪,3,21.428571428571427,46.42857142857143,84.52380952380952,,,,,
2010-02-25,,极度贪婪,3,25.0,77.77777777777779,84.52380952380952,,,,,
2010-02-26,,极度贪婪,3,24.206349206349206,70.63492063492063,84.52380952380952,,,,,
2010-03-01,,极度贪婪,3,26.190476190476193,89.88095238095238,82.14285714285714,,,,,
2010-03-02,,极度贪婪,3,25.0,79.36507936507937,84.92063492063492,,,,,
2010-03-03,,极度贪婪,3,26.190476190476193,89.68253968253968,90.07936507936508,,,,,
2010-03-04,,极度贪婪,3,17.46031746031746,51.98412698412699,88.4920634920635,,,,,
2010-03-05,,极度贪婪,3,17.46031746031746,52.77777777777778,88.4920634920635,,,,,
2010-03-08,,极度贪婪,3,19.841269841269842,61.111111111111114,87.6984126984127,,,,,
2010-03-09,,极度贪婪,3,21.428571428571427,64.68253968253968,87.3015873015873,,,,,
2010-03-10,,极度贪婪,3,17.46031746031746,48.41269841269841,92.85714285714286,,,,,
2010-03-11,,极度贪婪,3,15.873015873015872,37.698412698412696,92.85714285714286,,,,,
2010-03-12,,极度贪婪,3,12.3015873015873,19.047619047619047,92.46031746031746,,,,,
2010-03-15,,极度贪婪,3,9.126984126984127,12.103174603174603,90.47619047619048,,,,,
2010-03-16,,极度贪婪,3,10.317460317460316,17.857142857142858,94.44444444444444,,,,,
2010-03-17,,极度贪婪,3,14.682539682539684,32.93650793650794,92.46031746031746,,,,,
2010-03-18,,极度贪婪,3,13.492063492063492,31.746031746031743,92.06349206349206,,,,,
2010-03-19,,极度贪婪,3,15.079365079365079,43.65079365079365,91.66666666666667,,,,,
2010-03-22,,极度贪婪,3,15.079365079365079,48.01587301587302,94.04761904761905,,,,,
2010-03-23,,极度贪婪,3,11.904761904761903,34.12698412698413,92.85714285714286,,,,,
2010-03-24,,极度贪婪,3,11.507936507936508,36.904761904761905,96.82539682539682,,,,,
2010-03-25,,极度贪婪,3,7.142857142857142,21.428571428571427,96.03174603174604,,,,,
2010-03-26,,极度贪婪,3,9.920634920634921,37.698412698412696,97.61904761904762,,,,,
2010-03-29,,极度贪婪,3,20.238095238095237,71.03174603174604,93.25396825396825,,,,,
2010-03-30,,极度贪婪,3,21.03174603174603,74.60317460317461,93.25396825396825,,,,,
2010-03-31,,极度贪婪,3,17.46031746031746,76.19047619047619,94.84126984126985,,,,,
2010-04-01,,极度贪婪,3,23.015873015873016,79.76190476190477,92.06349206349206,,,,,
2010-04-02,,极度贪婪,3,23.809523809523807,79.96031746031747,92.46031746031746,,,,,
2010-04-06,,极度贪婪,3,23.015873015873016,84.52380952380952,94.04761904761905,,,,,
2010-04-07,,极度贪婪,3,19.841269841269842,78.96825396825396,95.23809523809524,,,,,
2010-04-08,,极度贪婪,3,11.904761904761903,65.07936507936508,94.44444444444444,,,,,
2010-04-09,,极度贪婪,3,16.26984126984127,73.80952380952381,95.23809523809524,,,,,
2010-04-12,,极度贪婪,3,11.11111111111111,49.60317460317461,94.84126984126985,,,,,
2010-04-13,,极度贪婪,3,17.46031746031746,68.25396825396825,94.84126984126985,,,,,
2010-04-14,,极度贪婪,3,19.444444444444446,69.04761904761905,94.84126984126985,,,,,
2010-04-15,,极度贪婪,3,16.26984126984127,54.36507936507936,95.23809523809524,,,,,
2010-04-16,,极度贪婪,3,8.73015873015873,40.87301587301587,99.2063492063492,,,,,
2010-04-19,,极度贪婪,3,0.3968253968253968,17.46031746031746,69.84126984126985,,,,,
2010-04-20,,极度贪婪,3,0.3968253968253968,21.03174603174603,70.23809523809524,,,,,
2010-04-21,,极度贪婪,3,1.1904761904761905,24.6031746031746,66.26984126984127,,,,,
2010-04-22,,极度贪婪,3,1.1904761904761905,24.6031746031746,65.47619047619048,,,,,
2010-04-23,,极度贪婪,3,1.1904761904761905,23.015873015873016,65.07936507936509,,,,,
2010-04-26,,极度贪婪,3,0.3968253968253968,22.61904761904762,67.06349206349206,,,,,
2010-04-27,,极度贪婪,3,0.3968253968253968,19.047619047619047,63.88888888888889,,,,,
2010-04-28,,极度贪婪,3,0.3968253968253968,17.857142857142858,65.07936507936509,,,,,
2010-04-29,,极度贪婪,3,0.3968253968253968,11.11111111111111,70.23809523809524,,,,,
2010-04-30,,极度贪婪,3,0.7936507936507936,4.365079365079365,69.44444444444444,,,,,
2010-05-04,,极度贪婪,3,0.3968253968253968,7.142857142857142,68.65079365079364,,,,,
2010-05-05,,极度贪婪,3,0.7936507936507936,16.666666666666664,67.85714285714286,,,,,
2010-05-06,,极度贪婪,3,0.3968253968253968,9.523809523809524,48.01587301587301,,,,,
2010-05-07,,极度贪婪,3,0.3968253968253968,4.563492063492063,45.63492063492064,,,,,
2010-05-10,,极度贪婪,3,0.7936507936507936,2.380952380952381,45.238095238095234,,,,,
2010-05-11,,极度贪婪,3,0.3968253968253968,2.579365079365079,45.63492063492064,,,,,
2010-05-12,,极度贪婪,3,0.7936507936507936,5.555555555555555,51.19047619047619,,,,,
2010-05-13,,极度贪婪,3,1.984126984126984,5.753968253968254,44.841269841269835,,,,,
2010-05-14,,极度贪婪,3,1.984126984126984,5.952380952380952,44.44444444444444,,,,,
2010-05-17,,极度贪婪,3,0.3968253968253968,2.7777777777777777,28.96825396825396,,,,,
2010-05-18,,极度贪婪,3,0.7936507936507936,2.976190476190476,22.222222222222214,,,,,
2010-05-19,,极度贪婪,3,0.7936507936507936,3.1746031746031744,23.015873015873012,,,,,
2010-05-20,,极度贪婪,3,0.7936507936507936,3.373015873015873,22.222222222222214,,,,,
2010-05-21,,极度贪婪,3,1.5873015873015872,3.571428571428571,19.841269841269835,,,,,
2010-05-24,,极度贪婪,3,4.365079365079365,23.41269841269841,15.873015873015873,,,,,
2010-05-25,,极度贪婪,3,2.7777777777777777,20.238095238095237,15.873015873015873,,,,,
2010-05-26,,极度贪婪,3,3.1746031746031744,23.809523809523807,16.666666666666657,,,,,
2010-05-27,,极度贪婪,3,4.761904761904762,40.476190476190474,15.873015873015873,,,,,
2010-05-28,,极度贪婪,3,4.365079365079365,44.84126984126984,16.269841269841265,,,,,
2010-05-31,,极度贪婪,3,2.380952380952381,26.58730158730159,15.873015873015873,,,,,
2010-06-01,,极度贪婪,3,1.1904761904761905,23.41269841269841,21.03174603174604,,,,,
2010-06-02,,极度贪婪,3,1.5873015873015872,29.365079365079367,21.03174603174604,,,,,
2010-06-03,,极度贪婪,3,1.1904761904761905,29.365079365079367,25.793650793650784,,,,,
2010-06-04,,极度贪婪,3,1.984126984126984,33.33333333333333,25.793650793650784,,,,,
2010-06-07,,极度贪婪,3,0.3968253968253968,33.33333333333333,24.603174603174608,,,,,
2010-06-08,,极度贪婪,3,0.7936507936507936,37.301587301587304,24.603174603174608,,,,,
2010-06-09,,极度贪婪,3,5.158730158730158,47.61904761904761,19.444444444444443,,,,,
2010-06-10,,极度贪婪,3,3.1746031746031744,45.23809523809524,19.444444444444443,,,,,
2010-06-11,,极度贪婪,3,3.968253968253968,48.214285714285715,19.841269841269835,,,,,
2010-06-17,,极度贪婪,3,3.1746031746031744,41.269841269841265,20.238095238095227,,,,,
2010-06-18,,极度贪婪,3,1.1904761904761905,24.6031746031746,19.841269841269835,,,,,
2010-06-21,,极度贪婪,3,7.142857142857142,44.84126984126984,17.063492063492063,,,,,
2010-06-22,,极度贪婪,3,7.5396825396825395,47.22222222222222,25.396825396825392,,,,,
2010-06-23,,极度贪婪,3,5.555555555555555,34.92063492063492,28.96825396825396,,,,,
2010-06-24,,极度贪婪,3,5.555555555555555,36.507936507936506,29.761904761904773,,,,,
2010-06-25,,极度贪婪,3,3.571428571428571,32.142857142857146,33.730158730158735,,,,,
2010-06-28,,极度贪婪,3,1.984126984126984,28.57142857142857,34.12698412698413,,,,,
2010-06-29,,极度贪婪,3,0.3968253968253968,11.507936507936508,22.222222222222214,,,,,
2010-06-30,,极度贪婪,3,0.3968253968253968,11.706349206349206,22.222222222222214,,,,,
2010-07-01,,极度贪婪,3,0.3968253968253968,10.714285714285714,44.44444444444444,,,,,
2010-07-02,,极度贪婪,3,0.7936507936507936,7.142857142857142,46.82539682539682,,,,,
2010-07-05,,极度贪婪,3,0.3968253968253968,7.341269841269842,46.82539682539682,,,,,
2010-07-06,,极度贪婪,3,1.984126984126984,15.476190476190476,45.63492063492064,,,,,
2010-07-07,,极度贪婪,3,2.380952380952381,27.380952380952383,47.22222222222222,,,,,
2010-07-08,,极度贪婪,3,2.380952380952381,27.380952380952383,59.92063492063492,,,,,
2010-07-09,,极度贪婪,3,3.571428571428571,36.11111111111111,55.15873015873016,,,,,
2010-07-12,,极度贪婪,3,5.158730158730158,45.23809523809524,52.38095238095239,,,,,
2010-07-13,,极度贪婪,3,3.571428571428571,36.11111111111111,55.55555555555556,,,,,
2010-07-14,,极度贪婪,3,4.365079365079365,45.23809523809524,55.15873015873016,,,,,
2010-07-15,,极度贪婪,3,3.571428571428571,30.952380952380953,57.93650793650794,,,,,
2010-07-16,,极度贪婪,3,3.968253968253968,35.714285714285715,58.33333333333333,,,,,
2010-07-19,,极度贪婪,3,7.5396825396825395,67.06349206349206,51.58730158730159,,,,,
2010-07-20,,极度贪婪,3,14.682539682539684,90.87301587301587,48.80952380952381,,,,,
2010-07-21,,极度贪婪,3,15.873015873015872,90.67460317460318,49.20634920634921,,,,,
2010-07-22,,极度贪婪,3,17.857142857142858,95.63492063492063,50.7936507936508,,,,,
2010-07-23,,极度贪婪,3,18.650793650793652,95.43650793650794,50.7936507936508,,,,,
2010-07-26,,极度贪婪,3,20.238095238095237,95.23809523809523,60.317460317460316,,,,,
2010-07-27,,极度贪婪,3,19.444444444444446,95.03968253968253,61.507936507936506,,,,,
2010-07-28,,极度贪婪,3,22.61904761904762,94.84126984126983,56.74603174603175,,,,,
2010-07-29,,极度贪婪,3,23.015873015873016,94.64285714285714,58.33333333333333,,,,,
2010-07-30,,极度贪婪,3,23.015873015873016,94.44444444444444,59.92063492063492,,,,,
2010-08-02,,极度贪婪,3,23.809523809523807,94.24603174603175,69.04761904761905,,,,,
2010-08-03,,极度贪婪,3,23.41269841269841,94.04761904761905,63.88888888888889,,,,,
2010-08-04,,极度贪婪,3,24.206349206349206,93.84920634920636,67.06349206349206,,,,,
2010-08-05,,极度贪婪,3,23.015873015873016,80.95238095238095,63.88888888888889,,,,,
2010-08-06,,极度贪婪,3,25.0,93.65079365079364,62.698412698412696,,,,,
2010-08-09,,极度贪婪,3,25.793650793650798,93.45238095238095,63.492063492063494,,,,,
2010-08-10,,极度贪婪,3,22.61904761904762,65.47619047619048,82.14285714285714,,,,,
2010-08-11,,极度贪婪,3,24.6031746031746,66.26984126984127,84.52380952380952,,,,,
2010-08-12,,极度贪婪,3,22.61904761904762,51.587301587301596,85.71428571428572,,,,,
2010-08-13,,极度贪婪,3,26.190476190476193,57.14285714285714,83.73015873015873,,,,,
2010-08-16,,极度贪婪,3,27.77777777777778,72.22222222222221,81.34920634920636,,,,,
2010-08-17,,极度贪婪,3,28.968253968253972,75.79365079365078,84.92063492063492,,,,,
2010-08-18,,极度贪婪,3,28.968253968253972,71.03174603174604,83.33333333333334,,,,,
2010-08-19,,极度贪婪,3,29.761904761904763,79.96031746031747,84.92063492063492,,,,,
2010-08-20,,极度贪婪,3,27.77777777777778,59.523809523809526,84.92063492063492,,,,,
2010-08-23,,极度贪婪,3,27.77777777777778,53.96825396825397,86.11111111111111,,,,,
2010-08-24,,极度贪婪,3,28.968253968253972,59.32539682539682,87.3015873015873,,,,,
2010-08-25,,极度贪婪,3,26.58730158730159,36.11111111111111,77.38095238095238,,,,,
2010-08-26,,极度贪婪,3,26.984126984126984,42.06349206349206,85.71428571428572,,,,,
2010-08-27,,极度贪婪,3,27.380952380952383,44.047619047619044,85.71428571428572,,,,,
2010-08-30,,极度贪婪,3,30.952380952380953,60.71428571428571,86.11111111111111,,,,,
2010-08-31,,极度贪婪,3,29.761904761904763,53.57142857142857,88.0952380952381,,,,,
2010-09-01,,极度贪婪,3,28.968253968253972,51.19047619047619,87.3015873015873,,,,,
2010-09-02,,极度贪婪,3,32.53968253968254,59.92063492063492,86.9047619047619,,,,,
2010-09-03,,极度贪婪,3,32.53968253968254,58.333333333333336,86.9047619047619,,,,,
2010-09-06,,极度贪婪,3,35.317460317460316,78.57142857142857,84.12698412698413,,,,,
2010-09-07,,极度贪婪,3,35.714285714285715,74.60317460317461,84.92063492063492,,,,,
2010-09-08,,极度贪婪,3,35.714285714285715,69.84126984126983,88.88888888888889,,,,,
2010-09-09,,极度贪婪,3,34.12698412698413,53.96825396825397,85.71428571428572,,,,,
2010-09-10,,极度贪婪,3,34.523809523809526,52.38095238095239,85.71428571428572,,,,,
2010-09-13,,极度贪婪,3,36.11111111111111,60.317460317460316,88.0952380952381,,,,,
2010-09-14,,极度贪婪,3,36.507936507936506,62.301587301587304,88.88888888888889,,,,,
2010-09-15,,极度贪婪,3,32.142857142857146,48.80952380952381,87.6984126984127,,,,,
2010-09-16,,极度贪婪,3,28.174603174603174,35.317460317460316,83.73015873015873,,,,,
2010-09-17,,极度贪婪,3,28.57142857142857,33.33333333333333,86.9047619047619,,,,,
2010-09-20,,极度贪婪,3,27.77777777777778,28.57142857142857,88.0952380952381,,,,,
2010-09-21,,极度贪婪,3,28.968253968253972,26.984126984126984,92.06349206349206,,,,,
2010-09-27,,极度贪婪,3,33.730158730158735,43.25396825396825,90.47619047619048,,,,,
2010-09-28,,极度贪婪,3,31.746031746031743,35.714285714285715,91.26984126984127,,,,,
2010-09-29,,极度贪婪,3,30.952380952380953,28.968253968253972,92.06349206349206,,,,,
2010-09-30,,极度贪婪,3,38.88888888888889,46.42857142857143,93.25396825396825,,,,,
2010-10-08,,极度贪婪,3,42.46031746031746,73.4126984126984,80.55555555555556,,,,,
2010-10-11,,极度贪婪,3,45.23809523809524,69.44444444444444,66.66666666666667,,,,,
2010-10-12,,极度贪婪,3,46.82539682539682,67.85714285714286,64.28571428571428,,,,,
2010-10-13,,极度贪婪,3,50.0,64.68253968253968,73.01587301587301,,,,,
2010-10-14,,极度贪婪,3,51.19047619047619,50.39682539682539,73.80952380952381,,,,,
2010-10-15,,极度贪婪,3,66.66666666666666,51.19047619047619,58.730158730158735,,,,,
2010-10-18,,极度贪婪,3,64.68253968253968,46.82539682539682,70.23809523809524,,,,,
2010-10-19,,极度贪婪,3,68.65079365079364,64.28571428571429,64.68253968253968,,,,,
2010-10-20,,极度贪婪,3,69.04761904761905,71.82539682539682,65.07936507936509,,,,,
2010-10-21,,极度贪婪,3,68.65079365079364,80.15873015873017,66.66666666666667,,,,,
2010-10-22,,极度贪婪,3,69.04761904761905,83.73015873015873,68.65079365079364,,,,,
2010-10-25,,极度贪婪,3,70.63492063492063,93.25396825396825,59.523809523809526,,,,,
2010-10-26,,极度贪婪,3,70.63492063492063,93.05555555555556,57.53968253968254,,,,,
2010-10-27,,极度贪婪,3,70.23809523809523,85.71428571428571,51.58730158730159,,,,,
2010-10-28,,极度贪婪,3,69.84126984126983,83.73015873015873,53.17460317460318,,,,,
2010-10-29,,极度贪婪,3,69.04761904761905,85.51587301587301,51.98412698412698,,,,,
2010-11-01,,极度贪婪,3,72.22222222222221,92.85714285714286,44.047619047619044,,,,,
2010-11-02,,极度贪婪,3,71.82539682539682,92.65873015873017,51.98412698412698,,,,,
2010-11-03,,极度贪婪,3,71.42857142857143,92.65873015873017,47.61904761904761,,,,,
2010-11-04,,极度贪婪,3,73.4126984126984,92.65873015873017,44.047619047619044,,,,,
2010-11-05,,极度贪婪,3,74.60317460317461,92.65873015873017,43.65079365079365,,,,,
2010-11-08,,极度贪婪,3,75.79365079365078,85.31746031746032,53.96825396825397,,,,,
2010-11-09,,极度贪婪,3,75.0,78.96825396825396,59.92063492063492,,,,,
2010-11-10,,极度贪婪,3,74.60317460317461,64.68253968253968,56.34920634920635,,,,,
2010-11-11,,极度贪婪,3,75.0,70.23809523809523,59.12698412698413,,,,,
2010-11-12,,极度贪婪,3,58.333333333333336,27.380952380952383,8.730158730158735,,,,,
2010-11-15,,极度贪婪,3,65.07936507936508,34.12698412698413,9.920634920634924,,,,,
2010-11-16,,极度贪婪,3,46.03174603174603,23.015873015873016,1.5873015873015959,,,,,
2010-11-17,,极度贪婪,3,44.84126984126984,12.3015873015873,0.0,,,,,
2010-11-18,,极度贪婪,3,46.03174603174603,14.682539682539684,0.7936507936507837,,,,,
2010-11-19,,极度贪婪,3,47.61904761904761,25.0,3.9682539682539613,,,,,
2010-11-22,,极度贪婪,3,47.22222222222222,30.952380952380953,7.142857142857139,,,,,
2010-11-23,,极度贪婪,3,45.23809523809524,25.396825396825395,6.349206349206355,,,,,
2010-11-24,,极度贪婪,3,49.2063492063492,34.12698412698413,4.365079365079367,,,,,
2010-11-25,,极度贪婪,3,53.17460317460318,35.714285714285715,3.9682539682539613,,,,,
2010-11-26,,极度贪婪,3,50.0,34.92063492063492,9.126984126984127,,,,,
2010-11-29,,极度贪婪,3,50.0,35.714285714285715,9.920634920634924,,,,,
2010-11-30,,极度贪婪,3,46.82539682539682,24.6031746031746,11.904761904761912,,,,,
2010-12-01,,极度贪婪,3,47.22222222222222,23.015873015873016,13.888888888888886,,,,,
2010-12-02,,极度贪婪,3,48.41269841269841,22.22222222222222,12.698412698412696,,,,,
2010-12-03,,极度贪婪,3,49.2063492063492,19.444444444444446,13.095238095238088,,,,,
2010-12-06,,极度贪婪,3,51.19047619047619,13.095238095238097,24.206349206349216,,,,,
2010-12-07,,极度贪婪,3,54.36507936507936,30.952380952380953,22.61904761904762,,,,,
2010-12-08,,极度贪婪,3,51.98412698412699,29.365079365079367,25.0,,,,,
2010-12-09,,极度贪婪,3,46.42857142857143,17.063492063492063,23.80952380952381,,,,,
2010-12-10,,极度贪婪,3,52.38095238095239,32.93650793650794,21.03174603174604,,,,,
2010-12-13,,极度贪婪,3,67.06349206349206,71.82539682539682,19.444444444444443,,,,,
2010-12-14,,极度贪婪,3,70.23809523809523,72.22222222222221,19.444444444444443,,,,,
2010-12-15,,极度贪婪,3,65.47619047619048,70.83333333333334,21.03174603174604,,,,,
2010-12-16,,极度贪婪,3,62.698412698412696,65.87301587301587,23.80952380952381,,,,,
2010-12-17,,极度贪婪,3,61.50793650793651,63.888888888888886,26.19047619047619,,,,,
2010-12-20,,极度贪婪,3,54.36507936507936,44.047619047619044,25.793650793650784,,,,,
2010-12-21,,极度贪婪,3,67.46031746031747,62.698412698412696,20.238095238095227,,,,,
2010-12-22,,极度贪婪,3,61.111111111111114,52.77777777777778,19.444444444444443,,,,,
2010-12-23,,极度贪婪,3,57.14285714285714,34.92063492063492,19.841269841269835,,,,,
2010-12-24,,极度贪婪,3,53.96825396825397,23.41269841269841,52.77777777777778,,,,,
2010-12-27,,极度贪婪,3,46.03174603174603,17.46031746031746,48.412698412698404,,,,,
2010-12-28,,极度贪婪,3,44.44444444444444,7.5396825396825395,77.77777777777777,,,,,
2010-12-29,,极度贪婪,3,45.63492063492063,2.1825396825396823,81.74603174603175,,,,,
2010-12-30,,极度贪婪,3,46.03174603174603,2.380952380952381,84.92063492063492,,,,,
2010-12-31,,极度贪婪,3,51.587301587301596,21.825396825396826,78.17460317460318,,,,,
2011-01-04,,极度贪婪,3,63.095238095238095,44.047619047619044,71.82539682539682,,,,,
2011-01-05,,极度贪婪,3,59.523809523809526,42.857142857142854,78.96825396825398,,,,,
2011-01-06,,极度贪婪,3,56.74603174603175,35.317460317460316,86.11111111111111,,,,,
2011-01-07,,极度贪婪,3,58.333333333333336,36.904761904761905,86.9047619047619,,,,,
2011-01-10,,极度贪婪,3,49.60317460317461,19.841269841269842,85.31746031746032,,,,,
2011-01-11,,极度贪婪,3,52.77777777777778,24.6031746031746,84.92063492063492,,,,,
2011-01-12,,极度贪婪,3,55.952380952380956,33.730158730158735,86.11111111111111,,,,,
2011-01-13,,极度贪婪,3,56.34920634920635,34.92063492063492,85.71428571428572,,,,,
2011-01-14,,极度贪婪,3,49.60317460317461,21.825396825396826,84.12698412698413,,,,,
2011-01-17,,极度贪婪,3,42.46031746031746,7.5396825396825395,55.952380952380956,,,,,
2011-01-18,,极度贪婪,3,42.857142857142854,7.738095238095238,55.952380952380956,,,,,
2011-01-19,,极度贪婪,3,46.82539682539682,13.88888888888889,48.80952380952381,,,,,
2011-01-20,,极度贪婪,3,42.46031746031746,11.507936507936508,33.33333333333334,,,,,
2011-01-21,,极度贪婪,3,43.65079365079365,13.492063492063492,32.93650793650794,,,,,
2011-01-24,,极度贪婪,3,42.857142857142854,14.087301587301587,34.12698412698413,,,,,
2011-01-25,,极度贪婪,3,42.46031746031746,13.095238095238097,54.36507936507937,,,,,
2011-01-26,,极度贪婪,3,44.84126984126984,17.46031746031746,49.20634920634921,,,,,
2011-01-27,,极度贪婪,3,48.41269841269841,26.190476190476193,44.44444444444444,,,,,
2011-01-28,,极度贪婪,3,50.39682539682539,26.58730158730159,44.44444444444444,,,,,
2011-01-31,,极度贪婪,3,53.96825396825397,44.047619047619044,41.269841269841265,,,,,
2011-02-01,,极度贪婪,3,54.36507936507936,47.22222222222222,43.65079365079365,,,,,
2011-02-09,,极度贪婪,3,50.79365079365079,38.88888888888889,50.39682539682539,,,,,
2011-02-10,,极度贪婪,3,61.111111111111114,69.84126984126983,44.44444444444444,,,,,
2011-02-11,,极度贪婪,3,63.888888888888886,76.5873015873016,45.238095238095234,,,,,
2011-02-14,,极度贪婪,3,88.09523809523809,93.84920634920636,31.746031746031747,,,,,
2011-02-15,,极度贪婪,3,87.6984126984127,93.65079365079364,36.904761904761905,,,,,
2011-02-16,,极度贪婪,3,92.06349206349206,93.65079365079364,42.85714285714286,,,,,
2011-02-17,,极度贪婪,3,91.26984126984127,93.45238095238095,42.85714285714286,,,,,
2011-02-18,,极度贪婪,3,85.31746031746032,93.45238095238095,39.682539682539684,,,,,
2011-02-21,,极度贪婪,3,92.46031746031747,93.25396825396825,42.85714285714286,,,,,
2011-02-22,,极度贪婪,3,73.01587301587301,71.03174603174604,33.730158730158735,,,,,
2011-02-23,,极度贪婪,3,76.19047619047619,71.42857142857143,34.12698412698413,,,,,
2011-02-24,,极度贪婪,3,79.76190476190477,73.4126984126984,34.52380952380952,,,,,
2011-02-25,,极度贪婪,3,80.95238095238095,73.01587301587301,34.920634920634924,,,,,
2011-02-28,,极度贪婪,3,89.68253968253968,77.77777777777779,40.07936507936508,,,,,
2011-03-01,,极度贪婪,3,91.66666666666666,80.55555555555556,40.476190476190474,,,,,
2011-03-02,,极度贪婪,3,90.07936507936508,74.60317460317461,40.07936507936508,,,,,
2011-03-03,,极度贪婪,3,86.90476190476191,66.26984126984127,38.888888888888886,,,,,
2011-03-04,,极度贪婪,3,92.85714285714286,69.44444444444444,42.063492063492056,,,,,
2011-03-07,,极度贪婪,3,96.03174603174604,71.42857142857143,66.66666666666667,,,,,
2011-03-08,,极度贪婪,3,96.03174603174604,74.20634920634922,66.66666666666667,,,,,
2011-03-09,,极度贪婪,3,96.03174603174604,75.79365079365078,73.4126984126984,,,,,
2011-03-10,,极度贪婪,3,91.66666666666666,73.01587301587301,86.9047619047619,,,,,
2011-03-11,,极度贪婪,3,88.09523809523809,56.74603174603175,85.71428571428572,,,,,
2011-03-14,,极度贪婪,3,90.87301587301587,63.095238095238095,87.3015873015873,,,,,
2011-03-15,,极度贪婪,3,80.15873015873017,38.095238095238095,82.53968253968254,,,,,
2011-03-16,,极度贪婪,3,88.4920634920635,55.952380952380956,82.14285714285714,,,,,
2011-03-17,,极度贪婪,3,77.38095238095238,27.77777777777778,78.96825396825398,,,,,
2011-03-18,,极度贪婪,3,83.73015873015873,35.317460317460316,78.57142857142857,,,,,
2011-03-21,,极度贪婪,3,80.55555555555556,26.190476190476193,81.34920634920636,,,,,
2011-03-22,,极度贪婪,3,85.31746031746032,27.77777777777778,80.95238095238095,,,,,
2011-03-23,,极度贪婪,3,90.87301587301587,51.98412698412699,83.33333333333334,,,,,
2011-03-24,,极度贪婪,3,89.28571428571429,49.60317460317461,87.3015873015873,,,,,
2011-03-25,,极度贪婪,3,93.25396825396825,57.14285714285714,85.31746031746032,,,,,
2011-03-28,,极度贪婪,3,92.06349206349206,51.587301587301596,96.42857142857143,,,,,
2011-03-29,,极度贪婪,3,88.88888888888889,40.07936507936508,94.44444444444444,,,,,
2011-03-30,,极度贪婪,3,88.4920634920635,36.11111111111111,95.63492063492063,,,,,
2011-03-31,,极度贪婪,3,82.53968253968253,23.41269841269841,93.65079365079364,,,,,
2011-04-01,,极度贪婪,3,90.47619047619048,40.476190476190474,91.26984126984127,,,,,
2011-04-06,,极度贪婪,3,94.04761904761905,46.82539682539682,92.85714285714286,,,,,
2011-04-07,,极度贪婪,3,94.44444444444444,48.80952380952381,99.60317460317461,,,,,
2011-04-08,,极度贪婪,3,96.03174603174604,54.761904761904766,99.2063492063492,,,,,
2011-04-11,,极度贪婪,3,94.44444444444444,50.79365079365079,98.80952380952381,,,,,
2011-04-12,,极度贪婪,3,93.65079365079364,50.79365079365079,98.41269841269842,,,,,
2011-04-13,,极度贪婪,3,96.42857142857143,63.888888888888886,98.01587301587301,,,,,
2011-04-14,,极度贪婪,3,95.63492063492063,59.92063492063492,97.22222222222223,,,,,
2011-04-15,,极度贪婪,3,95.63492063492063,58.333333333333336,97.22222222222223,,,,,
2011-04-18,,极度贪婪,3,95.63492063492063,59.12698412698413,98.80952380952381,,,,,
2011-04-19,,极度贪婪,3,89.68253968253968,44.84126984126984,96.03174603174604,,,,,
2011-04-20,,极度贪婪,3,89.68253968253968,46.82539682539682,99.60317460317461,,,,,
2011-04-21,,极度贪婪,3,91.26984126984127,56.74603174603175,99.2063492063492,,,,,
2011-04-22,,极度贪婪,3,89.28571428571429,45.23809523809524,98.80952380952381,,,,,
2011-04-25,,极度贪婪,3,81.74603174603175,22.22222222222222,99.60317460317461,,,,,
2011-04-26,,极度贪婪,3,78.57142857142857,15.079365079365079,99.60317460317461,,,,,
2011-04-27,,极度贪婪,3,74.60317460317461,11.507936507936508,99.2063492063492,,,,,
2011-04-28,,极度贪婪,3,68.25396825396825,9.523809523809524,99.60317460317461,,,,,
2011-04-29,,极度贪婪,3,71.03174603174604,9.920634920634921,99.60317460317461,,,,,
2011-05-03,,极度贪婪,3,75.0,12.698412698412698,99.60317460317461,,,,,
2011-05-04,,极度贪婪,3,64.28571428571429,7.5396825396825395,95.63492063492063,,,,,
2011-05-05,,极度贪婪,3,63.49206349206349,8.134920634920634,95.63492063492063,,,,,
2011-05-06,,极度贪婪,3,63.095238095238095,12.5,96.03174603174604,,,,,
2011-05-09,,极度贪婪,3,64.68253968253968,13.88888888888889,98.41269841269842,,,,,
2011-05-10,,极度贪婪,3,67.06349206349206,14.682539682539684,97.22222222222223,,,,,
2011-05-11,,极度贪婪,3,66.26984126984127,15.476190476190476,98.80952380952381,,,,,
2011-05-12,,极度贪婪,3,57.936507936507944,13.095238095238097,97.61904761904762,,,,,
2011-05-13,,极度贪婪,3,62.698412698412696,15.079365079365079,96.42857142857143,,,,,
2011-05-16,,极度贪婪,3,57.14285714285714,16.666666666666664,94.84126984126985,,,,,
2011-05-17,,极度贪婪,3,59.92063492063492,14.484126984126986,96.03174603174604,,,,,
2011-05-18,,极度贪婪,3,65.47619047619048,21.428571428571427,98.41269841269842,,,,,
2011-05-19,,极度贪婪,3,59.92063492063492,17.063492063492063,99.2063492063492,,,,,
2011-05-20,,极度贪婪,3,59.523809523809526,16.666666666666664,99.2063492063492,,,,,
2011-05-23,,极度贪婪,3,44.44444444444444,1.1904761904761905,87.6984126984127,,,,,
2011-05-24,,极度贪婪,3,45.23809523809524,0.7936507936507936,87.3015873015873,,,,,
2011-05-25,,极度贪婪,3,42.06349206349206,0.992063492063492,86.9047619047619,,,,,
2011-05-26,,极度贪婪,3,41.66666666666667,1.1904761904761905,92.46031746031746,,,,,
2011-05-27,,极度贪婪,3,40.07936507936508,1.3888888888888888,92.46031746031746,,,,,
2011-05-30,,极度贪婪,3,39.285714285714285,1.5873015873015872,92.85714285714286,,,,,
2011-05-31,,极度贪婪,3,42.06349206349206,9.523809523809524,84.92063492063492,,,,,
2011-06-01,,极度贪婪,3,42.06349206349206,10.912698412698413,88.88888888888889,,,,,
2011-06-02,,极度贪婪,3,37.698412698412696,7.936507936507936,85.31746031746032,,,,,
2011-06-03,,极度贪婪,3,40.87301587301587,13.88888888888889,83.73015873015873,,,,,
2011-06-07,,极度贪婪,3,41.269841269841265,21.428571428571427,83.33333333333334,,,,,
2011-06-08,,极度贪婪,3,42.06349206349206,22.61904761904762,84.52380952380952,,,,,
2011-06-09,,极度贪婪,3,36.11111111111111,10.714285714285714,82.53968253968254,,,,,
2011-06-10,,极度贪婪,3,37.301587301587304,10.119047619047619,82.14285714285714,,,,,
2011-06-13,,极度贪婪,3,35.317460317460316,10.317460317460316,82.93650793650794,,,,,
2011-06-14,,极度贪婪,3,40.07936507936508,29.761904761904763,81.74603174603175,,,,,
2011-06-15,,极度贪婪,3,36.507936507936506,21.825396825396826,81.74603174603175,,,,,
2011-06-16,,极度贪婪,3,32.93650793650794,3.1746031746031744,86.5079365079365,,,,,
2011-06-17,,极度贪婪,3,30.952380952380953,4.761904761904762,84.92063492063492,,,,,
2011-06-20,,极度贪婪,3,29.761904761904763,6.349206349206349,84.52380952380952,,,,,
2011-06-21,,极度贪婪,3,31.746031746031743,15.476190476190476,81.74603174603175,,,,,
2011-06-22,,极度贪婪,3,31.349206349206348,17.063492063492063,82.53968253968254,,,,,
2011-06-23,,极度贪婪,3,34.523809523809526,40.07936507936508,78.57142857142857,,,,,
2011-06-24,,极度贪婪,3,42.46031746031746,71.42857142857143,74.60317460317461,,,,,
2011-06-27,,极度贪婪,3,43.25396825396825,82.14285714285714,75.39682539682539,,,,,
2011-06-28,,极度贪婪,3,43.65079365079365,82.53968253968253,75.39682539682539,,,,,
2011-06-29,,极度贪婪,3,38.492063492063494,67.46031746031747,73.80952380952381,,,,,
2011-06-30,,极度贪婪,3,44.047619047619044,83.33333333333334,72.61904761904762,,,,,
2011-07-01,,极度贪婪,3,45.63492063492063,76.98412698412699,72.61904761904762,,,,,
2011-07-04,,极度贪婪,3,54.36507936507936,84.12698412698413,66.66666666666667,,,,,
2011-07-05,,极度贪婪,3,53.17460317460318,83.92857142857143,77.38095238095238,,,,,
2011-07-06,,极度贪婪,3,50.39682539682539,83.73015873015873,76.98412698412699,,,,,
2011-07-07,,极度贪婪,3,48.41269841269841,85.71428571428571,78.17460317460318,,,,,
2011-07-08,,极度贪婪,3,49.2063492063492,85.51587301587301,78.57142857142857,,,,,
2011-07-11,,极度贪婪,3,49.60317460317461,93.65079365079364,78.57142857142857,,,,,
2011-07-12,,极度贪婪,3,40.07936507936508,67.46031746031747,73.80952380952381,,,,,
2011-07-13,,极度贪婪,3,46.82539682539682,87.6984126984127,73.4126984126984,,,,,
2011-07-14,,极度贪婪,3,48.41269841269841,86.11111111111111,73.01587301587301,,,,,
2011-07-15,,极度贪婪,3,50.39682539682539,85.31746031746032,77.38095238095238,,,,,
2011-07-18,,极度贪婪,3,48.01587301587302,80.15873015873017,78.17460317460318,,,,,
2011-07-19,,极度贪婪,3,42.46031746031746,63.49206349206349,76.19047619047619,,,,,
2011-07-20,,极度贪婪,3,42.06349206349206,58.730158730158735,75.7936507936508,,,,,
2011-07-21,,极度贪婪,3,35.317460317460316,46.42857142857143,80.15873015873015,,,,,
2011-07-22,,极度贪婪,3,36.11111111111111,47.61904761904761,80.15873015873015,,,,,
2011-07-25,,极度贪婪,3,24.206349206349206,19.841269841269842,65.47619047619048,,,,,
2011-07-26,,极度贪婪,3,24.206349206349206,21.428571428571427,65.87301587301587,,,,,
2011-07-27,,极度贪婪,3,26.58730158730159,30.158730158730158,67.06349206349206,,,,,
2011-07-28,,极度贪婪,3,24.6031746031746,28.174603174603174,69.04761904761905,,,,,
2011-07-29,,极度贪婪,3,22.61904761904762,18.253968253968253,71.03174603174602,,,,,
2011-08-01,,极度贪婪,3,23.015873015873016,16.666666666666664,71.82539682539682,,,,,
2011-08-02,,极度贪婪,3,21.03174603174603,13.492063492063492,72.61904761904762,,,,,
2011-08-03,,极度贪婪,3,20.634920634920633,20.634920634920633,72.22222222222223,,,,,
2011-08-04,,极度贪婪,3,21.428571428571427,22.22222222222222,77.77777777777777,,,,,
2011-08-05,,极度贪婪,3,14.682539682539684,12.698412698412698,79.36507936507937,,,,,
2011-08-08,,极度贪婪,3,2.7777777777777777,1.7857142857142856,61.11111111111111,,,,,
2011-08-09,,极度贪婪,3,3.571428571428571,4.365079365079365,61.11111111111111,,,,,
2011-08-10,,极度贪婪,3,5.555555555555555,11.11111111111111,60.317460317460316,,,,,
2011-08-11,,极度贪婪,3,10.714285714285714,22.22222222222222,59.523809523809526,,,,,
2011-08-12,,极度贪婪,3,11.11111111111111,28.174603174603174,59.12698412698413,,,,,
2011-08-15,,极度贪婪,3,16.26984126984127,39.682539682539684,64.68253968253968,,,,,
2011-08-16,,极度贪婪,3,14.285714285714285,33.730158730158735,64.28571428571428,,,,,
2011-08-17,,极度贪婪,3,11.507936507936508,30.555555555555557,63.88888888888889,,,,,
2011-08-18,,极度贪婪,3,5.158730158730158,15.079365079365079,61.11111111111111,,,,,
2011-08-19,,极度贪婪,3,2.380952380952381,15.079365079365079,60.714285714285715,,,,,
2011-08-22,,极度贪婪,3,1.1904761904761905,5.158730158730158,59.92063492063492,,,,,
2011-08-23,,极度贪婪,3,3.968253968253968,23.015873015873016,55.952380952380956,,,,,
2011-08-24,,极度贪婪,3,2.7777777777777777,27.380952380952383,63.095238095238095,,,,,
2011-08-25,,极度贪婪,3,15.079365079365079,65.87301587301587,39.682539682539684,,,,,
2011-08-26,,极度贪婪,3,14.682539682539684,69.04761904761905,39.682539682539684,,,,,
2011-08-29,,极度贪婪,3,6.349206349206349,51.19047619047619,36.904761904761905,,,,,
2011-08-30,,极度贪婪,3,6.349206349206349,40.87301587301587,37.301587301587304,,,,,
2011-08-31,,极度贪婪,3,6.746031746031746,41.66666666666667,36.50793650793651,,,,,
2011-09-01,,极度贪婪,3,5.555555555555555,37.698412698412696,37.698412698412696,,,,,
2011-09-02,,极度贪婪,3,1.5873015873015872,17.857142857142858,36.904761904761905,,,,,
2011-09-05,,极度贪婪,3,0.3968253968253968,4.761904761904762,44.44444444444444,,,,,
2011-09-06,,极度贪婪,3,0.3968253968253968,4.365079365079365,44.44444444444444,,,,,
2011-09-07,,极度贪婪,3,1.5873015873015872,17.857142857142858,38.888888888888886,,,,,
2011-09-08,,极度贪婪,3,1.1904761904761905,12.3015873015873,37.698412698412696,,,,,
2011-09-09,,极度贪婪,3,1.1904761904761905,8.73015873015873,37.301587301587304,,,,,
2011-09-13,,极度贪婪,3,0.3968253968253968,8.333333333333332,37.301587301587304,,,,,
2011-09-14,,极度贪婪,3,1.1904761904761905,13.492063492063492,36.904761904761905,,,,,
2011-09-15,,极度贪婪,3,1.1904761904761905,11.507936507936508,37.301587301587304,,,,,
2011-09-16,,极度贪婪,3,1.984126984126984,11.706349206349206,37.698412698412696,,,,,
2011-09-19,,极度贪婪,3,0.3968253968253968,5.753968253968254,38.888888888888886,,,,,
2011-09-20,,极度贪婪,3,0.7936507936507936,9.523809523809524,59.92063492063492,,,,,
2011-09-21,,极度贪婪,3,4.761904761904762,45.63492063492063,42.063492063492056,,,,,
2011-09-22,,极度贪婪,3,0.7936507936507936,8.333333333333332,30.158730158730165,,,,,
2011-09-23,,极度贪婪,3,0.3968253968253968,10.912698412698413,32.93650793650794,,,,,
2011-09-26,,极度贪婪,3,0.3968253968253968,5.952380952380952,29.365079365079367,,,,,
2011-09-27,,极度贪婪,3,0.7936507936507936,19.841269841269842,31.349206349206355,,,,,
2011-09-28,,极度贪婪,3,0.7936507936507936,8.928571428571429,31.349206349206355,,,,,
2011-09-29,,极度贪婪,3,0.3968253968253968,4.9603174603174605,31.349206349206355,,,,,
2011-09-30,,极度贪婪,3,0.3968253968253968,5.158730158730158,34.12698412698413,,,,,
2011-10-10,,极度贪婪,3,0.3968253968253968,3.1746031746031744,34.12698412698413,,,,,
2011-10-11,,极度贪婪,3,0.3968253968253968,10.317460317460316,35.71428571428571,,,,,
2011-10-12,,极度贪婪,3,3.1746031746031744,41.269841269841265,19.841269841269835,,,,,
2011-10-13,,极度贪婪,3,3.968253968253968,54.761904761904766,19.04761904761905,,,,,
2011-10-14,,极度贪婪,3,3.571428571428571,52.77777777777778,36.904761904761905,,,,,
2011-10-17,,极度贪婪,3,5.158730158730158,60.71428571428571,36.111111111111114,,,,,
2011-10-18,,极度贪婪,3,1.984126984126984,26.58730158730159,28.96825396825396,,,,,
2011-10-19,,极度贪婪,3,1.984126984126984,31.349206349206348,29.365079365079367,,,,,
2011-10-20,,极度贪婪,3,0.3968253968253968,20.436507936507937,25.793650793650784,,,,,
2011-10-21,,极度贪婪,3,0.3968253968253968,17.857142857142858,25.793650793650784,,,,,
2011-10-24,,极度贪婪,3,3.1746031746031744,45.63492063492063,12.301587301587304,,,,,
2011-10-25,,极度贪婪,3,5.158730158730158,61.50793650793651,12.301587301587304,,,,,
2011-10-26,,极度贪婪,3,7.936507936507936,71.82539682539682,11.904761904761912,,,,,
2011-10-27,,极度贪婪,3,8.73015873015873,74.20634920634922,16.269841269841265,,,,,
2011-10-28,,极度贪婪,3,11.904761904761903,92.46031746031747,13.095238095238088,,,,,
2011-10-31,,极度贪婪,3,11.507936507936508,95.23809523809523,12.698412698412696,,,,,
2011-11-01,,极度贪婪,3,12.3015873015873,93.25396825396825,14.285714285714292,,,,,
2011-11-02,,极度贪婪,3,15.476190476190476,95.23809523809523,11.904761904761912,,,,,
2011-11-03,,极度贪婪,3,16.26984126984127,98.61111111111111,12.301587301587304,,,,,
2011-11-04,,极度贪婪,3,18.253968253968253,98.4126984126984,11.904761904761912,,,,,
2011-11-07,,极度贪婪,3,15.873015873015872,98.21428571428571,15.873015873015873,,,,,
2011-11-08,,极度贪婪,3,15.079365079365079,96.03174603174604,15.873015873015873,,,,,
2011-11-09,,极度贪婪,3,18.650793650793652,94.04761904761905,30.555555555555557,,,,,
2011-11-10,,极度贪婪,3,13.88888888888889,88.09523809523809,35.71428571428571,,,,,
2011-11-11,,极度贪婪,3,13.88888888888889,85.31746031746032,36.904761904761905,,,,,
2011-11-14,,极度贪婪,3,21.03174603174603,93.84920634920636,37.301587301587304,,,,,
2011-11-15,,极度贪婪,3,20.238095238095237,88.88888888888889,38.49206349206349,,,,,
2011-11-16,,极度贪婪,3,12.698412698412698,70.63492063492063,29.761904761904773,,,,,
2011-11-17,,极度贪婪,3,11.904761904761903,65.87301587301587,30.158730158730165,,,,,
2011-11-18,,极度贪婪,3,7.5396825396825395,32.93650793650794,25.0,,,,,
2011-11-21,,极度贪婪,3,8.73015873015873,25.793650793650798,26.984126984126988,,,,,
2011-11-22,,极度贪婪,3,9.523809523809524,33.33333333333333,27.38095238095238,,,,,
2011-11-23,,极度贪婪,3,5.952380952380952,25.0,41.269841269841265,,,,,
2011-11-24,,极度贪婪,3,6.746031746031746,25.992063492063494,43.65079365079365,,,,,
2011-11-25,,极度贪婪,3,5.555555555555555,24.6031746031746,41.269841269841265,,,,,
2011-11-28,,极度贪婪,3,6.349206349206349,27.77777777777778,43.25396825396825,,,,,
2011-11-29,,极度贪婪,3,12.3015873015873,42.857142857142854,50.0,,,,,
2011-11-30,,极度贪婪,3,3.968253968253968,14.682539682539684,34.12698412698413,,,,,
2011-12-01,,极度贪婪,3,9.126984126984127,39.285714285714285,33.730158730158735,,,,,
2011-12-02,,极度贪婪,3,5.555555555555555,21.825396825396826,30.555555555555557,,,,,
2011-12-05,,极度贪婪,3,4.761904761904762,20.238095238095237,38.888888888888886,,,,,
2011-12-06,,极度贪婪,3,4.365079365079365,12.3015873015873,48.01587301587301,,,,,
2011-12-07,,极度贪婪,3,5.952380952380952,23.809523809523807,48.412698412698404,,,,,
2011-12-08,,极度贪婪,3,5.952380952380952,28.174603174603174,48.412698412698404,,,,,
2011-12-09,,极度贪婪,3,3.571428571428571,26.58730158730159,55.15873015873016,,,,,
2011-12-12,,极度贪婪,3,1.984126984126984,14.682539682539684,54.76190476190476,,,,,
2011-12-13,,极度贪婪,3,0.3968253968253968,3.373015873015873,47.61904761904761,,,,,
2011-12-14,,极度贪婪,3,0.3968253968253968,3.571428571428571,54.76190476190476,,,,,
2011-12-15,,极度贪婪,3,0.3968253968253968,3.7698412698412698,47.61904761904761,,,,,
2011-12-16,,极度贪婪,3,0.7936507936507936,3.7698412698412698,36.904761904761905,,,,,
2011-12-19,,极度贪婪,3,0.7936507936507936,7.142857142857142,38.095238095238095,,,,,
2011-12-20,,极度贪婪,3,0.7936507936507936,3.7698412698412698,37.698412698412696,,,,,
2011-12-21,,极度贪婪,3,0.7936507936507936,3.968253968253968,41.269841269841265,,,,,
2011-12-22,,极度贪婪,3,1.1904761904761905,4.166666666666666,44.44444444444444,,,,,
2011-12-23,,极度贪婪,3,1.5873015873015872,14.484126984126986,40.87301587301587,,,,,
2011-12-26,,极度贪婪,3,1.1904761904761905,11.11111111111111,50.0,,,,,
2011-12-27,,极度贪婪,3,0.3968253968253968,4.365079365079365,49.20634920634921,,,,,
2011-12-28,,极度贪婪,3,0.7936507936507936,4.563492063492063,59.92063492063492,,,,,
2011-12-29,,极度贪婪,3,1.1904761904761905,10.317460317460316,57.53968253968254,,,,,
2011-12-30,,极度贪婪,3,3.571428571428571,19.444444444444446,55.55555555555556,,,,,
2012-01-04,,极度贪婪,3,0.7936507936507936,17.46031746031746,50.0,,,,,
2012-01-05,,极度贪婪,3,0.3968253968253968,19.841269841269842,49.20634920634921,,,,,
2012-01-06,,极度贪婪,3,1.1904761904761905,23.41269841269841,47.22222222222222,,,,,
2012-01-09,,极度贪婪,3,6.746031746031746,60.317460317460316,20.238095238095227,,,,,
2012-01-10,,极度贪婪,3,11.11111111111111,75.39682539682539,4.761904761904773,,,,,
2012-01-11,,极度贪婪,3,10.317460317460316,78.96825396825396,4.761904761904773,,,,,
2012-01-12,,极度贪婪,3,10.714285714285714,77.77777777777779,9.126984126984127,,,,,
2012-01-13,,极度贪婪,3,8.333333333333332,64.28571428571429,19.444444444444443,,,,,
2012-01-16,,极度贪婪,3,6.746031746031746,56.34920634920635,25.396825396825392,,,,,
2012-01-17,,极度贪婪,3,16.666666666666664,71.82539682539682,0.0,,,,,
2012-01-18,,极度贪婪,3,10.714285714285714,67.46031746031747,0.0,,,,,
2012-01-19,,极度贪婪,3,17.857142857142858,70.23809523809523,0.0,,,,,
2012-01-20,,极度贪婪,3,24.6031746031746,75.79365079365078,0.0,,,,,
2012-01-30,,极度贪婪,3,17.46031746031746,71.42857142857143,0.0,,,,,
2012-01-31,,极度贪婪,3,18.650793650793652,73.80952380952381,0.39682539682539186,,,,,
2012-02-01,,极度贪婪,3,14.682539682539684,71.03174603174604,0.0,,,,,
2012-02-02,,极度贪婪,3,23.809523809523807,80.55555555555556,0.0,,,,,
2012-02-03,,极度贪婪,3,28.57142857142857,88.4920634920635,1.1904761904761898,,,,,
2012-02-06,,极度贪婪,3,28.57142857142857,89.68253968253968,2.7777777777777857,,,,,
2012-02-07,,极度贪婪,3,19.841269841269842,83.33333333333334,2.7777777777777857,,,,,
2012-02-08,,极度贪婪,3,30.952380952380953,94.44444444444444,0.0,,,,,
2012-02-09,,极度贪婪,3,31.746031746031743,94.04761904761905,0.7936507936507837,,,,,
2012-02-10,,极度贪婪,3,33.730158730158735,93.84920634920636,3.1746031746031775,,,,,
2012-02-13,,极度贪婪,3,34.12698412698413,93.65079365079364,3.1746031746031775,,,,,
2012-02-14,,极度贪婪,3,31.349206349206348,93.45238095238095,2.7777777777777857,,,,,
2012-02-15,,极度贪婪,3,37.698412698412696,98.21428571428571,4.365079365079367,,,,,
2012-02-16,,极度贪婪,3,36.507936507936506,90.47619047619048,5.158730158730165,,,,,
2012-02-17,,极度贪婪,3,37.301587301587304,98.01587301587301,5.158730158730165,,,,,
2012-02-20,,极度贪婪,3,38.095238095238095,97.81746031746032,5.158730158730165,,,,,
2012-02-21,,极度贪婪,3,40.87301587301587,92.06349206349206,6.746031746031747,,,,,
2012-02-22,,极度贪婪,3,46.82539682539682,94.44444444444444,8.333333333333343,,,,,
2012-02-23,,极度贪婪,3,48.41269841269841,94.24603174603175,8.730158730158735,,,,,
2012-02-24,,极度贪婪,3,50.79365079365079,94.04761904761905,8.730158730158735,,,,,
2012-02-27,,极度贪婪,3,52.77777777777778,97.61904761904762,14.682539682539684,,,,,
2012-02-28,,极度贪婪,3,53.17460317460318,97.42063492063492,23.80952380952381,,,,,
2012-02-29,,极度贪婪,3,50.39682539682539,97.22222222222221,22.222222222222214,,,,,
2012-03-01,,极度贪婪,3,51.19047619047619,97.02380952380952,21.825396825396822,,,,,
2012-03-02,,极度贪婪,3,55.55555555555556,96.82539682539682,24.206349206349216,,,,,
2012-03-05,,极度贪婪,3,55.158730158730165,89.88095238095238,30.555555555555557,,,,,
2012-03-06,,极度贪婪,3,50.39682539682539,78.57142857142857,62.698412698412696,,,,,
2012-03-07,,极度贪婪,3,49.60317460317461,71.82539682539682,65.87301587301587,,,,,
2012-03-08,,极度贪婪,3,53.57142857142857,78.96825396825396,69.84126984126985,,,,,
2012-03-09,,极度贪婪,3,56.74603174603175,81.74603174603175,70.63492063492063,,,,,
2012-03-12,,极度贪婪,3,56.74603174603175,78.17460317460318,77.77777777777777,,,,,
2012-03-13,,极度贪婪,3,59.92063492063492,82.73809523809523,76.98412698412699,,,,,
2012-03-14,,极度贪婪,3,50.79365079365079,59.12698412698413,61.904761904761905,,,,,
2012-03-15,,极度贪婪,3,49.60317460317461,52.77777777777778,69.84126984126985,,,,,
2012-03-16,,极度贪婪,3,55.158730158730165,63.49206349206349,65.47619047619048,,,,,
2012-03-19,,极度贪婪,3,56.34920634920635,67.06349206349206,65.47619047619048,,,,,
2012-03-20,,极度贪婪,3,50.39682539682539,53.17460317460318,68.25396825396825,,,,,
2012-03-21,,极度贪婪,3,51.19047619047619,53.57142857142857,84.12698412698413,,,,,
2012-03-22,,极度贪婪,3,51.19047619047619,48.41269841269841,83.73015873015873,,,,,
2012-03-23,,极度贪婪,3,48.01587301587302,32.93650793650794,80.55555555555556,,,,,
2012-03-26,,极度贪婪,3,48.80952380952381,34.12698412698413,80.55555555555556,,,,,
2012-03-27,,极度贪婪,3,48.01587301587302,19.444444444444446,80.55555555555556,,,,,
2012-03-28,,极度贪婪,3,36.904761904761905,10.317460317460316,62.301587301587304,,,,,
2012-03-29,,极度贪婪,3,30.555555555555557,9.126984126984127,59.92063492063492,,,,,
2012-03-30,,极度贪婪,3,34.12698412698413,9.325396825396826,59.523809523809526,,,,,
2012-04-05,,极度贪婪,3,45.63492063492063,23.015873015873016,48.412698412698404,,,,,
2012-04-06,,极度贪婪,3,47.61904761904761,39.285714285714285,48.80952380952381,,,,,
2012-04-09,,极度贪婪,3,43.65079365079365,30.158730158730158,51.19047619047619,,,,,
2012-04-10,,极度贪婪,3,49.2063492063492,39.285714285714285,49.20634920634921,,,,,
2012-04-11,,极度贪婪,3,49.60317460317461,43.25396825396825,55.952380952380956,,,,,
2012-04-12,,极度贪婪,3,58.730158730158735,65.07936507936508,47.61904761904761,,,,,
2012-04-13,,极度贪婪,3,62.301587301587304,73.4126984126984,47.61904761904761,,,,,
2012-04-16,,极度贪婪,3,60.71428571428571,70.63492063492063,49.60317460317461,,,,,
2012-04-17,,极度贪婪,3,55.55555555555556,62.301587301587304,46.82539682539682,,,,,
2012-04-18,,极度贪婪,3,66.66666666666666,79.36507936507937,44.44444444444444,,,,,
2012-04-19,,极度贪婪,3,66.26984126984127,77.77777777777779,45.238095238095234,,,,,
2012-04-20,,极度贪婪,3,70.63492063492063,89.28571428571429,46.42857142857143,,,,,
2012-04-23,,极度贪婪,3,68.65079365079364,73.80952380952381,46.42857142857143,,,,,
2012-04-24,,极度贪婪,3,69.44444444444444,69.44444444444444,50.0,,,,,
2012-04-25,,极度贪婪,3,73.01587301587301,74.20634920634922,51.98412698412698,,,,,
2012-04-26,,极度贪婪,3,74.20634920634922,73.4126984126984,52.38095238095239,,,,,
2012-04-27,,极度贪婪,3,74.20634920634922,71.82539682539682,53.96825396825397,,,,,
2012-05-02,,极度贪婪,3,81.34920634920636,75.79365079365078,61.507936507936506,,,,,
2012-05-03,,极度贪婪,3,82.53968253968253,76.78571428571429,63.88888888888889,,,,,
2012-05-04,,极度贪婪,3,86.90476190476191,82.93650793650794,67.46031746031747,,,,,
2012-05-07,,极度贪婪,3,87.3015873015873,88.69047619047619,67.85714285714286,,,,,
2012-05-08,,极度贪婪,3,86.90476190476191,88.4920634920635,75.7936507936508,,,,,
2012-05-09,,极度贪婪,3,79.76190476190477,72.22222222222221,65.47619047619048,,,,,
2012-05-10,,极度贪婪,3,80.15873015873017,71.42857142857143,66.26984126984127,,,,,
2012-05-11,,极度贪婪,3,78.57142857142857,59.92063492063492,69.04761904761905,,,,,
2012-05-14,,极度贪婪,3,75.39682539682539,53.57142857142857,66.66666666666667,,,,,
2012-05-15,,极度贪婪,3,76.5873015873016,52.38095238095239,67.06349206349206,,,,,
2012-05-16,,极度贪婪,3,69.84126984126983,40.87301587301587,81.74603174603175,,,,,
2012-05-17,,极度贪婪,3,77.38095238095238,50.0,82.53968253968254,,,,,
2012-05-18,,极度贪婪,3,71.42857142857143,38.095238095238095,76.98412698412699,,,,,
2012-05-21,,极度贪婪,3,73.4126984126984,39.285714285714285,88.88888888888889,,,,,
2012-05-22,,极度贪婪,3,81.34920634920636,54.36507936507936,82.93650793650794,,,,,
2012-05-23,,极度贪婪,3,80.55555555555556,50.79365079365079,85.71428571428572,,,,,
2012-05-24,,极度贪婪,3,76.19047619047619,44.44444444444444,85.71428571428572,,,,,
2012-05-25,,极度贪婪,3,72.22222222222221,28.174603174603174,82.93650793650794,,,,,
2012-05-28,,极度贪婪,3,82.53968253968253,44.44444444444444,86.9047619047619,,,,,
2012-05-29,,极度贪婪,3,88.09523809523809,61.904761904761905,81.74603174603175,,,,,
2012-05-30,,极度贪婪,3,87.3015873015873,59.92063492063492,81.74603174603175,,,,,
2012-05-31,,极度贪婪,3,86.11111111111111,59.523809523809526,87.6984126984127,,,,,
2012-06-01,,极度贪婪,3,86.5079365079365,60.317460317460316,98.01587301587301,,,,,
2012-06-04,,极度贪婪,3,72.22222222222221,35.714285714285715,78.57142857142857,,,,,
2012-06-05,,极度贪婪,3,72.61904761904762,37.301587301587304,83.33333333333334,,,,,
2012-06-06,,极度贪婪,3,73.01587301587301,38.88888888888889,85.71428571428572,,,,,
2012-06-07,,极度贪婪,3,68.65079365079364,32.142857142857146,84.92063492063492,,,,,
2012-06-08,,极度贪婪,3,65.87301587301587,32.142857142857146,87.3015873015873,,,,,
2012-06-11,,极度贪婪,3,75.79365079365078,48.41269841269841,78.96825396825398,,,,,
2012-06-12,,极度贪婪,3,71.03174603174604,46.03174603174603,78.57142857142857,,,,,
2012-06-13,,极度贪婪,3,82.53968253968253,56.74603174603175,88.0952380952381,,,,,
2012-06-14,,极度贪婪,3,78.17460317460318,55.158730158730165,86.9047619047619,,,,,
2012-06-15,,极度贪婪,3,80.15873015873017,55.158730158730165,91.26984126984127,,,,,
2012-06-18,,极度贪婪,3,84.52380952380952,60.317460317460316,90.47619047619048,,,,,
2012-06-19,,极度贪婪,3,78.96825396825396,53.96825396825397,87.6984126984127,,,,,
2012-06-20,,极度贪婪,3,77.38095238095238,53.96825396825397,97.22222222222223,,,,,
2012-06-21,,极度贪婪,3,67.46031746031747,43.25396825396825,92.85714285714286,,,,,
2012-06-25,,极度贪婪,3,56.74603174603175,34.523809523809526,77.77777777777777,,,,,
2012-06-26,,极度贪婪,3,57.14285714285714,26.190476190476193,78.57142857142857,,,,,
2012-06-27,,极度贪婪,3,55.55555555555556,32.53968253968254,78.96825396825398,,,,,
2012-06-28,,极度贪婪,3,52.77777777777778,25.793650793650798,83.33333333333334,,,,,
2012-06-29,,极度贪婪,3,60.71428571428571,39.285714285714285,85.71428571428572,,,,,
2012-07-02,,极度贪婪,3,61.904761904761905,48.80952380952381,95.23809523809524,,,,,
2012-07-03,,极度贪婪,3,63.095238095238095,51.19047619047619,95.63492063492063,,,,,
2012-07-04,,极度贪婪,3,63.095238095238095,47.22222222222222,99.2063492063492,,,,,
2012-07-05,,极度贪婪,3,54.761904761904766,41.269841269841265,98.01587301587301,,,,,
2012-07-06,,极度贪婪,3,67.06349206349206,53.17460317460318,88.0952380952381,,,,,
2012-07-09,,极度贪婪,3,53.57142857142857,45.63492063492063,74.60317460317461,,,,,
2012-07-10,,极度贪婪,3,51.98412698412699,37.301587301587304,82.53968253968254,,,,,
2012-07-11,,极度贪婪,3,56.34920634920635,46.42857142857143,92.46031746031746,,,,,
2012-07-12,,极度贪婪,3,63.888888888888886,53.17460317460318,83.73015873015873,,,,,
2012-07-13,,极度贪婪,3,65.47619047619048,52.38095238095239,82.53968253968254,,,,,
2012-07-16,,极度贪婪,3,52.38095238095239,38.88888888888889,73.01587301587301,,,,,
2012-07-17,,极度贪婪,3,56.74603174603175,43.25396825396825,97.22222222222223,,,,,
2012-07-18,,极度贪婪,3,57.936507936507944,43.25396825396825,96.82539682539682,,,,,
2012-07-19,,极度贪婪,3,62.301587301587304,48.41269841269841,94.84126984126985,,,,,
2012-07-20,,极度贪婪,3,55.158730158730165,38.492063492063494,92.06349206349206,,,,,
2012-07-23,,极度贪婪,3,46.42857142857143,32.142857142857146,86.11111111111111,,,,,
2012-07-24,,极度贪婪,3,50.39682539682539,37.698412698412696,96.42857142857143,,,,,
2012-07-25,,极度贪婪,3,46.82539682539682,32.93650793650794,96.42857142857143,,,,,
2012-07-26,,极度贪婪,3,44.84126984126984,15.079365079365079,99.2063492063492,,,,,
2012-07-27,,极度贪婪,3,46.03174603174603,15.277777777777779,99.2063492063492,,,,,
2012-07-30,,极度贪婪,3,44.047619047619044,3.7698412698412698,99.2063492063492,,,,,
2012-07-31,,极度贪婪,3,43.65079365079365,15.873015873015872,99.60317460317461,,,,,
2012-08-01,,极度贪婪,3,51.98412698412699,22.22222222222222,97.61904761904762,,,,,
2012-08-02,,极度贪婪,3,46.42857142857143,16.071428571428573,96.82539682539682,,,,,
2012-08-03,,极度贪婪,3,52.38095238095239,44.44444444444444,97.61904761904762,,,,,
2012-08-06,,极度贪婪,3,64.68253968253968,70.23809523809523,99.60317460317461,,,,,
2012-08-07,,极度贪婪,3,67.06349206349206,71.82539682539682,99.2063492063492,,,,,
2012-08-08,,极度贪婪,3,67.85714285714286,72.22222222222221,99.2063492063492,,,,,
2012-08-09,,极度贪婪,3,76.19047619047619,78.57142857142857,98.41269841269842,,,,,
2012-08-10,,极度贪婪,3,73.01587301587301,78.37301587301587,99.60317460317461,,,,,
2012-08-13,,极度贪婪,3,58.333333333333336,61.904761904761905,95.63492063492063,,,,,
2012-08-14,,极度贪婪,3,59.92063492063492,65.07936507936508,95.23809523809524,,,,,
2012-08-15,,极度贪婪,3,51.98412698412699,58.730158730158735,93.65079365079364,,,,,
2012-08-16,,极度贪婪,3,48.41269841269841,53.17460317460318,97.22222222222223,,,,,
2012-08-17,,极度贪婪,3,47.22222222222222,51.19047619047619,99.60317460317461,,,,,
2012-08-20,,极度贪婪,3,43.25396825396825,54.761904761904766,99.60317460317461,,,,,
2012-08-21,,极度贪婪,3,48.80952380952381,61.50793650793651,99.2063492063492,,,,,
2012-08-22,,极度贪婪,3,42.46031746031746,57.936507936507944,99.60317460317461,,,,,
2012-08-23,,极度贪婪,3,45.63492063492063,60.317460317460316,99.60317460317461,,,,,
2012-08-24,,极度贪婪,3,40.476190476190474,47.023809523809526,99.2063492063492,,,,,
2012-08-27,,极度贪婪,3,29.761904761904763,19.047619047619047,98.80952380952381,,,,,
2012-08-28,,极度贪婪,3,31.349206349206348,25.793650793650798,99.2063492063492,,,,,
2012-08-29,,极度贪婪,3,29.761904761904763,25.793650793650798,97.61904761904762,,,,,
2012-08-30,,极度贪婪,3,28.968253968253972,18.055555555555554,98.80952380952381,,,,,
2012-08-31,,极度贪婪,3,28.57142857142857,7.142857142857142,99.2063492063492,,,,,
2012-09-03,,极度贪婪,3,32.53968253968254,25.198412698412696,98.80952380952381,,,,,
2012-09-04,,极度贪婪,3,28.968253968253972,23.809523809523807,97.61904761904762,,,,,
2012-09-05,,极度贪婪,3,28.968253968253972,38.492063492063494,98.41269841269842,,,,,
2012-09-06,,极度贪婪,3,33.33333333333333,46.42857142857143,94.84126984126985,,,,,
2012-09-07,,极度贪婪,3,63.095238095238095,85.71428571428571,56.74603174603175,,,,,
2012-09-10,,极度贪婪,3,67.46031746031747,83.33333333333334,56.74603174603175,,,,,
2012-09-11,,极度贪婪,3,63.095238095238095,81.34920634920636,55.55555555555556,,,,,
2012-09-12,,极度贪婪,3,65.87301587301587,81.74603174603175,57.53968253968254,,,,,
2012-09-13,,极度贪婪,3,59.523809523809526,80.15873015873017,57.53968253968254,,,,,
2012-09-14,,极度贪婪,3,65.07936507936508,80.15873015873017,58.730158730158735,,,,,
2012-09-17,,极度贪婪,3,46.42857142857143,50.0,52.77777777777778,,,,,
2012-09-18,,极度贪婪,3,43.25396825396825,38.492063492063494,51.19047619047619,,,,,
2012-09-19,,极度贪婪,3,44.84126984126984,56.74603174603175,50.7936507936508,,,,,
2012-09-20,,极度贪婪,3,32.142857142857146,15.476190476190476,44.44444444444444,,,,,
2012-09-21,,极度贪婪,3,33.730158730158735,24.206349206349206,43.65079365079365,,,,,
2012-09-24,,极度贪婪,3,40.07936507936508,34.12698412698413,49.20634920634921,,,,,
2012-09-25,,极度贪婪,3,39.285714285714285,20.833333333333336,49.60317460317461,,,,,
2012-09-26,,极度贪婪,3,31.746031746031743,9.126984126984127,48.80952380952381,,,,,
2012-09-27,,极度贪婪,3,49.2063492063492,50.79365079365079,30.95238095238095,,,,,
2012-09-28,,极度贪婪,3,63.49206349206349,61.50793650793651,27.777777777777786,,,,,
2012-10-08,,极度贪婪,3,55.55555555555556,55.158730158730165,27.38095238095238,,,,,
2012-10-09,,极度贪婪,3,74.60317460317461,71.82539682539682,21.03174603174604,,,,,
2012-10-10,,极度贪婪,3,77.38095238095238,80.55555555555556,22.222222222222214,,,,,
2012-10-11,,极度贪婪,3,69.44444444444444,66.26984126984127,20.634920634920633,,,,,
2012-10-12,,极度贪婪,3,70.63492063492063,63.888888888888886,23.015873015873012,,,,,
2012-10-15,,极度贪婪,3,66.66666666666666,57.14285714285714,29.365079365079367,,,,,
2012-10-16,,极度贪婪,3,68.65079365079364,61.904761904761905,29.365079365079367,,,,,
2012-10-17,,极度贪婪,3,70.23809523809523,69.44444444444444,32.14285714285714,,,,,
2012-10-18,,极度贪婪,3,80.55555555555556,79.16666666666666,28.174603174603178,,,,,
2012-10-19,,极度贪婪,3,79.76190476190477,79.76190476190477,28.57142857142857,,,,,
2012-10-22,,极度贪婪,3,80.95238095238095,80.95238095238095,30.158730158730165,,,,,
2012-10-23,,极度贪婪,3,73.80952380952381,73.4126984126984,29.365079365079367,,,,,
2012-10-24,,极度贪婪,3,72.22222222222221,71.82539682539682,29.365079365079367,,,,,
2012-10-25,,极度贪婪,3,66.26984126984127,58.333333333333336,27.777777777777786,,,,,
2012-10-26,,极度贪婪,3,48.80952380952381,26.984126984126984,53.17460317460318,,,,,
2012-10-29,,极度贪婪,3,44.44444444444444,24.206349206349206,53.17460317460318,,,,,
2012-10-30,,极度贪婪,3,46.03174603174603,23.809523809523807,53.57142857142857,,,,,
2012-10-31,,极度贪婪,3,52.38095238095239,36.11111111111111,51.98412698412698,,,,,
2012-11-01,,极度贪婪,3,71.03174603174604,57.14285714285714,46.42857142857143,,,,,
2012-11-02,,极度贪婪,3,76.5873015873016,62.301587301587304,47.61904761904761,,,,,
2012-11-05,,极度贪婪,3,73.4126984126984,57.53968253968254,61.507936507936506,,,,,
2012-11-06,,极度贪婪,3,69.44444444444444,50.79365079365079,63.095238095238095,,,,,
2012-11-07,,极度贪婪,3,68.25396825396825,48.80952380952381,63.88888888888889,,,,,
2012-11-08,,极度贪婪,3,50.0,17.063492063492063,65.87301587301587,,,,,
2012-11-09,,极度贪婪,3,47.22222222222222,16.666666666666664,65.47619047619048,,,,,
2012-11-12,,极度贪婪,3,53.96825396825397,28.968253968253972,67.46031746031747,,,,,
2012-11-13,,极度贪婪,3,37.698412698412696,6.349206349206349,59.12698412698413,,,,,
2012-11-14,,极度贪婪,3,42.06349206349206,2.579365079365079,62.301587301587304,,,,,
2012-11-15,,极度贪婪,3,33.33333333333333,2.7777777777777777,86.5079365079365,,,,,
2012-11-16,,极度贪婪,3,30.952380952380953,2.976190476190476,93.25396825396825,,,,,
2012-11-19,,极度贪婪,3,30.952380952380953,3.1746031746031744,93.25396825396825,,,,,
2012-11-20,,极度贪婪,3,29.365079365079367,3.373015873015873,94.04761904761905,,,,,
2012-11-21,,极度贪婪,3,35.317460317460316,15.476190476190476,93.65079365079364,,,,,
2012-11-22,,极度贪婪,3,33.730158730158735,6.746031746031746,93.65079365079364,,,,,
2012-11-23,,极度贪婪,3,36.11111111111111,17.46031746031746,92.85714285714286,,,,,
2012-11-26,,极度贪婪,3,33.730158730158735,8.73015873015873,92.46031746031746,,,,,
2012-11-27,,极度贪婪,3,27.77777777777778,8.928571428571429,91.66666666666667,,,,,
2012-11-28,,极度贪婪,3,23.015873015873016,11.904761904761903,91.26984126984127,,,,,
2012-11-29,,极度贪婪,3,20.238095238095237,10.714285714285714,93.65079365079364,,,,,
2012-11-30,,极度贪婪,3,26.190476190476193,15.873015873015872,91.66666666666667,,,,,
2012-12-03,,极度贪婪,3,18.650793650793652,16.666666666666664,90.47619047619048,,,,,
2012-12-04,,极度贪婪,3,25.0,25.396825396825395,89.28571428571429,,,,,
2012-12-05,,极度贪婪,3,46.82539682539682,54.761904761904766,51.19047619047619,,,,,
2012-12-06,,极度贪婪,3,45.63492063492063,53.17460317460318,51.58730158730159,,,,,
2012-12-07,,极度贪婪,3,67.46031746031747,66.26984126984127,48.80952380952381,,,,,
2012-12-10,,极度贪婪,3,78.96825396825396,75.79365079365078,46.03174603174603,,,,,
2012-12-11,,极度贪婪,3,75.39682539682539,74.20634920634922,44.44444444444444,,,,,
2012-12-12,,极度贪婪,3,78.57142857142857,76.5873015873016,45.238095238095234,,,,,
2012-12-13,,极度贪婪,3,66.26984126984127,69.84126984126983,54.36507936507937,,,,,
2012-12-14,,极度贪婪,3,95.63492063492063,87.6984126984127,13.888888888888886,,,,,
2012-12-17,,极度贪婪,3,96.42857142857143,96.42857142857143,13.888888888888886,,,,,
2012-12-18,,极度贪婪,3,96.82539682539682,92.46031746031747,14.682539682539684,,,,,
2012-12-19,,极度贪婪,3,97.22222222222221,92.26190476190477,15.476190476190482,,,,,
2012-12-20,,极度贪婪,3,98.80952380952381,86.11111111111111,17.063492063492063,,,,,
2012-12-21,,极度贪婪,3,96.82539682539682,86.11111111111111,17.063492063492063,,,,,
2012-12-24,,极度贪婪,3,98.01587301587301,85.9126984126984,17.46031746031747,,,,,
2012-12-25,,极度贪婪,3,100.0,85.71428571428571,16.269841269841265,,,,,
2012-12-26,,极度贪婪,3,100.0,96.23015873015873,16.666666666666657,,,,,
2012-12-27,,极度贪婪,3,99.20634920634922,96.03174603174604,17.46031746031747,,,,,
2012-12-28,,极度贪婪,3,100.0,95.83333333333334,18.253968253968253,,,,,
2012-12-31,,极度贪婪,3,100.0,80.55555555555556,17.46031746031747,,,,,
2013-01-04,,极度贪婪,3,100.0,79.36507936507937,17.85714285714286,,,,,
2013-01-07,,极度贪婪,3,100.0,79.16666666666666,20.238095238095227,,,,,
2013-01-08,,极度贪婪,3,99.20634920634922,78.96825396825396,21.825396825396822,,,,,
2013-01-09,,极度贪婪,3,98.4126984126984,82.53968253968253,21.825396825396822,,,,,
2013-01-10,,极度贪婪,3,99.60317460317461,86.11111111111111,26.19047619047619,,,,,
2013-01-11,,极度贪婪,3,97.22222222222221,82.73809523809523,18.253968253968253,,,,,
2013-01-14,,极度贪婪,3,100.0,96.42857142857143,11.111111111111114,,,,,
2013-01-15,,极度贪婪,3,100.0,96.42857142857143,11.507936507936506,,,,,
2013-01-16,,极度贪婪,3,99.20634920634922,96.23015873015873,11.507936507936506,,,,,
2013-01-17,,极度贪婪,3,98.80952380952381,92.06349206349206,12.301587301587304,,,,,
2013-01-18,,极度贪婪,3,99.60317460317461,91.86507936507937,11.904761904761912,,,,,
2013-01-21,,极度贪婪,3,100.0,88.4920634920635,26.19047619047619,,,,,
2013-01-22,,极度贪婪,3,99.20634920634922,82.14285714285714,23.80952380952381,,,,,
2013-01-23,,极度贪婪,3,99.60317460317461,80.15873015873017,28.96825396825396,,,,,
2013-01-24,,极度贪婪,3,97.61904761904762,63.095238095238095,23.80952380952381,,,,,
2013-01-25,,极度贪婪,3,96.82539682539682,59.12698412698413,25.0,,,,,
2013-01-28,,极度贪婪,3,100.0,73.01587301587301,12.698412698412696,,,,,
2013-01-29,,极度贪婪,3,100.0,75.0,17.063492063492063,,,,,
2013-01-30,,极度贪婪,3,100.0,74.60317460317461,40.476190476190474,,,,,
2013-01-31,,极度贪婪,3,99.60317460317461,71.03174603174604,39.682539682539684,,,,,
2013-02-01,,极度贪婪,3,100.0,72.61904761904762,35.317460317460316,,,,,
2013-02-04,,极度贪婪,3,100.0,64.68253968253968,35.317460317460316,,,,,
2013-02-05,,极度贪婪,3,100.0,71.03174603174604,34.52380952380952,,,,,
2013-02-06,,极度贪婪,3,100.0,73.80952380952381,38.095238095238095,,,,,
2013-02-07,,极度贪婪,3,99.20634920634922,78.57142857142857,32.93650793650794,,,,,
2013-02-08,,极度贪婪,3,99.20634920634922,83.73015873015873,49.20634920634921,,,,,
2013-02-18,,极度贪婪,3,97.61904761904762,78.76984126984127,39.28571428571429,,,,,
2013-02-19,,极度贪婪,3,96.03174603174604,67.46031746031747,28.96825396825396,,,,,
2013-02-20,,极度贪婪,3,97.22222222222221,69.84126984126983,31.349206349206355,,,,,
2013-02-21,,极度贪婪,3,92.85714285714286,51.19047619047619,25.0,,,,,
2013-02-22,,极度贪婪,3,91.26984126984127,50.39682539682539,24.603174603174608,,,,,
2013-02-25,,极度贪婪,3,92.46031746031747,53.57142857142857,24.603174603174608,,,,,
2013-02-26,,极度贪婪,3,89.68253968253968,46.03174603174603,18.253968253968253,,,,,
2013-02-27,,极度贪婪,3,90.47619047619048,45.23809523809524,14.682539682539684,,,,,
2013-02-28,,极度贪婪,3,95.23809523809523,59.92063492063492,3.9682539682539613,,,,,
2013-03-01,,极度贪婪,3,94.84126984126983,59.523809523809526,7.936507936507937,,,,,
2013-03-04,,极度贪婪,3,85.71428571428571,44.44444444444444,2.3809523809523796,,,,,
2013-03-05,,极度贪婪,3,93.25396825396825,51.19047619047619,1.5873015873015959,,,,,
2013-03-06,,极度贪婪,3,94.04761904761905,55.55555555555556,0.7936507936507837,,,,,
2013-03-07,,极度贪婪,3,92.46031746031747,52.38095238095239,0.39682539682539186,,,,,
2013-03-08,,极度贪婪,3,90.47619047619048,49.60317460317461,1.5873015873015959,,,,,
2013-03-11,,极度贪婪,3,87.6984126984127,46.42857142857143,1.5873015873015959,,,,,
2013-03-12,,极度贪婪,3,85.71428571428571,27.380952380952383,0.7936507936507837,,,,,
2013-03-13,,极度贪婪,3,82.93650793650794,16.26984126984127,0.0,,,,,
2013-03-14,,极度贪婪,3,82.93650793650794,23.41269841269841,0.7936507936507837,,,,,
2013-03-15,,极度贪婪,3,82.93650793650794,31.746031746031743,1.5873015873015959,,,,,
2013-03-18,,极度贪婪,3,80.95238095238095,25.0,3.5714285714285694,,,,,
2013-03-19,,极度贪婪,3,81.74603174603175,21.825396825396826,3.9682539682539613,,,,,
2013-03-20,,极度贪婪,3,90.87301587301587,60.71428571428571,0.0,,,,,
2013-03-21,,极度贪婪,3,91.66666666666666,66.66666666666666,0.0,,,,,
2013-03-22,,极度贪婪,3,92.46031746031747,70.23809523809523,3.5714285714285694,,,,,
2013-03-25,,极度贪婪,3,90.87301587301587,69.44444444444444,3.9682539682539613,,,,,
2013-03-26,,极度贪婪,3,85.31746031746032,49.2063492063492,3.5714285714285694,,,,,
2013-03-27,,极度贪婪,3,85.71428571428571,53.17460317460318,3.5714285714285694,,,,,
2013-03-28,,极度贪婪,3,77.77777777777779,29.365079365079367,0.0,,,,,
2013-03-29,,极度贪婪,3,77.38095238095238,28.57142857142857,0.39682539682539186,,,,,
2013-04-01,,极度贪婪,3,76.98412698412699,34.92063492063492,0.7936507936507837,,,,,
2013-04-02,,极度贪婪,3,76.5873015873016,15.476190476190476,1.1904761904761898,,,,,
2013-04-03,,极度贪婪,3,76.19047619047619,10.714285714285714,2.3809523809523796,,,,,
2013-04-08,,极度贪婪,3,75.0,20.238095238095237,7.936507936507937,,,,,
2013-04-09,,极度贪婪,3,76.5873015873016,34.12698412698413,7.936507936507937,,,,,
2013-04-10,,极度贪婪,3,76.19047619047619,30.753968253968257,8.333333333333343,,,,,
2013-04-11,,极度贪婪,3,74.60317460317461,23.41269841269841,9.126984126984127,,,,,
2013-04-12,,极度贪婪,3,73.01587301587301,13.492063492063492,10.714285714285708,,,,,
2013-04-15,,极度贪婪,3,72.61904761904762,11.904761904761903,18.650793650793645,,,,,
2013-04-16,,极度贪婪,3,72.61904761904762,17.658730158730158,16.269841269841265,,,,,
2013-04-17,,极度贪婪,3,72.22222222222221,35.317460317460316,45.63492063492064,,,,,
2013-04-18,,极度贪婪,3,73.01587301587301,38.095238095238095,70.23809523809524,,,,,
2013-04-19,,极度贪婪,3,80.15873015873017,69.44444444444444,49.60317460317461,,,,,
2013-04-22,,极度贪婪,3,79.76190476190477,74.20634920634922,52.77777777777778,,,,,
2013-04-23,,极度贪婪,3,70.63492063492063,40.07936507936508,32.93650793650794,,,,,
2013-04-24,,极度贪婪,3,76.98412698412699,65.87301587301587,32.93650793650794,,,,,
2013-04-25,,极度贪婪,3,72.22222222222221,49.60317460317461,33.33333333333334,,,,,
2013-04-26,,极度贪婪,3,69.44444444444444,37.301587301587304,33.730158730158735,,,,,
2013-05-02,,极度贪婪,3,69.84126984126983,46.82539682539682,34.12698412698413,,,,,
2013-05-03,,极度贪婪,3,76.19047619047619,65.87301587301587,32.53968253968253,,,,,
2013-05-06,,极度贪婪,3,79.36507936507937,77.77777777777779,33.33333333333334,,,,,
2013-05-07,,极度贪婪,3,79.76190476190477,79.36507936507937,33.730158730158735,,,,,
2013-05-08,,极度贪婪,3,82.53968253968253,81.74603174603175,45.238095238095234,,,,,
2013-05-09,,极度贪婪,3,78.96825396825396,80.55555555555556,44.841269841269835,,,,,
2013-05-10,,极度贪婪,3,81.74603174603175,82.93650793650794,44.047619047619044,,,,,
2013-05-13,,极度贪婪,3,79.76190476190477,81.34920634920636,43.65079365079365,,,,,
2013-05-14,,极度贪婪,3,75.0,64.68253968253968,43.25396825396825,,,,,
2013-05-15,,极度贪婪,3,75.79365079365078,70.63492063492063,42.46031746031746,,,,,
2013-05-16,,极度贪婪,3,83.73015873015873,81.15079365079364,61.11111111111111,,,,,
2013-05-17,,极度贪婪,3,88.88888888888889,94.04761904761905,57.93650793650794,,,,,
2013-05-20,,极度贪婪,3,93.25396825396825,93.84920634920636,57.142857142857146,,,,,
2013-05-21,,极度贪婪,3,93.65079365079364,93.65079365079364,57.53968253968254,,,,,
2013-05-22,,极度贪婪,3,93.65079365079364,92.85714285714286,58.33333333333333,,,,,
2013-05-23,,极度贪婪,3,85.71428571428571,89.28571428571429,51.19047619047619,,,,,
2013-05-24,,极度贪婪,3,88.4920634920635,91.26984126984127,51.58730158730159,,,,,
2013-05-27,,极度贪婪,3,89.28571428571429,87.3015873015873,52.38095238095239,,,,,
2013-05-28,,极度贪婪,3,94.04761904761905,93.45238095238095,46.42857142857143,,,,,
2013-05-29,,极度贪婪,3,93.65079365079364,93.25396825396825,48.80952380952381,,,,,
2013-05-30,,极度贪婪,3,93.25396825396825,91.86507936507937,52.38095238095239,,,,,
2013-05-31,,极度贪婪,3,90.07936507936508,82.14285714285714,49.20634920634921,,,,,
2013-06-03,,极度贪婪,3,88.4920634920635,75.39682539682539,49.20634920634921,,,,,
2013-06-04,,极度贪婪,3,80.15873015873017,41.66666666666667,42.063492063492056,,,,,
2013-06-05,,极度贪婪,3,79.36507936507937,46.82539682539682,62.698412698412696,,,,,
2013-06-06,,极度贪婪,3,73.80952380952381,16.26984126984127,60.317460317460316,,,,,
2013-06-07,,极度贪婪,3,66.26984126984127,5.952380952380952,80.15873015873015,,,,,
2013-06-13,,极度贪婪,3,57.936507936507944,6.15079365079365,59.12698412698413,,,,,
2013-06-14,,极度贪婪,3,57.936507936507944,20.833333333333336,61.11111111111111,,,,,
2013-06-17,,极度贪婪,3,57.53968253968254,26.984126984126984,61.904761904761905,,,,,
2013-06-18,,极度贪婪,3,57.936507936507944,23.41269841269841,61.11111111111111,,,,,
2013-06-19,,极度贪婪,3,56.74603174603175,20.238095238095237,69.04761904761905,,,,,
2013-06-20,,极度贪婪,3,50.79365079365079,3.571428571428571,46.03174603174603,,,,,
2013-06-21,,极度贪婪,3,50.0,4.761904761904762,46.42857142857143,,,,,
2013-06-24,,极度贪婪,3,11.904761904761903,3.571428571428571,7.936507936507937,,,,,
2013-06-25,,极度贪婪,3,11.507936507936508,1.984126984126984,7.936507936507937,,,,,
2013-06-26,,极度贪婪,3,12.3015873015873,11.507936507936508,8.730158730158735,,,,,
2013-06-27,,极度贪婪,3,11.11111111111111,7.142857142857142,8.730158730158735,,,,,
2013-06-28,,极度贪婪,3,25.396825396825395,11.11111111111111,5.952380952380949,,,,,
2013-07-01,,极度贪婪,3,29.365079365079367,25.396825396825395,5.952380952380949,,,,,
2013-07-02,,极度贪婪,3,32.93650793650794,34.523809523809526,10.317460317460316,,,,,
2013-07-03,,极度贪婪,3,27.380952380952383,37.301587301587304,13.492063492063494,,,,,
2013-07-04,,极度贪婪,3,34.92063492063492,38.095238095238095,13.095238095238088,,,,,
2013-07-05,,极度贪婪,3,37.698412698412696,36.507936507936506,13.095238095238088,,,,,
2013-07-08,,极度贪婪,3,15.079365079365079,18.253968253968253,8.730158730158735,,,,,
2013-07-09,,极度贪婪,3,15.476190476190476,29.761904761904763,9.126984126984127,,,,,
2013-07-10,,极度贪婪,3,39.285714285714285,40.07936507936508,1.1904761904761898,,,,,
2013-07-11,,极度贪婪,3,53.17460317460318,78.57142857142857,0.0,,,,,
2013-07-12,,极度贪婪,3,51.98412698412699,69.04761904761905,0.39682539682539186,,,,,
2013-07-15,,极度贪婪,3,52.77777777777778,80.15873015873017,0.0,,,,,
2013-07-16,,极度贪婪,3,52.77777777777778,84.12698412698413,0.0,,,,,
2013-07-17,,极度贪婪,3,51.19047619047619,78.17460317460318,0.0,,,,,
2013-07-18,,极度贪婪,3,47.61904761904761,67.85714285714286,0.0,,,,,
2013-07-19,,极度贪婪,3,27.380952380952383,45.23809523809524,0.0,,,,,
2013-07-22,,极度贪婪,3,32.53968253968254,49.60317460317461,0.0,,,,,
2013-07-23,,极度贪婪,3,50.39682539682539,79.56349206349206,0.0,,,,,
2013-07-24,,极度贪婪,3,48.80952380952381,63.888888888888886,0.39682539682539186,,,,,
2013-07-25,,极度贪婪,3,46.42857142857143,57.936507936507944,1.5873015873015959,,,,,
2013-07-26,,极度贪婪,3,41.66666666666667,51.587301587301596,1.9841269841269877,,,,,
2013-07-29,,极度贪婪,3,23.015873015873016,37.698412698412696,0.7936507936507837,,,,,
2013-07-30,,极度贪婪,3,29.365079365079367,33.730158730158735,1.1904761904761898,,,,,
2013-07-31,,极度贪婪,3,30.555555555555557,35.317460317460316,0.7936507936507837,,,,,
2013-08-01,,极度贪婪,3,48.80952380952381,68.65079365079364,3.1746031746031775,,,,,
2013-08-02,,极度贪婪,3,48.80952380952381,69.84126984126983,3.1746031746031775,,,,,
2013-08-05,,极度贪婪,3,51.19047619047619,86.11111111111111,12.698412698412696,,,,,
2013-08-06,,极度贪婪,3,51.98412698412699,83.73015873015873,12.698412698412696,,,,,
2013-08-07,,极度贪婪,3,50.79365079365079,77.38095238095238,11.904761904761912,,,,,
2013-08-08,,极度贪婪,3,50.0,73.80952380952381,12.698412698412696,,,,,
2013-08-09,,极度贪婪,3,50.79365079365079,76.5873015873016,17.46031746031747,,,,,
2013-08-12,,极度贪婪,3,55.158730158730165,84.52380952380952,8.333333333333343,,,,,
2013-08-13,,极度贪婪,3,55.55555555555556,90.87301587301587,8.730158730158735,,,,,
2013-08-14,,极度贪婪,3,54.36507936507936,97.81746031746032,9.523809523809518,,,,,
2013-08-15,,极度贪婪,3,51.98412698412699,71.03174603174604,8.333333333333343,,,,,
2013-08-16,,极度贪婪,3,50.79365079365079,50.79365079365079,7.936507936507937,,,,,
2013-08-19,,极度贪婪,3,52.38095238095239,66.66666666666666,19.444444444444443,,,,,
2013-08-20,,极度贪婪,3,51.19047619047619,61.111111111111114,17.85714285714286,,,,,
2013-08-21,,极度贪婪,3,50.39682539682539,63.49206349206349,24.603174603174608,,,,,
2013-08-22,,极度贪婪,3,49.60317460317461,60.317460317460316,51.98412698412698,,,,,
2013-08-23,,极度贪婪,3,47.61904761904761,53.17460317460318,53.57142857142857,,,,,
2013-08-26,,极度贪婪,3,52.38095238095239,74.20634920634922,53.17460317460318,,,,,
2013-08-27,,极度贪婪,3,52.77777777777778,78.96825396825396,53.57142857142857,,,,,
2013-08-28,,极度贪婪,3,51.19047619047619,58.730158730158735,54.36507936507937,,,,,
2013-08-29,,极度贪婪,3,50.0,52.77777777777778,56.34920634920635,,,,,
2013-08-30,,极度贪婪,3,49.60317460317461,42.46031746031746,78.17460317460318,,,,,
2013-09-02,,极度贪婪,3,50.39682539682539,48.80952380952381,78.96825396825398,,,,,
2013-09-03,,极度贪婪,3,54.761904761904766,70.23809523809523,87.6984126984127,,,,,
2013-09-04,,极度贪婪,3,53.96825396825397,66.26984126984127,88.0952380952381,,,,,
2013-09-05,,极度贪婪,3,52.38095238095239,60.317460317460316,88.4920634920635,,,,,
2013-09-06,,极度贪婪,3,55.55555555555556,66.26984126984127,88.88888888888889,,,,,
2013-09-09,,极度贪婪,3,65.07936507936508,79.36507936507937,85.71428571428572,,,,,
2013-09-10,,极度贪婪,3,70.23809523809523,71.82539682539682,84.92063492063492,,,,,
2013-09-11,,极度贪婪,3,71.42857142857143,59.12698412698413,85.31746031746032,,,,,
2013-09-12,,极度贪婪,3,77.38095238095238,58.730158730158735,88.88888888888889,,,,,
2013-09-13,,极度贪婪,3,72.61904761904762,64.28571428571429,88.4920634920635,,,,,
2013-09-16,,极度贪婪,3,68.65079365079364,69.84126984126983,88.88888888888889,,,,,
2013-09-17,,极度贪婪,3,59.523809523809526,49.2063492063492,78.17460317460318,,,,,
2013-09-18,,极度贪婪,3,60.317460317460316,52.77777777777778,81.74603174603175,,,,,
2013-09-23,,极度贪婪,3,67.46031746031747,80.95238095238095,74.2063492063492,,,,,
2013-09-24,,极度贪婪,3,61.111111111111114,65.47619047619048,68.25396825396825,,,,,
2013-09-25,,极度贪婪,3,57.53968253968254,56.74603174603175,90.07936507936508,,,,,
2013-09-26,,极度贪婪,3,52.77777777777778,36.904761904761905,79.76190476190476,,,,,
2013-09-27,,极度贪婪,3,53.57142857142857,38.095238095238095,80.15873015873015,,,,,
2013-09-30,,极度贪婪,3,53.96825396825397,40.87301587301587,86.5079365079365,,,,,
2013-10-08,,极度贪婪,3,59.92063492063492,50.39682539682539,84.52380952380952,,,,,
2013-10-09,,极度贪婪,3,63.095238095238095,51.98412698412699,86.9047619047619,,,,,
2013-10-10,,极度贪婪,3,55.952380952380956,45.63492063492063,85.71428571428572,,,,,
2013-10-11,,极度贪婪,3,66.66666666666666,60.317460317460316,76.19047619047619,,,,,
2013-10-14,,极度贪婪,3,66.66666666666666,59.523809523809526,76.5873015873016,,,,,
2013-10-15,,极度贪婪,3,65.47619047619048,57.341269841269835,82.14285714285714,,,,,
2013-10-16,,极度贪婪,3,52.77777777777778,39.682539682539684,76.98412698412699,,,,,
2013-10-17,,极度贪婪,3,50.79365079365079,38.88888888888889,76.19047619047619,,,,,
2013-10-18,,极度贪婪,3,52.77777777777778,40.87301587301587,78.17460317460318,,,,,
2013-10-21,,极度贪婪,3,65.47619047619048,60.11904761904761,68.65079365079364,,,,,
2013-10-22,,极度贪婪,3,57.14285714285714,47.61904761904761,63.095238095238095,,,,,
2013-10-23,,极度贪婪,3,49.60317460317461,28.968253968253972,58.730158730158735,,,,,
2013-10-24,,极度贪婪,3,47.61904761904761,22.61904761904762,61.507936507936506,,,,,
2013-10-25,,极度贪婪,3,42.06349206349206,14.682539682539684,56.74603174603175,,,,,
2013-10-28,,极度贪婪,3,40.87301587301587,13.492063492063492,57.53968253968254,,,,,
2013-10-29,,极度贪婪,3,42.46031746031746,15.079365079365079,57.93650793650794,,,,,
2013-10-30,,极度贪婪,3,48.41269841269841,24.206349206349206,90.87301587301587,,,,,
2013-10-31,,极度贪婪,3,42.857142857142854,18.253968253968253,91.26984126984127,,,,,
2013-11-01,,极度贪婪,3,45.23809523809524,21.03174603174603,90.47619047619048,,,,,
2013-11-04,,极度贪婪,3,43.25396825396825,19.444444444444446,92.46031746031746,,,,,
2013-11-05,,极度贪婪,3,44.44444444444444,19.047619047619047,92.46031746031746,,,,,
2013-11-06,,极度贪婪,3,36.11111111111111,12.698412698412698,90.87301587301587,,,,,
2013-11-07,,极度贪婪,3,33.33333333333333,11.11111111111111,94.04761904761905,,,,,
2013-11-08,,极度贪婪,3,28.57142857142857,2.7777777777777777,93.25396825396825,,,,,
2013-11-11,,极度贪婪,3,29.761904761904763,4.761904761904762,94.44444444444444,,,,,
2013-11-12,,极度贪婪,3,32.93650793650794,8.73015873015873,94.04761904761905,,,,,
2013-11-13,,极度贪婪,3,25.0,3.571428571428571,89.68253968253968,,,,,
2013-11-14,,极度贪婪,3,26.58730158730159,10.714285714285714,92.85714285714286,,,,,
2013-11-15,,极度贪婪,3,34.523809523809526,25.793650793650798,85.71428571428572,,,,,
2013-11-18,,极度贪婪,3,51.19047619047619,85.31746031746032,49.20634920634921,,,,,
2013-11-19,,极度贪婪,3,48.01587301587302,81.74603174603175,53.96825396825397,,,,,
2013-11-20,,极度贪婪,3,49.60317460317461,87.6984126984127,53.57142857142857,,,,,
2013-11-21,,极度贪婪,3,46.42857142857143,79.76190476190477,55.55555555555556,,,,,
2013-11-22,,极度贪婪,3,44.44444444444444,71.42857142857143,63.095238095238095,,,,,
2013-11-25,,极度贪婪,3,42.857142857142854,66.26984126984127,63.095238095238095,,,,,
2013-11-26,,极度贪婪,3,41.66666666666667,63.49206349206349,63.492063492063494,,,,,
2013-11-27,,极度贪婪,3,47.22222222222222,74.20634920634922,69.84126984126985,,,,,
2013-11-28,,极度贪婪,3,52.38095238095239,92.46031746031747,66.66666666666667,,,,,
2013-11-29,,极度贪婪,3,51.587301587301596,92.26190476190477,68.65079365079364,,,,,
2013-12-02,,极度贪婪,3,47.22222222222222,38.095238095238095,82.14285714285714,,,,,
2013-12-03,,极度贪婪,3,52.77777777777778,66.66666666666666,81.74603174603175,,,,,
2013-12-04,,极度贪婪,3,61.111111111111114,70.83333333333334,80.55555555555556,,,,,
2013-12-05,,极度贪婪,3,58.333333333333336,64.68253968253968,83.73015873015873,,,,,
2013-12-06,,极度贪婪,3,52.77777777777778,58.730158730158735,85.31746031746032,,,,,
2013-12-09,,极度贪婪,3,51.98412698412699,64.68253968253968,85.71428571428572,,,,,
2013-12-10,,极度贪婪,3,51.98412698412699,62.301587301587304,86.11111111111111,,,,,
2013-12-11,,极度贪婪,3,40.87301587301587,35.714285714285715,84.92063492063492,,,,,
2013-12-12,,极度贪婪,3,39.682539682539684,36.904761904761905,88.88888888888889,,,,,
2013-12-13,,极度贪婪,3,38.88888888888889,35.317460317460316,89.28571428571429,,,,,
2013-12-16,,极度贪婪,3,26.58730158730159,17.857142857142858,84.52380952380952,,,,,
2013-12-17,,极度贪婪,3,23.809523809523807,13.492063492063492,84.12698412698413,,,,,
2013-12-18,,极度贪婪,3,23.809523809523807,14.285714285714285,87.6984126984127,,,,,
2013-12-19,,极度贪婪,3,19.047619047619047,7.5396825396825395,86.11111111111111,,,,,
2013-12-20,,极度贪婪,3,11.507936507936508,5.555555555555555,70.23809523809524,,,,,
2013-12-23,,极度贪婪,3,13.095238095238097,13.88888888888889,70.63492063492063,,,,,
2013-12-24,,极度贪婪,3,13.492063492063492,17.063492063492063,78.96825396825398,,,,,
2013-12-25,,极度贪婪,3,14.285714285714285,24.6031746031746,92.06349206349206,,,,,
2013-12-26,,极度贪婪,3,8.73015873015873,19.047619047619047,85.71428571428572,,,,,
2013-12-27,,极度贪婪,3,13.492063492063492,27.77777777777778,88.88888888888889,,,,,
2013-12-30,,极度贪婪,3,12.698412698412698,28.968253968253972,99.60317460317461,,,,,
2013-12-31,,极度贪婪,3,17.857142857142858,32.53968253968254,99.2063492063492,,,,,
2014-01-02,,极度贪婪,3,15.476190476190476,35.317460317460316,99.2063492063492,,,,,
2014-01-03,,极度贪婪,3,11.507936507936508,32.93650793650794,98.41269841269842,,,,,
2014-01-06,,极度贪婪,3,5.952380952380952,23.809523809523807,96.82539682539682,,,,,
2014-01-07,,极度贪婪,3,5.952380952380952,29.365079365079367,96.42857142857143,,,,,
2014-01-08,,极度贪婪,3,7.142857142857142,31.746031746031743,96.03174603174604,,,,,
2014-01-09,,极度贪婪,3,3.968253968253968,27.77777777777778,97.22222222222223,,,,,
2014-01-10,,极度贪婪,3,2.7777777777777777,20.238095238095237,98.01587301587301,,,,,
2014-01-13,,极度贪婪,3,2.7777777777777777,20.238095238095237,98.01587301587301,,,,,
2014-01-14,,极度贪婪,3,3.968253968253968,26.984126984126984,96.82539682539682,,,,,
2014-01-15,,极度贪婪,3,3.968253968253968,33.33333333333333,98.01587301587301,,,,,
2014-01-16,,极度贪婪,3,4.761904761904762,32.53968253968254,99.2063492063492,,,,,
2014-01-17,,极度贪婪,3,1.984126984126984,25.793650793650798,98.01587301587301,,,,,
2014-01-20,,极度贪婪,3,0.3968253968253968,20.634920634920633,98.01587301587301,,,,,
2014-01-21,,极度贪婪,3,3.968253968253968,29.365079365079367,96.42857142857143,,,,,
2014-01-22,,极度贪婪,3,12.3015873015873,55.952380952380956,80.55555555555556,,,,,
2014-01-23,,极度贪婪,3,11.11111111111111,50.79365079365079,86.9047619047619,,,,,
2014-01-24,,极度贪婪,3,13.095238095238097,61.50793650793651,83.73015873015873,,,,,
2014-01-27,,极度贪婪,3,8.333333333333332,50.39682539682539,79.36507936507937,,,,,
2014-01-28,,极度贪婪,3,9.920634920634921,51.19047619047619,86.11111111111111,,,,,
2014-01-29,,极度贪婪,3,12.3015873015873,61.111111111111114,84.12698412698413,,,,,
2014-01-30,,极度贪婪,3,6.746031746031746,49.60317460317461,82.14285714285714,,,,,
2014-02-07,,极度贪婪,3,9.523809523809524,57.936507936507944,82.14285714285714,,,,,
2014-02-10,,极度贪婪,3,19.444444444444446,92.85714285714286,76.5873015873016,,,,,
2014-02-11,,极度贪婪,3,22.22222222222222,94.84126984126983,74.2063492063492,,,,,
2014-02-12,,极度贪婪,3,23.41269841269841,95.23809523809523,73.80952380952381,,,,,
2014-02-13,,极度贪婪,3,21.428571428571427,94.24603174603175,75.0,,,,,
2014-02-14,,极度贪婪,3,25.396825396825395,95.03968253968253,84.92063492063492,,,,,
2014-02-17,,极度贪婪,3,30.555555555555557,96.82539682539682,90.87301587301587,,,,,
2014-02-18,,极度贪婪,3,23.41269841269841,86.5079365079365,87.6984126984127,,,,,
2014-02-19,,极度贪婪,3,30.952380952380953,90.07936507936508,88.4920634920635,,,,,
2014-02-20,,极度贪婪,3,25.0,87.3015873015873,86.5079365079365,,,,,
2014-02-21,,极度贪婪,3,20.238095238095237,71.42857142857143,88.4920634920635,,,,,
2014-02-24,,极度贪婪,3,13.88888888888889,46.42857142857143,88.88888888888889,,,,,
2014-02-25,,极度贪婪,3,3.571428571428571,18.650793650793652,61.507936507936506,,,,,
2014-02-26,,极度贪婪,3,4.761904761904762,22.22222222222222,61.11111111111111,,,,,
2014-02-27,,极度贪婪,3,3.968253968253968,12.3015873015873,65.07936507936509,,,,,
2014-02-28,,极度贪婪,3,8.333333333333332,19.841269841269842,56.34920634920635,,,,,
2014-03-03,,极度贪婪,3,12.3015873015873,36.11111111111111,55.952380952380956,,,,,
2014-03-04,,极度贪婪,3,11.11111111111111,31.349206349206348,61.904761904761905,,,,,
2014-03-05,,极度贪婪,3,6.349206349206349,25.793650793650798,55.15873015873016,,,,,
2014-03-06,,极度贪婪,3,9.523809523809524,22.61904761904762,53.96825396825397,,,,,
2014-03-07,,极度贪婪,3,8.333333333333332,17.063492063492063,67.46031746031747,,,,,
2014-03-10,,极度贪婪,3,0.3968253968253968,5.158730158730158,36.904761904761905,,,,,
2014-03-11,,极度贪婪,3,0.7936507936507936,6.746031746031746,36.904761904761905,,,,,
2014-03-12,,极度贪婪,3,1.1904761904761905,8.73015873015873,55.15873015873016,,,,,
2014-03-13,,极度贪婪,3,6.349206349206349,14.285714285714285,48.412698412698404,,,,,
2014-03-14,,极度贪婪,3,2.7777777777777777,13.095238095238097,48.80952380952381,,,,,
2014-03-17,,极度贪婪,3,7.5396825396825395,27.976190476190478,48.80952380952381,,,,,
2014-03-18,,极度贪婪,3,7.5396825396825395,38.095238095238095,48.80952380952381,,,,,
2014-03-19,,极度贪婪,3,4.365079365079365,33.730158730158735,48.01587301587301,,,,,
2014-03-20,,极度贪婪,3,0.7936507936507936,8.333333333333332,43.65079365079365,,,,,
2014-03-21,,极度贪婪,3,15.079365079365079,45.23809523809524,28.96825396825396,,,,,
2014-03-24,,极度贪婪,3,21.825396825396826,51.19047619047619,32.53968253968253,,,,,
2014-03-25,,极度贪婪,3,21.428571428571427,49.404761904761905,33.33333333333334,,,,,
2014-03-26,,极度贪婪,3,21.428571428571427,52.77777777777778,33.33333333333334,,,,,
2014-03-27,,极度贪婪,3,16.666666666666664,42.857142857142854,32.93650793650794,,,,,
2014-03-28,,极度贪婪,3,15.476190476190476,38.095238095238095,33.730158730158735,,,,,
2014-03-31,,极度贪婪,3,14.285714285714285,35.714285714285715,34.12698412698413,,,,,
2014-04-01,,极度贪婪,3,21.428571428571427,43.25396825396825,34.52380952380952,,,,,
2014-04-02,,极度贪婪,3,26.58730158730159,44.84126984126984,34.920634920634924,,,,,
2014-04-03,,极度贪婪,3,24.206349206349206,43.25396825396825,35.71428571428571,,,,,
2014-04-04,,极度贪婪,3,27.77777777777778,52.38095238095239,34.12698412698413,,,,,
2014-04-08,,极度贪婪,3,39.682539682539684,61.904761904761905,32.14285714285714,,,,,
2014-04-09,,极度贪婪,3,41.66666666666667,77.77777777777779,53.57142857142857,,,,,
2014-04-10,,极度贪婪,3,50.79365079365079,86.5079365079365,45.63492063492064,,,,,
2014-04-11,,极度贪婪,3,50.79365079365079,76.5873015873016,46.82539682539682,,,,,
2014-04-14,,极度贪婪,3,50.0,84.12698412698413,50.7936507936508,,,,,
2014-04-15,,极度贪婪,3,39.285714285714285,75.39682539682539,38.49206349206349,,,,,
2014-04-16,,极度贪婪,3,41.269841269841265,74.60317460317461,38.49206349206349,,,,,
2014-04-17,,极度贪婪,3,38.88888888888889,76.98412698412699,40.87301587301587,,,,,
2014-04-18,,极度贪婪,3,39.682539682539684,77.77777777777779,41.269841269841265,,,,,
2014-04-21,,极度贪婪,3,29.761904761904763,32.93650793650794,30.95238095238095,,,,,
2014-04-22,,极度贪婪,3,32.53968253968254,25.793650793650798,82.53968253968254,,,,,
2014-04-23,,极度贪婪,3,32.53968253968254,23.015873015873016,83.73015873015873,,,,,
2014-04-24,,极度贪婪,3,32.53968253968254,19.444444444444446,81.74603174603175,,,,,
2014-04-25,,极度贪婪,3,27.77777777777778,5.158730158730158,83.33333333333334,,,,,
2014-04-28,,极度贪婪,3,19.841269841269842,1.5873015873015872,73.80952380952381,,,,,
2014-04-29,,极度贪婪,3,27.380952380952383,1.7857142857142856,72.61904761904762,,,,,
2014-04-30,,极度贪婪,3,27.77777777777778,0.5952380952380952,72.61904761904762,,,,,
2014-05-05,,极度贪婪,3,27.77777777777778,3.1746031746031744,76.5873015873016,,,,,
2014-05-06,,极度贪婪,3,28.968253968253972,5.555555555555555,89.68253968253968,,,,,
2014-05-07,,极度贪婪,3,23.015873015873016,4.761904761904762,99.60317460317461,,,,,
2014-05-08,,极度贪婪,3,22.22222222222222,4.9603174603174605,99.60317460317461,,,,,
2014-05-09,,极度贪婪,3,22.22222222222222,8.333333333333332,99.60317460317461,,,,,
2014-05-12,,极度贪婪,3,36.507936507936506,36.507936507936506,96.03174603174604,,,,,
2014-05-13,,极度贪婪,3,35.714285714285715,36.507936507936506,97.22222222222223,,,,,
2014-05-14,,极度贪婪,3,34.92063492063492,40.476190476190474,97.22222222222223,,,,,
2014-05-15,,极度贪婪,3,28.174603174603174,20.238095238095237,94.44444444444444,,,,,
2014-05-16,,极度贪婪,3,29.761904761904763,21.03174603174603,94.44444444444444,,,,,
2014-05-19,,极度贪婪,3,17.46031746031746,11.507936507936508,92.85714285714286,,,,,
2014-05-20,,极度贪婪,3,19.047619047619047,13.095238095238097,93.25396825396825,,,,,
2014-05-21,,极度贪婪,3,28.57142857142857,32.142857142857146,92.85714285714286,,,,,
2014-05-22,,极度贪婪,3,28.174603174603174,33.730158730158735,99.60317460317461,,,,,
2014-05-23,,极度贪婪,3,34.523809523809526,59.12698412698413,98.01587301587301,,,,,
2014-05-26,,极度贪婪,3,35.714285714285715,82.14285714285714,99.60317460317461,,,,,
2014-05-27,,极度贪婪,3,34.92063492063492,66.26984126984127,99.2063492063492,,,,,
2014-05-28,,极度贪婪,3,42.857142857142854,86.11111111111111,98.80952380952381,,,,,
2014-05-29,,极度贪婪,3,38.095238095238095,61.50793650793651,99.60317460317461,,,,,
2014-05-30,,极度贪婪,3,40.476190476190474,65.07936507936508,99.60317460317461,,,,,
2014-06-03,,极度贪婪,3,36.904761904761905,59.523809523809526,99.60317460317461,,,,,
2014-06-04,,极度贪婪,3,32.53968253968254,45.23809523809524,98.41269841269842,,,,,
2014-06-05,,极度贪婪,3,40.87301587301587,59.523809523809526,99.60317460317461,,,,,
2014-06-06,,极度贪婪,3,35.317460317460316,47.61904761904761,99.2063492063492,,,,,
2014-06-09,,极度贪婪,3,36.11111111111111,45.23809523809524,98.80952380952381,,,,,
2014-06-10,,极度贪婪,3,48.01587301587302,68.25396825396825,96.03174603174604,,,,,
2014-06-11,,极度贪婪,3,48.41269841269841,71.82539682539682,97.22222222222223,,,,,
2014-06-12,,极度贪婪,3,46.42857142857143,69.84126984126983,99.60317460317461,,,,,
2014-06-13,,极度贪婪,3,55.55555555555556,92.06349206349206,99.60317460317461,,,,,
2014-06-16,,极度贪婪,3,61.50793650793651,93.65079365079364,98.80952380952381,,,,,
2014-06-17,,极度贪婪,3,54.36507936507936,72.61904761904762,98.01587301587301,,,,,
2014-06-18,,极度贪婪,3,51.19047619047619,57.53968253968254,96.82539682539682,,,,,
2014-06-19,,极度贪婪,3,37.301587301587304,10.714285714285714,93.65079365079364,,,,,
2014-06-20,,极度贪婪,3,44.047619047619044,22.22222222222222,92.85714285714286,,,,,
2014-06-23,,极度贪婪,3,43.65079365079365,36.507936507936506,92.46031746031746,,,,,
2014-06-24,,极度贪婪,3,48.41269841269841,46.03174603174603,99.60317460317461,,,,,
2014-06-25,,极度贪婪,3,44.44444444444444,34.92063492063492,99.2063492063492,,,,,
2014-06-26,,极度贪婪,3,51.98412698412699,55.55555555555556,98.80952380952381,,,,,
2014-06-27,,极度贪婪,3,52.77777777777778,60.71428571428571,99.60317460317461,,,,,
2014-06-30,,极度贪婪,3,61.50793650793651,75.39682539682539,99.2063492063492,,,,,
2014-07-01,,极度贪婪,3,61.904761904761905,73.4126984126984,99.60317460317461,,,,,
2014-07-02,,极度贪婪,3,63.888888888888886,80.15873015873017,99.2063492063492,,,,,
2014-07-03,,极度贪婪,3,65.87301587301587,88.88888888888889,99.60317460317461,,,,,
2014-07-04,,极度贪婪,3,65.07936507936508,91.66666666666666,99.60317460317461,,,,,
2014-07-07,,极度贪婪,3,64.68253968253968,85.71428571428571,99.60317460317461,,,,,
2014-07-08,,极度贪婪,3,65.87301587301587,90.87301587301587,99.60317460317461,,,,,
2014-07-09,,极度贪婪,3,51.19047619047619,48.01587301587302,97.22222222222223,,,,,
2014-07-10,,极度贪婪,3,48.80952380952381,44.84126984126984,98.01587301587301,,,,,
2014-07-11,,极度贪婪,3,50.79365079365079,51.19047619047619,98.41269841269842,,,,,
2014-07-14,,极度贪婪,3,63.095238095238095,67.46031746031747,96.42857142857143,,,,,
2014-07-15,,极度贪婪,3,63.888888888888886,67.26190476190477,96.42857142857143,,,,,
2014-07-16,,极度贪婪,3,62.301587301587304,61.904761904761905,98.01587301587301,,,,,
2014-07-17,,极度贪婪,3,54.761904761904766,49.60317460317461,98.80952380952381,,,,,
2014-07-18,,极度贪婪,3,59.523809523809526,51.98412698412699,99.60317460317461,,,,,
2014-07-21,,极度贪婪,3,59.92063492063492,49.2063492063492,99.60317460317461,,,,,
2014-07-22,,极度贪婪,3,70.23809523809523,64.28571428571429,99.60317460317461,,,,,
2014-07-23,,极度贪婪,3,72.61904761904762,54.761904761904766,99.2063492063492,,,,,
2014-07-24,,极度贪婪,3,81.74603174603175,56.74603174603175,92.85714285714286,,,,,
2014-07-25,,极度贪婪,3,86.5079365079365,60.317460317460316,92.85714285714286,,,,,
2014-07-28,,极度贪婪,3,97.22222222222221,74.20634920634922,82.53968253968254,,,,,
2014-07-29,,极度贪婪,3,98.01587301587301,86.11111111111111,85.31746031746032,,,,,
2014-07-30,,极度贪婪,3,96.03174603174604,93.25396825396825,85.31746031746032,,,,,
2014-07-31,,极度贪婪,3,99.20634920634922,95.63492063492063,90.07936507936508,,,,,
2014-08-01,,极度贪婪,3,96.82539682539682,84.12698412698413,88.4920634920635,,,,,
2014-08-04,,极度贪婪,3,100.0,95.63492063492063,80.95238095238095,,,,,
2014-08-05,,极度贪婪,3,99.20634920634922,98.80952380952381,79.76190476190476,,,,,
2014-08-06,,极度贪婪,3,98.80952380952381,98.80952380952381,80.95238095238095,,,,,
2014-08-07,,极度贪婪,3,94.44444444444444,98.01587301587301,76.98412698412699,,,,,
2014-08-08,,极度贪婪,3,95.23809523809523,97.81746031746032,76.98412698412699,,,,,
2014-08-11,,极度贪婪,3,98.80952380952381,99.40476190476191,75.39682539682539,,,,,
2014-08-12,,极度贪婪,3,98.01587301587301,99.20634920634922,75.0,,,,,
2014-08-13,,极度贪婪,3,98.01587301587301,99.0079365079365,74.60317460317461,,,,,
2014-08-14,,极度贪婪,3,94.44444444444444,97.42063492063492,70.63492063492063,,,,,
2014-08-15,,极度贪婪,3,98.01587301587301,97.22222222222221,70.23809523809524,,,,,
2014-08-18,,极度贪婪,3,99.20634920634922,97.02380952380952,70.23809523809524,,,,,
2014-08-19,,极度贪婪,3,98.80952380952381,91.86507936507937,69.44444444444444,,,,,
2014-08-20,,极度贪婪,3,97.22222222222221,80.55555555555556,75.7936507936508,,,,,
2014-08-21,,极度贪婪,3,94.84126984126983,65.47619047619048,74.60317460317461,,,,,
2014-08-22,,极度贪婪,3,96.82539682539682,69.84126984126983,74.2063492063492,,,,,
2014-08-25,,极度贪婪,3,92.85714285714286,56.74603174603175,71.42857142857143,,,,,
2014-08-26,,极度贪婪,3,87.6984126984127,41.269841269841265,68.65079365079364,,,,,
2014-08-27,,极度贪婪,3,88.4920634920635,42.06349206349206,68.65079365079364,,,,,
2014-08-28,,极度贪婪,3,85.71428571428571,36.11111111111111,68.25396825396825,,,,,
2014-08-29,,极度贪婪,3,92.06349206349206,43.65079365079365,64.68253968253968,,,,,
2014-09-01,,极度贪婪,3,94.44444444444444,58.730158730158735,63.492063492063494,,,,,
2014-09-02,,极度贪婪,3,100.0,90.47619047619048,62.301587301587304,,,,,
2014-09-03,,极度贪婪,3,100.0,95.83333333333334,61.904761904761905,,,,,
2014-09-04,,极度贪婪,3,100.0,91.26984126984127,69.84126984126985,,,,,
2014-09-05,,极度贪婪,3,100.0,91.07142857142857,69.84126984126985,,,,,
2014-09-09,,极度贪婪,3,99.60317460317461,91.66666666666666,82.53968253968254,,,,,
2014-09-10,,极度贪婪,3,99.20634920634922,89.68253968253968,81.34920634920636,,,,,
2014-09-11,,极度贪婪,3,98.4126984126984,87.6984126984127,81.34920634920636,,,,,
2014-09-12,,极度贪婪,3,99.20634920634922,88.09523809523809,83.73015873015873,,,,,
2014-09-15,,极度贪婪,3,98.80952380952381,86.30952380952381,87.6984126984127,,,,,
2014-09-16,,极度贪婪,3,96.42857142857143,57.14285714285714,84.52380952380952,,,,,
2014-09-17,,极度贪婪,3,96.82539682539682,65.47619047619048,84.12698412698413,,,,,
2014-09-18,,极度贪婪,3,96.82539682539682,74.60317460317461,84.12698412698413,,,,,
2014-09-19,,极度贪婪,3,97.61904761904762,83.73015873015873,89.68253968253968,,,,,
2014-09-22,,极度贪婪,3,94.04761904761905,47.61904761904761,76.19047619047619,,,,,
2014-09-23,,极度贪婪,3,95.63492063492063,61.111111111111114,80.15873015873015,,,,,
2014-09-24,,极度贪婪,3,99.20634920634922,85.71428571428571,73.01587301587301,,,,,
2014-09-25,,极度贪婪,3,98.4126984126984,79.36507936507937,72.22222222222223,,,,,
2014-09-26,,极度贪婪,3,98.4126984126984,73.80952380952381,74.60317460317461,,,,,
2014-09-29,,极度贪婪,3,99.60317460317461,75.39682539682539,77.38095238095238,,,,,
2014-09-30,,极度贪婪,3,100.0,75.39682539682539,79.36507936507937,,,,,
2014-10-08,,极度贪婪,3,100.0,87.3015873015873,73.80952380952381,,,,,
2014-10-09,,极度贪婪,3,100.0,90.47619047619048,75.0,,,,,
2014-10-10,,极度贪婪,3,99.20634920634922,78.96825396825396,74.2063492063492,,,,,
2014-10-13,,极度贪婪,3,98.80952380952381,65.87301587301587,72.22222222222223,,,,,
2014-10-14,,极度贪婪,3,96.82539682539682,63.49206349206349,77.38095238095238,,,,,
2014-10-15,,极度贪婪,3,98.80952380952381,71.03174603174604,79.76190476190476,,,,,
2014-10-16,,极度贪婪,3,96.03174603174604,57.14285714285714,75.39682539682539,,,,,
2014-10-17,,极度贪婪,3,95.23809523809523,44.84126984126984,78.96825396825398,,,,,
2014-10-20,,极度贪婪,3,98.01587301587301,63.888888888888886,83.73015873015873,,,,,
2014-10-21,,极度贪婪,3,92.46031746031747,39.682539682539684,78.96825396825398,,,,,
2014-10-22,,极度贪婪,3,90.87301587301587,18.253968253968253,85.31746031746032,,,,,
2014-10-23,,极度贪婪,3,88.88888888888889,9.920634920634921,84.12698412698413,,,,,
2014-10-24,,极度贪婪,3,88.4920634920635,6.746031746031746,87.6984126984127,,,,,
2014-10-27,,极度贪婪,3,84.12698412698413,7.5396825396825395,88.0952380952381,,,,,
2014-10-28,,极度贪婪,3,90.47619047619048,38.88888888888889,66.66666666666667,,,,,
2014-10-29,,极度贪婪,3,97.61904761904762,62.698412698412696,63.88888888888889,,,,,
2014-10-30,,极度贪婪,3,99.20634920634922,63.095238095238095,63.095238095238095,,,,,
2014-10-31,,极度贪婪,3,100.0,66.66666666666666,56.74603174603175,,,,,
2014-11-03,,极度贪婪,3,100.0,72.61904761904762,56.74603174603175,,,,,
2014-11-04,,极度贪婪,3,99.60317460317461,60.51587301587301,66.66666666666667,,,,,
2014-11-05,,极度贪婪,3,98.80952380952381,58.730158730158735,66.26984126984127,,,,,
2014-11-06,,极度贪婪,3,98.80952380952381,68.65079365079364,66.26984126984127,,,,,
2014-11-07,,极度贪婪,3,98.01587301587301,55.55555555555556,66.66666666666667,,,,,
2014-11-10,,极度贪婪,3,100.0,73.4126984126984,63.095238095238095,,,,,
2014-11-11,,极度贪婪,3,99.60317460317461,44.047619047619044,63.095238095238095,,,,,
2014-11-12,,极度贪婪,3,100.0,57.53968253968254,66.26984126984127,,,,,
2014-11-13,,极度贪婪,3,99.60317460317461,48.80952380952381,64.68253968253968,,,,,
2014-11-14,,极度贪婪,3,99.60317460317461,48.80952380952381,64.68253968253968,,,,,
2014-11-17,,极度贪婪,3,98.4126984126984,52.38095238095239,61.904761904761905,,,,,
2014-11-18,,极度贪婪,3,97.61904761904762,54.761904761904766,59.92063492063492,,,,,
2014-11-19,,极度贪婪,3,97.22222222222221,62.301587301587304,60.714285714285715,,,,,
2014-11-20,,极度贪婪,3,96.82539682539682,51.587301587301596,60.317460317460316,,,,,
2014-11-21,,极度贪婪,3,98.80952380952381,67.85714285714286,55.15873015873016,,,,,
2014-11-24,,极度贪婪,3,100.0,81.34920634920636,40.476190476190474,,,,,
2014-11-25,,极度贪婪,3,100.0,93.25396825396825,39.28571428571429,,,,,
2014-11-26,,极度贪婪,3,100.0,96.03174603174604,38.49206349206349,,,,,
2014-11-27,,极度贪婪,3,100.0,98.4126984126984,38.49206349206349,,,,,
2014-11-28,,极度贪婪,3,100.0,89.28571428571429,36.50793650793651,,,,,
2014-12-01,,极度贪婪,3,100.0,82.93650793650794,35.71428571428571,,,,,
2014-12-02,,极度贪婪,3,100.0,84.92063492063492,11.111111111111114,,,,,
2014-12-03,,极度贪婪,3,100.0,89.0873015873016,13.095238095238088,,,,,
2014-12-04,,极度贪婪,3,100.0,93.25396825396825,0.39682539682539186,,,,,
2014-12-05,,极度贪婪,3,100.0,83.92857142857143,0.7936507936507837,,,,,
2014-12-08,,极度贪婪,3,100.0,81.74603174603175,0.0,,,,,
2014-12-09,,极度贪婪,3,98.80952380952381,57.53968253968254,0.0,,,,,
2014-12-10,,极度贪婪,3,99.60317460317461,77.18253968253968,0.0,,,,,
2014-12-11,,极度贪婪,3,99.20634920634922,80.15873015873017,0.0,,,,,
2014-12-12,,极度贪婪,3,99.20634920634922,83.73015873015873,0.39682539682539186,,,,,
2014-12-15,,极度贪婪,3,99.20634920634922,86.11111111111111,0.7936507936507837,,,,,
2014-12-16,,极度贪婪,3,100.0,83.13492063492063,0.0,,,,,
2014-12-17,,极度贪婪,3,100.0,79.56349206349206,0.39682539682539186,,,,,
2014-12-18,,极度贪婪,3,99.60317460317461,78.37301587301587,0.0,,,,,
2014-12-19,,极度贪婪,3,100.0,62.10317460317461,1.1904761904761898,,,,,
2014-12-22,,极度贪婪,3,100.0,43.65079365079365,2.7777777777777857,,,,,
2014-12-23,,极度贪婪,3,98.01587301587301,36.904761904761905,0.0,,,,,
2014-12-24,,极度贪婪,3,96.03174603174604,34.12698412698413,0.0,,,,,
2014-12-25,,极度贪婪,3,97.61904761904762,42.06349206349206,0.0,,,,,
2014-12-26,,极度贪婪,3,100.0,46.03174603174603,0.0,,,,,
2014-12-29,,极度贪婪,3,100.0,39.285714285714285,0.39682539682539186,,,,,
2014-12-30,,极度贪婪,3,99.20634920634922,33.730158730158735,1.1904761904761898,,,,,
2014-12-31,,极度贪婪,3,100.0,35.714285714285715,1.5873015873015959,,,,,
2015-01-05,,极度贪婪,3,100.0,44.44444444444444,0.7936507936507837,,,,,
2015-01-06,,极度贪婪,3,99.60317460317461,60.71428571428571,0.7936507936507837,,,,,
2015-01-07,,极度贪婪,3,99.20634920634922,57.936507936507944,1.1904761904761898,,,,,
2015-01-08,,极度贪婪,3,98.4126984126984,57.936507936507944,0.0,,,,,
2015-01-09,,极度贪婪,3,98.01587301587301,50.79365079365079,0.0,,,,,
2015-01-12,,极度贪婪,3,97.22222222222221,42.857142857142854,0.0,,,,,
2015-01-13,,极度贪婪,3,96.03174603174604,53.17460317460318,0.39682539682539186,,,,,
2015-01-14,,极度贪婪,3,95.63492063492063,43.65079365079365,0.0,,,,,
2015-01-15,,极度贪婪,3,98.80952380952381,64.28571428571429,1.5873015873015959,,,,,
2015-01-16,,极度贪婪,3,98.80952380952381,75.0,1.9841269841269877,,,,,
2015-01-19,,极度贪婪,3,90.47619047619048,24.206349206349206,0.0,,,,,
2015-01-20,,极度贪婪,3,91.26984126984127,34.12698412698413,0.0,,,,,
2015-01-21,,极度贪婪,3,94.84126984126983,62.301587301587304,0.0,,,,,
2015-01-22,,极度贪婪,3,95.23809523809523,62.698412698412696,1.1904761904761898,,,,,
2015-01-23,,极度贪婪,3,94.44444444444444,63.095238095238095,1.5873015873015959,,,,,
2015-01-26,,极度贪婪,3,96.82539682539682,66.66666666666666,1.9841269841269877,,,,,
2015-01-27,,极度贪婪,3,93.25396825396825,53.17460317460318,1.9841269841269877,,,,,
2015-01-28,,极度贪婪,3,90.87301587301587,45.63492063492063,1.5873015873015959,,,,,
2015-01-29,,极度贪婪,3,88.88888888888889,38.88888888888889,2.7777777777777857,,,,,
2015-01-30,,极度贪婪,3,87.6984126984127,32.73809523809524,3.1746031746031775,,,,,
2015-02-02,,极度贪婪,3,84.92063492063492,25.793650793650798,1.5873015873015959,,,,,
2015-02-03,,极度贪婪,3,86.90476190476191,34.523809523809526,1.5873015873015959,,,,,
2015-02-04,,极度贪婪,3,84.92063492063492,31.349206349206348,1.5873015873015959,,,,,
2015-02-05,,极度贪婪,3,83.73015873015873,26.984126984126984,2.3809523809523796,,,,,
2015-02-06,,极度贪婪,3,82.53968253968253,18.253968253968253,3.5714285714285694,,,,,
2015-02-09,,极度贪婪,3,82.53968253968253,15.873015873015872,5.952380952380949,,,,,
2015-02-10,,极度贪婪,3,84.52380952380952,24.6031746031746,7.142857142857139,,,,,
2015-02-11,,极度贪婪,3,84.92063492063492,30.952380952380953,6.349206349206355,,,,,
2015-02-12,,极度贪婪,3,84.92063492063492,36.11111111111111,6.349206349206355,,,,,
2015-02-13,,极度贪婪,3,85.71428571428571,53.96825396825397,9.523809523809518,,,,,
2015-02-16,,极度贪婪,3,86.90476190476191,57.14285714285714,11.111111111111114,,,,,
2015-02-17,,极度贪婪,3,87.6984126984127,69.44444444444444,10.714285714285708,,,,,
2015-02-25,,极度贪婪,3,83.73015873015873,53.57142857142857,10.714285714285708,,,,,
2015-02-26,,极度贪婪,3,88.4920634920635,88.09523809523809,10.714285714285708,,,,,
2015-02-27,,极度贪婪,3,88.09523809523809,89.68253968253968,11.111111111111114,,,,,
2015-03-02,,极度贪婪,3,89.28571428571429,94.44444444444444,11.507936507936506,,,,,
2015-03-03,,极度贪婪,3,82.53968253968253,66.26984126984127,8.730158730158735,,,,,
2015-03-04,,极度贪婪,3,84.12698412698413,68.25396825396825,8.730158730158735,,,,,
2015-03-05,,极度贪婪,3,80.15873015873017,56.74603174603175,12.698412698412696,,,,,
2015-03-06,,极度贪婪,3,78.57142857142857,54.761904761904766,13.492063492063494,,,,,
2015-03-09,,极度贪婪,3,82.14285714285714,69.44444444444444,22.61904761904762,,,,,
2015-03-10,,极度贪婪,3,79.76190476190477,61.904761904761905,23.015873015873012,,,,,
2015-03-11,,极度贪婪,3,78.96825396825396,64.28571428571429,25.0,,,,,
2015-03-12,,极度贪婪,3,84.92063492063492,78.57142857142857,24.206349206349216,,,,,
2015-03-13,,极度贪婪,3,86.11111111111111,77.77777777777779,24.206349206349216,,,,,
2015-03-16,,极度贪婪,3,90.47619047619048,87.10317460317461,23.412698412698404,,,,,
2015-03-17,,极度贪婪,3,91.26984126984127,88.4920634920635,23.412698412698404,,,,,
2015-03-18,,极度贪婪,3,96.42857142857143,93.65079365079364,23.412698412698404,,,,,
2015-03-19,,极度贪婪,3,94.84126984126983,94.44444444444444,24.206349206349216,,,,,
2015-03-20,,极度贪婪,3,96.82539682539682,96.42857142857143,25.396825396825392,,,,,
2015-03-23,,极度贪婪,3,98.80952380952381,98.4126984126984,27.777777777777786,,,,,
2015-03-24,,极度贪婪,3,98.4126984126984,98.21428571428571,30.95238095238095,,,,,
2015-03-25,,极度贪婪,3,96.42857142857143,99.20634920634922,32.14285714285714,,,,,
2015-03-26,,极度贪婪,3,96.03174603174604,99.0079365079365,34.52380952380952,,,,,
2015-03-27,,极度贪婪,3,96.42857142857143,98.80952380952381,39.682539682539684,,,,,
2015-03-30,,极度贪婪,3,99.20634920634922,96.82539682539682,34.12698412698413,,,,,
2015-03-31,,极度贪婪,3,98.4126984126984,93.84920634920636,34.12698412698413,,,,,
2015-04-01,,极度贪婪,3,99.60317460317461,98.61111111111111,32.14285714285714,,,,,
2015-04-02,,极度贪婪,3,98.80952380952381,98.4126984126984,30.95238095238095,,,,,
2015-04-03,,极度贪婪,3,100.0,98.21428571428571,30.158730158730165,,,,,
2015-04-07,,极度贪婪,3,100.0,97.81746031746032,28.174603174603178,,,,,
2015-04-08,,极度贪婪,3,100.0,94.04761904761905,28.174603174603178,,,,,
2015-04-09,,极度贪婪,3,99.20634920634922,97.61904761904762,28.96825396825396,,,,,
2015-04-10,,极度贪婪,3,100.0,97.42063492063492,33.33333333333334,,,,,
2015-04-13,,极度贪婪,3,100.0,97.22222222222221,30.95238095238095,,,,,
2015-04-14,,极度贪婪,3,100.0,97.02380952380952,30.555555555555557,,,,,
2015-04-15,,极度贪婪,3,98.80952380952381,73.4126984126984,39.28571428571429,,,,,
2015-04-16,,极度贪婪,3,100.0,80.95238095238095,34.12698412698413,,,,,
2015-04-17,,极度贪婪,3,100.0,80.75396825396825,36.50793650793651,,,,,
2015-04-20,,极度贪婪,3,99.20634920634922,57.14285714285714,30.555555555555557,,,,,
2015-04-21,,极度贪婪,3,99.60317460317461,92.26190476190477,28.96825396825396,,,,,
2015-04-22,,极度贪婪,3,100.0,92.06349206349206,28.96825396825396,,,,,
2015-04-23,,极度贪婪,3,99.60317460317461,91.86507936507937,28.96825396825396,,,,,
2015-04-24,,极度贪婪,3,99.20634920634922,91.66666666666666,27.38095238095238,,,,,
2015-04-27,,极度贪婪,3,100.0,91.46825396825396,26.587301587301596,,,,,
2015-04-28,,极度贪婪,3,98.80952380952381,70.23809523809523,25.793650793650784,,,,,
2015-04-29,,极度贪婪,3,98.80952380952381,87.3015873015873,26.19047619047619,,,,,
2015-04-30,,极度贪婪,3,97.61904761904762,77.77777777777779,26.587301587301596,,,,,
2015-05-04,,极度贪婪,3,98.01587301587301,76.5873015873016,27.38095238095238,,,,,
2015-05-05,,极度贪婪,3,94.44444444444444,30.158730158730158,22.61904761904762,,,,,
2015-05-06,,极度贪婪,3,92.46031746031747,11.904761904761903,23.015873015873012,,,,,
2015-05-07,,极度贪婪,3,91.26984126984127,4.365079365079365,22.61904761904762,,,,,
2015-05-08,,极度贪婪,3,91.66666666666666,14.285714285714285,22.61904761904762,,,,,
2015-05-11,,极度贪婪,3,94.44444444444444,48.41269841269841,22.61904761904762,,,,,
2015-05-12,,极度贪婪,3,95.23809523809523,56.74603174603175,22.61904761904762,,,,,
2015-05-13,,极度贪婪,3,93.65079365079364,39.285714285714285,23.412698412698404,,,,,
2015-05-14,,极度贪婪,3,92.85714285714286,36.507936507936506,23.80952380952381,,,,,
2015-05-15,,极度贪婪,3,89.68253968253968,24.206349206349206,23.412698412698404,,,,,
2015-05-18,,极度贪婪,3,88.09523809523809,24.206349206349206,23.412698412698404,,,,,
2015-05-19,,极度贪婪,3,91.66666666666666,36.11111111111111,22.222222222222214,,,,,
2015-05-20,,极度贪婪,3,91.66666666666666,38.492063492063494,22.61904761904762,,,,,
2015-05-21,,极度贪婪,3,94.04761904761905,53.57142857142857,22.61904761904762,,,,,
2015-05-22,,极度贪婪,3,96.03174603174604,83.53174603174604,21.825396825396822,,,,,
2015-05-25,,极度贪婪,3,98.80952380952381,84.52380952380952,20.238095238095227,,,,,
2015-05-26,,极度贪婪,3,100.0,84.32539682539682,19.444444444444443,,,,,
2015-05-27,,极度贪婪,3,99.60317460317461,83.53174603174604,19.444444444444443,,,,,
2015-05-28,,极度贪婪,3,88.4920634920635,44.047619047619044,5.952380952380949,,,,,
2015-05-29,,极度贪婪,3,88.09523809523809,42.857142857142854,6.746031746031747,,,,,
2015-06-01,,极度贪婪,3,94.84126984126983,79.36507936507937,2.7777777777777857,,,,,
2015-06-02,,极度贪婪,3,96.82539682539682,68.65079365079364,3.9682539682539613,,,,,
2015-06-03,,极度贪婪,3,94.84126984126983,66.66666666666666,5.158730158730165,,,,,
2015-06-04,,极度贪婪,3,95.63492063492063,69.44444444444444,7.142857142857139,,,,,
2015-06-05,,极度贪婪,3,97.22222222222221,69.24603174603175,7.142857142857139,,,,,
2015-06-08,,极度贪婪,3,99.60317460317461,69.04761904761905,7.142857142857139,,,,,
2015-06-09,,极度贪婪,3,97.22222222222221,66.26984126984127,7.539682539682531,,,,,
2015-06-10,,极度贪婪,3,96.82539682539682,66.07142857142857,9.126984126984127,,,,,
2015-06-11,,极度贪婪,3,95.23809523809523,67.46031746031747,9.126984126984127,,,,,
2015-06-12,,极度贪婪,3,95.63492063492063,75.39682539682539,10.317460317460316,,,,,
2015-06-15,,极度贪婪,3,90.07936507936508,47.61904761904761,6.746031746031747,,,,,
2015-06-16,,极度贪婪,3,82.53968253968253,15.079365079365079,11.111111111111114,,,,,
2015-06-17,,极度贪婪,3,85.71428571428571,24.206349206349206,11.507936507936506,,,,,
2015-06-18,,极度贪婪,3,76.98412698412699,3.968253968253968,3.1746031746031775,,,,,
2015-06-19,,极度贪婪,3,63.49206349206349,0.3968253968253968,0.0,,,,,
2015-06-23,,极度贪婪,3,68.25396825396825,0.7936507936507936,0.0,,,,,
2015-06-24,,极度贪婪,3,73.01587301587301,2.7777777777777777,0.0,,,,,
2015-06-25,,极度贪婪,3,63.49206349206349,1.1904761904761905,0.0,,,,,
2015-06-26,,极度贪婪,3,46.03174603174603,0.3968253968253968,0.0,,,,,
2015-06-29,,极度贪婪,3,44.84126984126984,0.5952380952380952,0.0,,,,,
2015-06-30,,极度贪婪,3,47.22222222222222,1.3888888888888888,0.0,,,,,
2015-07-01,,极度贪婪,3,44.84126984126984,0.7936507936507936,0.0,,,,,
2015-07-02,,极度贪婪,3,43.65079365079365,0.3968253968253968,0.0,,,,,
2015-07-03,,极度贪婪,3,41.269841269841265,0.5952380952380952,0.0,,,,,
2015-07-06,,极度贪婪,3,42.06349206349206,0.7936507936507936,0.0,,,,,
2015-07-07,,极度贪婪,3,40.87301587301587,3.7698412698412698,0.7936507936507837,,,,,
2015-07-08,,极度贪婪,3,32.53968253968254,0.3968253968253968,0.0,,,,,
2015-07-09,,极度贪婪,3,39.682539682539684,3.968253968253968,0.0,,,,,
2015-07-10,,极度贪婪,3,42.46031746031746,5.952380952380952,0.39682539682539186,,,,,
2015-07-13,,极度贪婪,3,43.65079365079365,7.5396825396825395,0.0,,,,,
2015-07-14,,极度贪婪,3,41.66666666666667,4.166666666666666,1.1904761904761898,,,,,
2015-07-15,,极度贪婪,3,39.285714285714285,5.555555555555555,1.1904761904761898,,,,,
2015-07-16,,极度贪婪,3,39.682539682539684,1.984126984126984,1.1904761904761898,,,,,
2015-07-17,,极度贪婪,3,41.66666666666667,11.11111111111111,0.39682539682539186,,,,,
2015-07-20,,极度贪婪,3,41.269841269841265,18.650793650793652,0.7936507936507837,,,,,
2015-07-21,,极度贪婪,3,40.87301587301587,33.33333333333333,1.9841269841269877,,,,,
2015-07-22,,极度贪婪,3,40.07936507936508,40.07936507936508,1.9841269841269877,,,,,
2015-07-23,,极度贪婪,3,43.25396825396825,61.50793650793651,1.1904761904761898,,,,,
2015-07-24,,极度贪婪,3,39.285714285714285,55.158730158730165,0.7936507936507837,,,,,
2015-07-27,,极度贪婪,3,29.761904761904763,13.88888888888889,0.0,,,,,
2015-07-28,,极度贪婪,3,28.174603174603174,9.523809523809524,0.39682539682539186,,,,,
2015-07-29,,极度贪婪,3,33.33333333333333,28.968253968253972,0.0,,,,,
2015-07-30,,极度贪婪,3,27.380952380952383,15.873015873015872,0.39682539682539186,,,,,
2015-07-31,,极度贪婪,3,26.984126984126984,12.698412698412698,0.7936507936507837,,,,,
2015-08-03,,极度贪婪,3,27.380952380952383,9.126984126984127,1.9841269841269877,,,,,
2015-08-04,,极度贪婪,3,32.53968253968254,26.190476190476193,2.3809523809523796,,,,,
2015-08-05,,极度贪婪,3,28.174603174603174,13.88888888888889,2.7777777777777857,,,,,
2015-08-06,,极度贪婪,3,24.6031746031746,9.920634920634921,3.1746031746031775,,,,,
2015-08-07,,极度贪婪,3,30.158730158730158,20.634920634920633,8.333333333333343,,,,,
2015-08-10,,极度贪婪,3,35.317460317460316,61.111111111111114,7.936507936507937,,,,,
2015-08-11,,极度贪婪,3,34.523809523809526,56.34920634920635,9.523809523809518,,,,,
2015-08-12,,极度贪婪,3,33.730158730158735,40.476190476190474,11.111111111111114,,,,,
2015-08-13,,极度贪婪,3,34.12698412698413,54.36507936507936,11.904761904761912,,,,,
2015-08-14,,极度贪婪,3,33.730158730158735,57.936507936507944,13.095238095238088,,,,,
2015-08-17,,极度贪婪,3,33.33333333333333,55.158730158730165,13.492063492063494,,,,,
2015-08-18,,极度贪婪,3,13.88888888888889,13.095238095238097,12.301587301587304,,,,,
2015-08-19,,极度贪婪,3,21.03174603174603,23.41269841269841,14.285714285714292,,,,,
2015-08-20,,极度贪婪,3,7.142857142857142,11.11111111111111,15.476190476190482,,,,,
2015-08-21,,极度贪婪,3,0.3968253968253968,4.365079365079365,15.873015873015873,,,,,
2015-08-24,,极度贪婪,3,0.3968253968253968,3.571428571428571,13.888888888888886,,,,,
2015-08-25,,极度贪婪,3,0.3968253968253968,0.7936507936507936,11.507936507936506,,,,,
2015-08-26,,极度贪婪,3,0.3968253968253968,0.992063492063492,13.095238095238088,,,,,
2015-08-27,,极度贪婪,3,1.1904761904761905,1.1904761904761905,9.126984126984127,,,,,
2015-08-28,,极度贪婪,3,1.984126984126984,1.3888888888888888,9.126984126984127,,,,,
2015-08-31,,极度贪婪,3,2.380952380952381,1.5873015873015872,9.126984126984127,,,,,
2015-09-01,,极度贪婪,3,2.380952380952381,8.73015873015873,9.523809523809518,,,,,
2015-09-02,,极度贪婪,3,2.380952380952381,8.928571428571429,9.126984126984127,,,,,
2015-09-07,,极度贪婪,3,1.5873015873015872,2.579365079365079,10.714285714285708,,,,,
2015-09-08,,极度贪婪,3,2.380952380952381,2.7777777777777777,9.126984126984127,,,,,
2015-09-09,,极度贪婪,3,4.365079365079365,8.73015873015873,16.666666666666657,,,,,
2015-09-10,,极度贪婪,3,2.7777777777777777,11.904761904761903,16.666666666666657,,,,,
2015-09-11,,极度贪婪,3,2.7777777777777777,11.904761904761903,17.85714285714286,,,,,
2015-09-14,,极度贪婪,3,1.984126984126984,13.492063492063492,18.253968253968253,,,,,
2015-09-15,,极度贪婪,3,1.1904761904761905,13.492063492063492,17.46031746031747,,,,,
2015-09-16,,极度贪婪,3,2.7777777777777777,19.444444444444446,13.492063492063494,,,,,
2015-09-17,,极度贪婪,3,1.5873015873015872,16.666666666666664,14.285714285714292,,,,,
2015-09-18,,极度贪婪,3,1.984126984126984,19.444444444444446,15.079365079365076,,,,,
2015-09-21,,极度贪婪,3,3.571428571428571,34.523809523809526,14.285714285714292,,,,,
2015-09-22,,极度贪婪,3,4.761904761904762,53.57142857142857,15.079365079365076,,,,,
2015-09-23,,极度贪婪,3,2.7777777777777777,28.174603174603174,20.238095238095227,,,,,
2015-09-24,,极度贪婪,3,3.1746031746031744,35.317460317460316,19.841269841269835,,,,,
2015-09-25,,极度贪婪,3,1.5873015873015872,19.047619047619047,19.841269841269835,,,,,
2015-09-28,,极度贪婪,3,1.984126984126984,25.0,21.42857142857143,,,,,
2015-09-29,,极度贪婪,3,1.1904761904761905,21.825396825396826,21.42857142857143,,,,,
2015-09-30,,极度贪婪,3,1.984126984126984,23.809523809523807,20.634920634920633,,,,,
2015-10-08,,极度贪婪,3,4.761904761904762,49.60317460317461,23.80952380952381,,,,,
2015-10-09,,极度贪婪,3,6.746031746031746,71.82539682539682,24.603174603174608,,,,,
2015-10-12,,极度贪婪,3,11.11111111111111,90.47619047619048,23.412698412698404,,,,,
2015-10-13,,极度贪婪,3,10.714285714285714,94.44444444444444,26.19047619047619,,,,,
2015-10-14,,极度贪婪,3,9.126984126984127,88.09523809523809,28.174603174603178,,,,,
2015-10-15,,极度贪婪,3,12.698412698412698,94.24603174603175,32.14285714285714,,,,,
2015-10-16,,极度贪婪,3,13.095238095238097,97.22222222222221,32.53968253968253,,,,,
2015-10-19,,极度贪婪,3,13.095238095238097,97.02380952380952,48.80952380952381,,,,,
2015-10-20,,极度贪婪,3,13.88888888888889,96.82539682539682,55.55555555555556,,,,,
2015-10-21,,极度贪婪,3,11.904761904761903,82.14285714285714,50.7936507936508,,,,,
2015-10-22,,极度贪婪,3,13.492063492063492,88.29365079365078,49.20634920634921,,,,,
2015-10-23,,极度贪婪,3,14.682539682539684,88.09523809523809,49.20634920634921,,,,,
2015-10-26,,极度贪婪,3,15.079365079365079,87.89682539682539,57.53968253968254,,,,,
2015-10-27,,极度贪婪,3,15.079365079365079,87.6984126984127,57.93650793650794,,,,,
2015-10-28,,极度贪婪,3,13.492063492063492,84.72222222222221,57.93650793650794,,,,,
2015-10-29,,极度贪婪,3,13.88888888888889,83.73015873015873,58.730158730158735,,,,,
2015-10-30,,极度贪婪,3,13.88888888888889,73.01587301587301,59.12698412698413,,,,,
2015-11-02,,极度贪婪,3,9.920634920634921,43.25396825396825,59.523809523809526,,,,,
2015-11-03,,极度贪婪,3,9.523809523809524,34.12698412698413,65.87301587301587,,,,,
2015-11-04,,极度贪婪,3,18.253968253968253,82.53968253968253,67.06349206349206,,,,,
2015-11-05,,极度贪婪,3,18.650793650793652,84.52380952380952,67.46031746031747,,,,,
2015-11-06,,极度贪婪,3,19.444444444444446,85.31746031746032,67.46031746031747,,,,,
2015-11-09,,极度贪婪,3,19.841269841269842,83.92857142857143,67.85714285714286,,,,,
2015-11-10,,极度贪婪,3,19.841269841269842,81.15079365079364,67.85714285714286,,,,,
2015-11-11,,极度贪婪,3,19.841269841269842,80.95238095238095,71.42857142857143,,,,,
2015-11-12,,极度贪婪,3,19.047619047619047,85.11904761904762,70.63492063492063,,,,,
2015-11-13,,极度贪婪,3,19.047619047619047,78.17460317460318,71.42857142857143,,,,,
2015-11-16,,极度贪婪,3,19.444444444444446,74.20634920634922,71.82539682539682,,,,,
2015-11-17,,极度贪婪,3,19.444444444444446,74.40476190476191,74.2063492063492,,,,,
2015-11-18,,极度贪婪,3,18.650793650793652,56.34920634920635,73.80952380952381,,,,,
2015-11-19,,极度贪婪,3,20.238095238095237,75.79365079365078,75.0,,,,,
2015-11-20,,极度贪婪,3,20.238095238095237,78.37301587301587,76.19047619047619,,,,,
2015-11-23,,极度贪婪,3,19.047619047619047,65.07936507936508,77.38095238095238,,,,,
2015-11-24,,极度贪婪,3,19.047619047619047,62.698412698412696,77.77777777777777,,,,,
2015-11-25,,极度贪婪,3,20.238095238095237,65.47619047619048,78.17460317460318,,,,,
2015-11-26,,极度贪婪,3,19.047619047619047,60.317460317460316,78.57142857142857,,,,,
2015-11-27,,极度贪婪,3,9.920634920634921,15.476190476190476,66.66666666666667,,,,,
2015-11-30,,极度贪婪,3,11.11111111111111,16.666666666666664,66.66666666666667,,,,,
2015-12-01,,极度贪婪,3,12.698412698412698,15.873015873015872,68.65079365079364,,,,,
2015-12-02,,极度贪婪,3,19.841269841269842,23.41269841269841,65.87301587301587,,,,,
2015-12-03,,极度贪婪,3,20.238095238095237,27.77777777777778,67.06349206349206,,,,,
2015-12-04,,极度贪婪,3,17.063492063492063,20.238095238095237,64.68253968253968,,,,,
2015-12-07,,极度贪婪,3,17.46031746031746,27.380952380952383,65.47619047619048,,,,,
2015-12-08,,极度贪婪,3,14.682539682539684,17.857142857142858,63.88888888888889,,,,,
2015-12-09,,极度贪婪,3,15.476190476190476,19.047619047619047,66.66666666666667,,,,,
2015-12-10,,极度贪婪,3,13.88888888888889,19.047619047619047,66.26984126984127,,,,,
2015-12-11,,极度贪婪,3,11.904761904761903,17.063492063492063,66.26984126984127,,,,,
2015-12-14,,极度贪婪,3,20.238095238095237,29.761904761904763,63.095238095238095,,,,,
2015-12-15,,极度贪婪,3,18.650793650793652,36.11111111111111,62.698412698412696,,,,,
2015-12-16,,极度贪婪,3,18.650793650793652,38.492063492063494,79.76190476190476,,,,,
2015-12-17,,极度贪婪,3,23.809523809523807,58.53174603174603,80.15873015873015,,,,,
2015-12-18,,极度贪婪,3,24.206349206349206,62.89682539682539,82.53968253968254,,,,,
2015-12-21,,极度贪婪,3,29.365079365079367,81.15079365079364,80.55555555555556,,,,,
2015-12-22,,极度贪婪,3,29.761904761904763,82.73809523809523,80.15873015873015,,,,,
2015-12-23,,极度贪婪,3,29.365079365079367,80.55555555555556,79.36507936507937,,,,,
2015-12-24,,极度贪婪,3,26.58730158730159,71.42857142857143,79.76190476190476,,,,,
2015-12-25,,极度贪婪,3,26.984126984126984,76.38888888888889,80.55555555555556,,,,,
2015-12-28,,极度贪婪,3,21.03174603174603,39.285714285714285,74.2063492063492,,,,,
2015-12-29,,极度贪婪,3,23.015873015873016,50.0,73.01587301587301,,,,,
2015-12-30,,极度贪婪,3,23.41269841269841,53.17460317460318,74.60317460317461,,,,,
2015-12-31,,极度贪婪,3,20.634920634920633,37.301587301587304,75.7936507936508,,,,,
2016-01-04,,极度贪婪,3,3.1746031746031744,1.5873015873015872,51.19047619047619,,,,,
2016-01-05,,极度贪婪,3,3.968253968253968,5.952380952380952,51.19047619047619,,,,,
2016-01-06,,极度贪婪,3,7.142857142857142,14.285714285714285,49.20634920634921,,,,,
2016-01-07,,极度贪婪,3,0.7936507936507936,6.15079365079365,31.349206349206355,,,,,
2016-01-08,,极度贪婪,3,1.5873015873015872,11.904761904761903,31.349206349206355,,,,,
2016-01-11,,极度贪婪,3,0.3968253968253968,8.333333333333332,31.746031746031747,,,,,
2016-01-12,,极度贪婪,3,0.7936507936507936,0.992063492063492,31.746031746031747,,,,,
2016-01-13,,极度贪婪,3,0.3968253968253968,1.1904761904761905,31.746031746031747,,,,,
2016-01-14,,极度贪婪,3,1.5873015873015872,1.3888888888888888,33.33333333333334,,,,,
2016-01-15,,极度贪婪,3,0.3968253968253968,1.5873015873015872,33.33333333333334,,,,,
2016-01-18,,极度贪婪,3,0.7936507936507936,1.7857142857142856,33.730158730158735,,,,,
2016-01-19,,极度贪婪,3,2.7777777777777777,1.984126984126984,30.95238095238095,,,,,
2016-01-20,,极度贪婪,3,1.5873015873015872,2.1825396825396823,31.746031746031747,,,,,
2016-01-21,,极度贪婪,3,0.3968253968253968,2.380952380952381,30.158730158730165,,,,,
2016-01-22,,极度贪婪,3,1.1904761904761905,2.579365079365079,30.158730158730165,,,,,
2016-01-25,,极度贪婪,3,1.984126984126984,2.7777777777777777,30.158730158730165,,,,,
2016-01-26,,极度贪婪,3,0.3968253968253968,10.317460317460316,28.57142857142857,,,,,
2016-01-27,,极度贪婪,3,0.3968253968253968,10.515873015873016,28.57142857142857,,,,,
2016-01-28,,极度贪婪,3,0.3968253968253968,10.714285714285714,28.57142857142857,,,,,
2016-01-29,,极度贪婪,3,1.5873015873015872,10.912698412698413,28.174603174603178,,,,,
2016-02-01,,极度贪婪,3,0.7936507936507936,15.476190476190476,28.57142857142857,,,,,
2016-02-02,,极度贪婪,3,2.380952380952381,19.841269841269842,28.96825396825396,,,,,
2016-02-03,,极度贪婪,3,2.380952380952381,15.873015873015872,29.365079365079367,,,,,
2016-02-04,,极度贪婪,3,3.1746031746031744,26.58730158730159,28.96825396825396,,,,,
2016-02-05,,极度贪婪,3,3.1746031746031744,23.41269841269841,29.365079365079367,,,,,
2016-02-15,,极度贪婪,3,2.7777777777777777,28.968253968253972,29.761904761904773,,,,,
2016-02-16,,极度贪婪,3,4.365079365079365,49.60317460317461,28.174603174603178,,,,,
2016-02-17,,极度贪婪,3,5.158730158730158,61.904761904761905,28.57142857142857,,,,,
2016-02-18,,极度贪婪,3,4.761904761904762,64.68253968253968,28.96825396825396,,,,,
2016-02-19,,极度贪婪,3,4.761904761904762,64.28571428571429,28.96825396825396,,,,,
2016-02-22,,极度贪婪,3,7.936507936507936,84.92063492063492,35.317460317460316,,,,,
2016-02-23,,极度贪婪,3,7.142857142857142,80.95238095238095,35.71428571428571,,,,,
2016-02-24,,极度贪婪,3,8.333333333333332,93.25396825396825,37.301587301587304,,,,,
2016-02-25,,极度贪婪,3,1.984126984126984,23.809523809523807,38.888888888888886,,,,,
2016-02-26,,极度贪婪,3,3.968253968253968,30.158730158730158,40.87301587301587,,,,,
2016-02-29,,极度贪婪,3,0.7936507936507936,25.793650793650798,43.65079365079365,,,,,
2016-03-01,,极度贪婪,3,3.1746031746031744,31.349206349206348,43.65079365079365,,,,,
2016-03-02,,极度贪婪,3,7.936507936507936,49.60317460317461,40.07936507936508,,,,,
2016-03-03,,极度贪婪,3,8.333333333333332,48.01587301587302,42.46031746031746,,,,,
2016-03-04,,极度贪婪,3,10.714285714285714,44.44444444444444,43.65079365079365,,,,,
2016-03-07,,极度贪婪,3,11.904761904761903,48.01587301587302,44.047619047619044,,,,,
2016-03-08,,极度贪婪,3,12.698412698412698,48.80952380952381,46.82539682539682,,,,,
2016-03-09,,极度贪婪,3,9.523809523809524,41.269841269841265,47.61904761904761,,,,,
2016-03-10,,极度贪婪,3,5.952380952380952,36.507936507936506,49.20634920634921,,,,,
2016-03-11,,极度贪婪,3,6.746031746031746,36.904761904761905,49.60317460317461,,,,,
2016-03-14,,极度贪婪,3,9.523809523809524,44.84126984126984,48.412698412698404,,,,,
2016-03-15,,极度贪婪,3,11.507936507936508,43.25396825396825,58.33333333333333,,,,,
2016-03-16,,极度贪婪,3,13.492063492063492,42.06349206349206,58.33333333333333,,,,,
2016-03-17,,极度贪婪,3,15.873015873015872,68.65079365079364,60.714285714285715,,,,,
2016-03-18,,极度贪婪,3,17.857142857142858,97.42063492063492,61.11111111111111,,,,,
2016-03-21,,极度贪婪,3,19.444444444444446,97.42063492063492,61.11111111111111,,,,,
2016-03-22,,极度贪婪,3,19.047619047619047,97.42063492063492,61.904761904761905,,,,,
2016-03-23,,极度贪婪,3,19.444444444444446,91.26984126984127,62.698412698412696,,,,,
2016-03-24,,极度贪婪,3,18.253968253968253,73.4126984126984,61.11111111111111,,,,,
2016-03-25,,极度贪婪,3,18.650793650793652,73.61111111111111,61.904761904761905,,,,,
2016-03-28,,极度贪婪,3,18.253968253968253,67.85714285714286,61.507936507936506,,,,,
2016-03-29,,极度贪婪,3,16.666666666666664,57.53968253968254,66.26984126984127,,,,,
2016-03-30,,极度贪婪,3,21.03174603174603,81.74603174603175,62.698412698412696,,,,,
2016-03-31,,极度贪婪,3,21.428571428571427,78.57142857142857,63.492063492063494,,,,,
2016-04-01,,极度贪婪,3,22.22222222222222,89.88095238095238,63.88888888888889,,,,,
2016-04-05,,极度贪婪,3,23.41269841269841,87.6984126984127,67.46031746031747,,,,,
2016-04-06,,极度贪婪,3,23.41269841269841,85.51587301587301,67.85714285714286,,,,,
2016-04-07,,极度贪婪,3,21.825396825396826,73.80952380952381,65.87301587301587,,,,,
2016-04-08,,极度贪婪,3,19.841269841269842,61.111111111111114,90.47619047619048,,,,,
2016-04-11,,极度贪婪,3,24.206349206349206,77.77777777777779,90.47619047619048,,,,,
2016-04-12,,极度贪婪,3,24.206349206349206,71.42857142857143,92.85714285714286,,,,,
2016-04-13,,极度贪婪,3,26.190476190476193,89.68253968253968,93.65079365079364,,,,,
2016-04-14,,极度贪婪,3,27.380952380952383,95.63492063492063,99.60317460317461,,,,,
2016-04-15,,极度贪婪,3,27.380952380952383,92.85714285714286,99.2063492063492,,,,,
2016-04-18,,极度贪婪,3,25.0,60.71428571428571,98.80952380952381,,,,,
2016-04-19,,极度贪婪,3,26.58730158730159,71.03174603174604,98.80952380952381,,,,,
2016-04-20,,极度贪婪,3,23.015873015873016,31.746031746031743,97.61904761904762,,,,,
2016-04-21,,极度贪婪,3,21.03174603174603,32.53968253968254,97.61904761904762,,,,,
2016-04-22,,极度贪婪,3,24.206349206349206,32.53968253968254,99.60317460317461,,,,,
2016-04-25,,极度贪婪,3,22.22222222222222,27.380952380952383,98.41269841269842,,,,,
2016-04-26,,极度贪婪,3,26.190476190476193,30.158730158730158,99.60317460317461,,,,,
2016-04-27,,极度贪婪,3,25.396825396825395,25.396825396825395,99.2063492063492,,,,,
2016-04-28,,极度贪婪,3,25.793650793650798,26.58730158730159,99.2063492063492,,,,,
2016-04-29,,极度贪婪,3,26.58730158730159,26.58730158730159,99.60317460317461,,,,,
2016-05-03,,极度贪婪,3,30.952380952380953,50.79365079365079,99.2063492063492,,,,,
2016-05-04,,极度贪婪,3,31.746031746031743,50.79365079365079,99.60317460317461,,,,,
2016-05-05,,极度贪婪,3,32.93650793650794,57.14285714285714,99.60317460317461,,,,,
2016-05-06,,极度贪婪,3,25.396825396825395,24.6031746031746,98.41269841269842,,,,,
2016-05-09,,极度贪婪,3,19.047619047619047,18.650793650793652,96.42857142857143,,,,,
2016-05-10,,极度贪婪,3,19.841269841269842,23.015873015873016,96.42857142857143,,,,,
2016-05-11,,极度贪婪,3,20.634920634920633,26.190476190476193,96.42857142857143,,,,,
2016-05-12,,极度贪婪,3,22.61904761904762,25.396825396825395,98.41269841269842,,,,,
2016-05-13,,极度贪婪,3,21.03174603174603,24.6031746031746,99.60317460317461,,,,,
2016-05-16,,极度贪婪,3,26.190476190476193,31.746031746031743,99.2063492063492,,,,,
2016-05-17,,极度贪婪,3,25.0,29.761904761904763,99.2063492063492,,,,,
2016-05-18,,极度贪婪,3,22.61904761904762,20.634920634920633,99.60317460317461,,,,,
2016-05-19,,极度贪婪,3,23.015873015873016,18.849206349206348,99.2063492063492,,,,,
2016-05-20,,极度贪婪,3,29.365079365079367,23.809523809523807,99.60317460317461,,,,,
2016-05-23,,极度贪婪,3,32.142857142857146,36.30952380952381,99.60317460317461,,,,,
2016-05-24,,极度贪婪,3,27.77777777777778,24.6031746031746,99.60317460317461,,,,,
2016-05-25,,极度贪婪,3,28.57142857142857,25.793650793650798,99.60317460317461,,,,,
2016-05-26,,极度贪婪,3,32.142857142857146,34.92063492063492,99.60317460317461,,,,,
2016-05-27,,极度贪婪,3,33.33333333333333,36.507936507936506,99.60317460317461,,,,,
2016-05-30,,极度贪婪,3,34.523809523809526,41.269841269841265,99.2063492063492,,,,,
2016-05-31,,极度贪婪,3,41.269841269841265,81.15079365079364,94.04761904761905,,,,,
2016-06-01,,极度贪婪,3,41.269841269841265,84.52380952380952,94.04761904761905,,,,,
2016-06-02,,极度贪婪,3,42.857142857142854,92.06349206349206,95.63492063492063,,,,,
2016-06-03,,极度贪婪,3,45.23809523809524,95.83333333333334,95.23809523809524,,,,,
2016-06-06,,极度贪婪,3,44.84126984126984,96.03174603174604,95.63492063492063,,,,,
2016-06-07,,极度贪婪,3,46.03174603174603,95.83333333333334,95.63492063492063,,,,,
2016-06-08,,极度贪婪,3,44.84126984126984,86.5079365079365,96.03174603174604,,,,,
2016-06-13,,极度贪婪,3,40.07936507936508,35.714285714285715,86.11111111111111,,,,,
2016-06-14,,极度贪婪,3,40.87301587301587,42.06349206349206,85.31746031746032,,,,,
2016-06-15,,极度贪婪,3,43.25396825396825,64.68253968253968,84.12698412698413,,,,,
2016-06-16,,极度贪婪,3,41.66666666666667,55.55555555555556,88.0952380952381,,,,,
2016-06-17,,极度贪婪,3,45.23809523809524,60.71428571428571,87.3015873015873,,,,,
2016-06-20,,极度贪婪,3,46.82539682539682,61.50793650793651,87.3015873015873,,,,,
2016-06-21,,极度贪婪,3,47.22222222222222,55.55555555555556,92.06349206349206,,,,,
2016-06-22,,极度贪婪,3,50.79365079365079,66.66666666666666,96.82539682539682,,,,,
2016-06-23,,极度贪婪,3,50.39682539682539,59.523809523809526,95.63492063492063,,,,,
2016-06-24,,极度贪婪,3,46.82539682539682,46.03174603174603,94.04761904761905,,,,,
2016-06-27,,极度贪婪,3,52.77777777777778,58.730158730158735,90.47619047619048,,,,,
2016-06-28,,极度贪婪,3,54.36507936507936,62.301587301587304,90.47619047619048,,,,,
2016-06-29,,极度贪婪,3,55.158730158730165,73.01587301587301,90.87301587301587,,,,,
2016-06-30,,极度贪婪,3,56.34920634920635,74.20634920634922,90.87301587301587,,,,,
2016-07-01,,极度贪婪,3,57.53968253968254,76.5873015873016,91.26984126984127,,,,,
2016-07-04,,极度贪婪,3,64.68253968253968,90.87301587301587,88.0952380952381,,,,,
2016-07-05,,极度贪婪,3,65.07936507936508,80.55555555555556,88.4920634920635,,,,,
2016-07-06,,极度贪婪,3,67.06349206349206,79.76190476190477,88.0952380952381,,,,,
2016-07-07,,极度贪婪,3,67.06349206349206,76.5873015873016,88.4920634920635,,,,,
2016-07-08,,极度贪婪,3,65.07936507936508,73.01587301587301,88.0952380952381,,,,,
2016-07-11,,极度贪婪,3,67.85714285714286,73.4126984126984,87.6984126984127,,,,,
2016-07-12,,极度贪婪,3,76.19047619047619,78.17460317460318,84.92063492063492,,,,,
2016-07-13,,极度贪婪,3,76.98412698412699,85.9126984126984,84.92063492063492,,,,,
2016-07-14,,极度贪婪,3,76.98412698412699,82.53968253968253,97.61904761904762,,,,,
2016-07-15,,极度贪婪,3,77.38095238095238,82.34126984126983,97.61904761904762,,,,,
2016-07-18,,极度贪婪,3,76.19047619047619,76.5873015873016,96.82539682539682,,,,,
2016-07-19,,极度贪婪,3,74.20634920634922,74.40476190476191,96.82539682539682,,,,,
2016-07-20,,极度贪婪,3,73.01587301587301,71.42857142857143,96.82539682539682,,,,,
2016-07-21,,极度贪婪,3,77.38095238095238,73.01587301587301,95.63492063492063,,,,,
2016-07-22,,极度贪婪,3,73.01587301587301,56.74603174603175,94.44444444444444,,,,,
2016-07-25,,极度贪婪,3,73.80952380952381,54.761904761904766,99.60317460317461,,,,,
2016-07-26,,极度贪婪,3,80.95238095238095,72.81746031746032,99.2063492063492,,,,,
2016-07-27,,极度贪婪,3,73.4126984126984,39.682539682539684,98.80952380952381,,,,,
2016-07-28,,极度贪婪,3,74.60317460317461,40.476190476190474,98.80952380952381,,,,,
2016-07-29,,极度贪婪,3,72.61904761904762,38.492063492063494,98.41269841269842,,,,,
2016-08-01,,极度贪婪,3,69.84126984126983,28.968253968253972,97.61904761904762,,,,,
2016-08-02,,极度贪婪,3,72.61904761904762,34.523809523809526,97.22222222222223,,,,,
2016-08-03,,极度贪婪,3,73.4126984126984,34.523809523809526,98.01587301587301,,,,,
2016-08-04,,极度贪婪,3,75.39682539682539,37.301587301587304,98.41269841269842,,,,,
2016-08-05,,极度贪婪,3,77.77777777777779,37.698412698412696,99.2063492063492,,,,,
2016-08-08,,极度贪婪,3,84.12698412698413,44.44444444444444,99.60317460317461,,,,,
2016-08-09,,极度贪婪,3,85.71428571428571,52.38095238095239,99.2063492063492,,,,,
2016-08-10,,极度贪婪,3,85.31746031746032,46.82539682539682,98.80952380952381,,,,,
2016-08-11,,极度贪婪,3,84.52380952380952,41.269841269841265,98.41269841269842,,,,,
2016-08-12,,极度贪婪,3,92.06349206349206,51.19047619047619,94.84126984126985,,,,,
2016-08-15,,极度贪婪,3,95.23809523809523,78.37301587301587,91.66666666666667,,,,,
2016-08-16,,极度贪婪,3,95.23809523809523,85.71428571428571,91.26984126984127,,,,,
2016-08-17,,极度贪婪,3,95.23809523809523,81.34920634920636,90.87301587301587,,,,,
2016-08-18,,极度贪婪,3,95.23809523809523,78.57142857142857,90.47619047619048,,,,,
2016-08-19,,极度贪婪,3,95.63492063492063,80.15873015873017,91.26984126984127,,,,,
2016-08-22,,极度贪婪,3,94.04761904761905,69.04761904761905,87.3015873015873,,,,,
2016-08-23,,极度贪婪,3,94.84126984126983,69.84126984126983,92.85714285714286,,,,,
2016-08-24,,极度贪婪,3,94.04761904761905,66.66666666666666,92.46031746031746,,,,,
2016-08-25,,极度贪婪,3,93.65079365079364,57.936507936507944,91.66666666666667,,,,,
2016-08-26,,极度贪婪,3,94.04761904761905,57.738095238095234,91.26984126984127,,,,,
2016-08-29,,极度贪婪,3,94.44444444444444,54.761904761904766,91.66666666666667,,,,,
2016-08-30,,极度贪婪,3,95.23809523809523,54.36507936507936,92.46031746031746,,,,,
2016-08-31,,极度贪婪,3,96.42857142857143,55.952380952380956,92.46031746031746,,,,,
2016-09-01,,极度贪婪,3,93.25396825396825,36.507936507936506,89.68253968253968,,,,,
2016-09-02,,极度贪婪,3,94.84126984126983,34.523809523809526,93.25396825396825,,,,,
2016-09-05,,极度贪婪,3,95.23809523809523,39.285714285714285,93.25396825396825,,,,,
2016-09-06,,极度贪婪,3,97.61904761904762,58.730158730158735,93.65079365079364,,,,,
2016-09-07,,极度贪婪,3,97.22222222222221,53.96825396825397,96.82539682539682,,,,,
2016-09-08,,极度贪婪,3,96.82539682539682,53.17460317460318,96.42857142857143,,,,,
2016-09-09,,极度贪婪,3,93.65079365079364,39.682539682539684,96.03174603174604,,,,,
2016-09-12,,极度贪婪,3,88.4920634920635,15.873015873015872,92.46031746031746,,,,,
2016-09-13,,极度贪婪,3,88.09523809523809,14.682539682539684,92.46031746031746,,,,,
2016-09-14,,极度贪婪,3,85.31746031746032,12.698412698412698,91.26984126984127,,,,,
2016-09-19,,极度贪婪,3,88.88888888888889,23.015873015873016,90.87301587301587,,,,,
2016-09-20,,极度贪婪,3,87.3015873015873,22.22222222222222,90.47619047619048,,,,,
2016-09-21,,极度贪婪,3,89.28571428571429,28.968253968253972,91.66666666666667,,,,,
2016-09-22,,极度贪婪,3,90.07936507936508,36.507936507936506,91.26984126984127,,,,,
2016-09-23,,极度贪婪,3,89.68253968253968,33.730158730158735,90.47619047619048,,,,,
2016-09-26,,极度贪婪,3,80.15873015873017,11.507936507936508,83.73015873015873,,,,,
2016-09-27,,极度贪婪,3,83.33333333333334,18.253968253968253,92.06349206349206,,,,,
2016-09-28,,极度贪婪,3,81.74603174603175,17.857142857142858,99.60317460317461,,,,,
2016-09-29,,极度贪婪,3,83.73015873015873,26.984126984126984,99.2063492063492,,,,,
2016-09-30,,极度贪婪,3,85.31746031746032,33.730158730158735,98.80952380952381,,,,,
2016-10-10,,极度贪婪,3,90.47619047619048,62.698412698412696,98.41269841269842,,,,,
2016-10-11,,极度贪婪,3,91.66666666666666,75.39682539682539,98.01587301587301,,,,,
2016-10-12,,极度贪婪,3,90.07936507936508,69.44444444444444,98.41269841269842,,,,,
2016-10-13,,极度贪婪,3,90.47619047619048,65.07936507936508,98.41269841269842,,,,,
2016-10-14,,极度贪婪,3,90.87301587301587,67.46031746031747,98.41269841269842,,,,,
2016-10-17,,极度贪婪,3,87.6984126984127,54.36507936507936,97.22222222222223,,,,,
2016-10-18,,极度贪婪,3,94.04761904761905,75.0,96.03174603174604,,,,,
2016-10-19,,极度贪婪,3,92.85714285714286,72.61904761904762,95.63492063492063,,,,,
2016-10-20,,极度贪婪,3,93.65079365079364,74.60317460317461,95.63492063492063,,,,,
2016-10-21,,极度贪婪,3,94.84126984126983,69.44444444444444,96.03174603174604,,,,,
2016-10-24,,极度贪婪,3,100.0,80.55555555555556,94.44444444444444,,,,,
2016-10-25,,极度贪婪,3,100.0,82.14285714285714,94.44444444444444,,,,,
2016-10-26,,极度贪婪,3,98.80952380952381,73.4126984126984,93.65079365079364,,,,,
2016-10-27,,极度贪婪,3,97.22222222222221,64.88095238095238,94.44444444444444,,,,,
2016-10-28,,极度贪婪,3,96.03174603174604,53.57142857142857,94.04761904761905,,,,,
2016-10-31,,极度贪婪,3,95.63492063492063,50.39682539682539,93.65079365079364,,,,,
2016-11-01,,极度贪婪,3,98.80952380952381,62.698412698412696,93.65079365079364,,,,,
2016-11-02,,极度贪婪,3,94.44444444444444,44.84126984126984,98.01587301587301,,,,,
2016-11-03,,极度贪婪,3,100.0,51.587301587301596,95.63492063492063,,,,,
2016-11-04,,极度贪婪,3,98.01587301587301,44.84126984126984,96.42857142857143,,,,,
2016-11-07,,极度贪婪,3,98.4126984126984,44.84126984126984,98.41269841269842,,,,,
2016-11-08,,极度贪婪,3,100.0,53.57142857142857,98.01587301587301,,,,,
2016-11-09,,极度贪婪,3,97.22222222222221,44.047619047619044,95.63492063492063,,,,,
2016-11-10,,极度贪婪,3,100.0,58.333333333333336,93.65079365079364,,,,,
2016-11-11,,极度贪婪,3,100.0,60.71428571428571,93.25396825396825,,,,,
2016-11-14,,极度贪婪,3,100.0,63.888888888888886,99.60317460317461,,,,,
2016-11-15,,极度贪婪,3,100.0,68.25396825396825,99.60317460317461,,,,,
2016-11-16,,极度贪婪,3,100.0,68.65079365079364,99.60317460317461,,,,,
2016-11-17,,极度贪婪,3,100.0,65.47619047619048,99.60317460317461,,,,,
2016-11-18,,极度贪婪,3,98.4126984126984,57.53968253968254,98.01587301587301,,,,,
2016-11-21,,极度贪婪,3,100.0,59.523809523809526,99.60317460317461,,,,,
2016-11-22,,极度贪婪,3,100.0,71.82539682539682,99.2063492063492,,,,,
2016-11-23,,极度贪婪,3,100.0,67.85714285714286,99.2063492063492,,,,,
2016-11-24,,极度贪婪,3,100.0,59.92063492063492,98.80952380952381,,,,,
2016-11-25,,极度贪婪,3,100.0,73.01587301587301,96.42857142857143,,,,,
2016-11-28,,极度贪婪,3,100.0,71.23015873015873,99.60317460317461,,,,,
2016-11-29,,极度贪婪,3,100.0,58.730158730158735,99.60317460317461,,,,,
2016-11-30,,极度贪婪,3,99.60317460317461,53.17460317460318,99.2063492063492,,,,,
2016-12-01,,极度贪婪,3,100.0,61.904761904761905,98.41269841269842,,,,,
2016-12-02,,极度贪婪,3,98.4126984126984,40.476190476190474,94.04761904761905,,,,,
2016-12-05,,极度贪婪,3,97.22222222222221,33.730158730158735,88.88888888888889,,,,,
2016-12-06,,极度贪婪,3,96.42857142857143,33.33333333333333,88.0952380952381,,,,,
2016-12-07,,极度贪婪,3,97.22222222222221,37.698412698412696,88.4920634920635,,,,,
2016-12-08,,极度贪婪,3,96.82539682539682,34.92063492063492,88.88888888888889,,,,,
2016-12-09,,极度贪婪,3,97.61904761904762,37.301587301587304,86.9047619047619,,,,,
2016-12-12,,极度贪婪,3,92.85714285714286,19.047619047619047,74.2063492063492,,,,,
2016-12-13,,极度贪婪,3,92.06349206349206,15.079365079365079,74.60317460317461,,,,,
2016-12-14,,极度贪婪,3,90.87301587301587,10.714285714285714,74.2063492063492,,,,,
2016-12-15,,极度贪婪,3,89.68253968253968,7.5396825396825395,72.22222222222223,,,,,
2016-12-16,,极度贪婪,3,90.07936507936508,7.738095238095238,73.01587301587301,,,,,
2016-12-19,,极度贪婪,3,88.09523809523809,11.11111111111111,71.42857142857143,,,,,
2016-12-20,,极度贪婪,3,84.12698412698413,9.126984126984127,71.03174603174602,,,,,
2016-12-21,,极度贪婪,3,89.68253968253968,14.285714285714285,70.63492063492063,,,,,
2016-12-22,,极度贪婪,3,88.88888888888889,15.873015873015872,74.60317460317461,,,,,
2016-12-23,,极度贪婪,3,83.73015873015873,8.333333333333332,75.0,,,,,
2016-12-26,,极度贪婪,3,87.6984126984127,11.11111111111111,74.60317460317461,,,,,
2016-12-27,,极度贪婪,3,85.31746031746032,11.904761904761903,74.60317460317461,,,,,
2016-12-28,,极度贪婪,3,82.93650793650794,9.920634920634921,73.4126984126984,,,,,
2016-12-29,,极度贪婪,3,81.74603174603175,12.5,74.60317460317461,,,,,
2016-12-30,,极度贪婪,3,85.71428571428571,15.873015873015872,73.4126984126984,,,,,
2017-01-03,,极度贪婪,3,90.07936507936508,36.904761904761905,69.04761904761905,,,,,
2017-01-04,,极度贪婪,3,91.26984126984127,60.71428571428571,69.04761904761905,,,,,
2017-01-05,,极度贪婪,3,91.26984126984127,66.26984126984127,70.23809523809524,,,,,
2017-01-06,,极度贪婪,3,89.68253968253968,51.19047619047619,70.63492063492063,,,,,
2017-01-09,,极度贪婪,3,90.87301587301587,62.698412698412696,75.39682539682539,,,,,
2017-01-10,,极度贪婪,3,89.68253968253968,55.952380952380956,76.5873015873016,,,,,
2017-01-11,,极度贪婪,3,88.4920634920635,43.25396825396825,77.77777777777777,,,,,
2017-01-12,,极度贪婪,3,87.3015873015873,33.33333333333333,77.77777777777777,,,,,
2017-01-13,,极度贪婪,3,87.3015873015873,33.33333333333333,78.57142857142857,,,,,
2017-01-16,,极度贪婪,3,86.90476190476191,32.73809523809524,79.36507936507937,,,,,
2017-01-17,,极度贪婪,3,87.3015873015873,34.12698412698413,84.92063492063492,,,,,
2017-01-18,,极度贪婪,3,88.4920634920635,36.11111111111111,84.52380952380952,,,,,
2017-01-19,,极度贪婪,3,86.90476190476191,32.93650793650794,84.92063492063492,,,,,
2017-01-20,,极度贪婪,3,89.28571428571429,38.492063492063494,83.33333333333334,,,,,
2017-01-23,,极度贪婪,3,91.26984126984127,41.66666666666667,84.12698412698413,,,,,
2017-01-24,,极度贪婪,3,90.87301587301587,40.87301587301587,99.2063492063492,,,,,
2017-01-25,,极度贪婪,3,92.06349206349206,42.06349206349206,98.80952380952381,,,,,
2017-01-26,,极度贪婪,3,93.65079365079364,47.61904761904761,99.2063492063492,,,,,
2017-02-03,,极度贪婪,3,88.09523809523809,41.269841269841265,99.60317460317461,,,,,
2017-02-06,,极度贪婪,3,90.47619047619048,53.57142857142857,99.2063492063492,,,,,
2017-02-07,,极度贪婪,3,87.3015873015873,50.79365079365079,99.60317460317461,,,,,
2017-02-08,,极度贪婪,3,92.46031746031747,80.15873015873017,99.60317460317461,,,,,
2017-02-09,,极度贪婪,3,94.04761904761905,91.26984126984127,99.60317460317461,,,,,
2017-02-10,,极度贪婪,3,94.44444444444444,90.07936507936508,99.2063492063492,,,,,
2017-02-13,,极度贪婪,3,95.23809523809523,99.40476190476191,99.60317460317461,,,,,
2017-02-14,,极度贪婪,3,94.04761904761905,98.4126984126984,99.60317460317461,,,,,
2017-02-15,,极度贪婪,3,93.65079365079364,81.34920634920636,98.80952380952381,,,,,
2017-02-16,,极度贪婪,3,94.04761904761905,89.0873015873016,99.2063492063492,,,,,
2017-02-17,,极度贪婪,3,92.46031746031747,75.0,98.01587301587301,,,,,
2017-02-20,,极度贪婪,3,97.22222222222221,92.06349206349206,94.84126984126985,,,,,
2017-02-21,,极度贪婪,3,97.22222222222221,99.20634920634922,95.23809523809524,,,,,
2017-02-22,,极度贪婪,3,97.61904761904762,95.63492063492063,96.42857142857143,,,,,
2017-02-23,,极度贪婪,3,95.63492063492063,87.6984126984127,95.63492063492063,,,,,
2017-02-24,,极度贪婪,3,95.23809523809523,89.28571428571429,96.82539682539682,,,,,
2017-02-27,,极度贪婪,3,91.26984126984127,73.4126984126984,93.65079365079364,,,,,
2017-02-28,,极度贪婪,3,91.26984126984127,76.19047619047619,93.65079365079364,,,,,
2017-03-01,,极度贪婪,3,92.06349206349206,75.9920634920635,96.82539682539682,,,,,
2017-03-02,,极度贪婪,3,88.88888888888889,51.19047619047619,95.23809523809524,,,,,
2017-03-03,,极度贪婪,3,88.09523809523809,43.65079365079365,94.84126984126985,,,,,
2017-03-06,,极度贪婪,3,90.07936507936508,51.587301587301596,94.04761904761905,,,,,
2017-03-07,,极度贪婪,3,90.07936507936508,49.2063492063492,93.65079365079364,,,,,
2017-03-08,,极度贪婪,3,88.88888888888889,46.42857142857143,94.04761904761905,,,,,
2017-03-09,,极度贪婪,3,85.31746031746032,38.095238095238095,90.47619047619048,,,,,
2017-03-10,,极度贪婪,3,84.92063492063492,39.682539682539684,94.04761904761905,,,,,
2017-03-13,,极度贪婪,3,89.68253968253968,47.22222222222222,89.68253968253968,,,,,
2017-03-14,,极度贪婪,3,88.4920634920635,45.23809523809524,89.28571428571429,,,,,
2017-03-15,,极度贪婪,3,89.68253968253968,45.63492063492063,89.68253968253968,,,,,
2017-03-16,,极度贪婪,3,93.25396825396825,67.85714285714286,88.4920634920635,,,,,
2017-03-17,,极度贪婪,3,84.92063492063492,41.269841269841265,86.9047619047619,,,,,
2017-03-20,,极度贪婪,3,85.31746031746032,44.84126984126984,86.9047619047619,,,,,
2017-03-21,,极度贪婪,3,88.4920634920635,55.158730158730165,85.71428571428572,,,,,
2017-03-22,,极度贪婪,3,83.33333333333334,44.047619047619044,85.31746031746032,,,,,
2017-03-23,,极度贪婪,3,85.71428571428571,47.22222222222222,85.31746031746032,,,,,
2017-03-24,,极度贪婪,3,92.85714285714286,60.317460317460316,83.33333333333334,,,,,
2017-03-27,,极度贪婪,3,88.88888888888889,51.587301587301596,84.12698412698413,,,,,
2017-03-28,,极度贪婪,3,85.31746031746032,46.03174603174603,83.73015873015873,,,,,
2017-03-29,,极度贪婪,3,83.73015873015873,40.07936507936508,84.92063492063492,,,,,
2017-03-30,,极度贪婪,3,75.79365079365078,24.206349206349206,81.74603174603175,,,,,
2017-03-31,,极度贪婪,3,80.15873015873017,31.746031746031743,81.74603174603175,,,,,
2017-04-05,,极度贪婪,3,93.65079365079364,61.50793650793651,83.33333333333334,,,,,
2017-04-06,,极度贪婪,3,94.44444444444444,64.28571428571429,83.33333333333334,,,,,
2017-04-07,,极度贪婪,3,94.84126984126983,66.66666666666666,83.33333333333334,,,,,
2017-04-10,,极度贪婪,3,92.06349206349206,44.44444444444444,84.12698412698413,,,,,
2017-04-11,,极度贪婪,3,93.65079365079364,45.63492063492063,82.93650793650794,,,,,
2017-04-12,,极度贪婪,3,91.66666666666666,41.269841269841265,87.3015873015873,,,,,
2017-04-13,,极度贪婪,3,92.85714285714286,45.63492063492063,87.3015873015873,,,,,
2017-04-14,,极度贪婪,3,84.12698412698413,32.93650793650794,80.95238095238095,,,,,
2017-04-17,,极度贪婪,3,80.55555555555556,29.761904761904763,86.11111111111111,,,,,
2017-04-18,,极度贪婪,3,76.19047619047619,22.61904761904762,84.12698412698413,,,,,
2017-04-19,,极度贪婪,3,69.04761904761905,18.253968253968253,84.12698412698413,,,,,
2017-04-20,,极度贪婪,3,73.4126984126984,22.22222222222222,81.34920634920636,,,,,
2017-04-21,,极度贪婪,3,76.19047619047619,21.825396825396826,81.34920634920636,,,,,
2017-04-24,,极度贪婪,3,65.47619047619048,14.285714285714285,75.0,,,,,
2017-04-25,,极度贪婪,3,65.87301587301587,20.634920634920633,74.60317460317461,,,,,
2017-04-26,,极度贪婪,3,66.26984126984127,20.634920634920633,81.34920634920636,,,,,
2017-04-27,,极度贪婪,3,66.26984126984127,21.03174603174603,80.95238095238095,,,,,
2017-04-28,,极度贪婪,3,64.68253968253968,16.26984126984127,81.74603174603175,,,,,
2017-05-02,,极度贪婪,3,62.698412698412696,13.88888888888889,85.71428571428572,,,,,
2017-05-03,,极度贪婪,3,59.92063492063492,11.904761904761903,90.07936507936508,,,,,
2017-05-04,,极度贪婪,3,57.14285714285714,11.11111111111111,89.68253968253968,,,,,
2017-05-05,,极度贪婪,3,51.19047619047619,7.936507936507936,88.88888888888889,,,,,
2017-05-08,,极度贪婪,3,44.44444444444444,5.952380952380952,86.9047619047619,,,,,
2017-05-09,,极度贪婪,3,43.25396825396825,7.738095238095238,88.4920634920635,,,,,
2017-05-10,,极度贪婪,3,39.285714285714285,9.126984126984127,95.63492063492063,,,,,
2017-05-11,,极度贪婪,3,43.25396825396825,11.904761904761903,90.87301587301587,,,,,
2017-05-12,,极度贪婪,3,50.79365079365079,19.444444444444446,83.33333333333334,,,,,
2017-05-15,,极度贪婪,3,54.36507936507936,21.825396825396826,80.15873015873015,,,,,
2017-05-16,,极度贪婪,3,60.71428571428571,34.12698412698413,75.39682539682539,,,,,
2017-05-17,,极度贪婪,3,55.952380952380956,32.53968253968254,76.19047619047619,,,,,
2017-05-18,,极度贪婪,3,51.19047619047619,28.57142857142857,96.82539682539682,,,,,
2017-05-19,,极度贪婪,3,53.17460317460318,31.349206349206348,97.22222222222223,,,,,
2017-05-22,,极度贪婪,3,55.55555555555556,32.142857142857146,96.42857142857143,,,,,
2017-05-23,,极度贪婪,3,58.730158730158735,30.158730158730158,95.63492063492063,,,,,
2017-05-24,,极度贪婪,3,57.53968253968254,31.746031746031743,96.42857142857143,,,,,
2017-05-25,,极度贪婪,3,72.61904761904762,37.301587301587304,63.88888888888889,,,,,
2017-05-26,,极度贪婪,3,70.63492063492063,37.301587301587304,63.88888888888889,,,,,
2017-05-31,,极度贪婪,3,75.79365079365078,38.095238095238095,66.26984126984127,,,,,
2017-06-01,,极度贪婪,3,76.19047619047619,36.11111111111111,66.26984126984127,,,,,
2017-06-02,,极度贪婪,3,70.23809523809523,38.492063492063494,67.06349206349206,,,,,
2017-06-05,,极度贪婪,3,62.698412698412696,42.06349206349206,66.66666666666667,,,,,
2017-06-06,,极度贪婪,3,70.23809523809523,47.22222222222222,63.88888888888889,,,,,
2017-06-07,,极度贪婪,3,86.5079365079365,91.26984126984127,59.12698412698413,,,,,
2017-06-08,,极度贪婪,3,93.25396825396825,89.68253968253968,60.714285714285715,,,,,
2017-06-09,,极度贪婪,3,96.03174603174604,90.07936507936508,59.92063492063492,,,,,
2017-06-12,,极度贪婪,3,95.23809523809523,69.04761904761905,59.523809523809526,,,,,
2017-06-13,,极度贪婪,3,96.42857142857143,86.90476190476191,59.12698412698413,,,,,
2017-06-14,,极度贪婪,3,80.55555555555556,81.74603174603175,56.34920634920635,,,,,
2017-06-15,,极度贪婪,3,77.38095238095238,80.15873015873017,56.34920634920635,,,,,
2017-06-16,,极度贪婪,3,73.4126984126984,73.01587301587301,56.34920634920635,,,,,
2017-06-19,,极度贪婪,3,85.31746031746032,83.73015873015873,54.36507936507937,,,,,
2017-06-20,,极度贪婪,3,82.93650793650794,76.98412698412699,55.55555555555556,,,,,
2017-06-21,,极度贪婪,3,95.23809523809523,85.31746031746032,54.76190476190476,,,,,
2017-06-22,,极度贪婪,3,95.23809523809523,80.55555555555556,55.15873015873016,,,,,
2017-06-23,,极度贪婪,3,97.61904761904762,85.31746031746032,55.952380952380956,,,,,
2017-06-26,,极度贪婪,3,99.20634920634922,96.03174603174604,50.7936507936508,,,,,
2017-06-27,,极度贪婪,3,99.20634920634922,95.83333333333334,52.77777777777778,,,,,
2017-06-28,,极度贪婪,3,97.61904761904762,84.52380952380952,45.238095238095234,,,,,
2017-06-29,,极度贪婪,3,98.4126984126984,86.11111111111111,45.63492063492064,,,,,
2017-06-30,,极度贪婪,3,98.01587301587301,82.14285714285714,50.39682539682539,,,,,
2017-07-03,,极度贪婪,3,96.03174603174604,87.3015873015873,48.412698412698404,,,,,
2017-07-04,,极度贪婪,3,93.65079365079364,69.44444444444444,42.46031746031746,,,,,
2017-07-05,,极度贪婪,3,96.82539682539682,79.36507936507937,39.28571428571429,,,,,
2017-07-06,,极度贪婪,3,96.03174603174604,74.20634920634922,38.888888888888886,,,,,
2017-07-07,,极度贪婪,3,94.84126984126983,71.03174603174604,38.095238095238095,,,,,
2017-07-10,,极度贪婪,3,94.44444444444444,61.111111111111114,53.57142857142857,,,,,
2017-07-11,,极度贪婪,3,97.22222222222221,51.98412698412699,53.57142857142857,,,,,
2017-07-12,,极度贪婪,3,94.04761904761905,44.84126984126984,50.7936507936508,,,,,
2017-07-13,,极度贪婪,3,97.61904761904762,46.82539682539682,46.82539682539682,,,,,
2017-07-14,,极度贪婪,3,98.80952380952381,43.65079365079365,49.20634920634921,,,,,
2017-07-17,,极度贪婪,3,92.46031746031747,26.58730158730159,40.87301587301587,,,,,
2017-07-18,,极度贪婪,3,93.25396825396825,29.761904761904763,41.666666666666664,,,,,
2017-07-19,,极度贪婪,3,100.0,37.301587301587304,33.730158730158735,,,,,
2017-07-20,,极度贪婪,3,100.0,42.857142857142854,36.50793650793651,,,,,
2017-07-21,,极度贪婪,3,99.20634920634922,43.65079365079365,32.93650793650794,,,,,
2017-07-24,,极度贪婪,3,99.60317460317461,48.80952380952381,32.53968253968253,,,,,
2017-07-25,,极度贪婪,3,97.61904761904762,42.06349206349206,30.555555555555557,,,,,
2017-07-26,,极度贪婪,3,94.84126984126983,37.698412698412696,40.476190476190474,,,,,
2017-07-27,,极度贪婪,3,96.03174603174604,50.79365079365079,40.87301587301587,,,,,
2017-07-28,,极度贪婪,3,96.42857142857143,56.74603174603175,42.46031746031746,,,,,
2017-07-31,,极度贪婪,3,98.4126984126984,71.42857142857143,46.42857142857143,,,,,
2017-08-01,,极度贪婪,3,100.0,74.20634920634922,43.25396825396825,,,,,
2017-08-02,,极度贪婪,3,99.20634920634922,56.34920634920635,52.77777777777778,,,,,
2017-08-03,,极度贪婪,3,94.44444444444444,51.19047619047619,41.269841269841265,,,,,
2017-08-04,,极度贪婪,3,91.26984126984127,40.87301587301587,42.46031746031746,,,,,
2017-08-07,,极度贪婪,3,93.25396825396825,55.158730158730165,54.36507936507937,,,,,
2017-08-08,,极度贪婪,3,94.04761904761905,62.698412698412696,54.76190476190476,,,,,
2017-08-09,,极度贪婪,3,92.46031746031747,60.71428571428571,56.34920634920635,,,,,
2017-08-10,,极度贪婪,3,89.68253968253968,53.57142857142857,56.74603174603175,,,,,
2017-08-11,,极度贪婪,3,74.20634920634922,22.22222222222222,31.349206349206355,,,,,
2017-08-14,,极度贪婪,3,84.12698412698413,45.23809523809524,23.412698412698404,,,,,
2017-08-15,,极度贪婪,3,84.52380952380952,46.42857142857143,25.793650793650784,,,,,
2017-08-16,,极度贪婪,3,83.73015873015873,44.84126984126984,33.730158730158735,,,,,
2017-08-17,,极度贪婪,3,86.90476190476191,56.34920634920635,32.53968253968253,,,,,
2017-08-18,,极度贪婪,3,87.3015873015873,53.57142857142857,32.93650793650794,,,,,
2017-08-21,,极度贪婪,3,90.87301587301587,75.0,30.158730158730165,,,,,
2017-08-22,,极度贪婪,3,93.65079365079364,79.36507936507937,32.14285714285714,,,,,
2017-08-23,,极度贪婪,3,94.04761904761905,70.63492063492063,33.33333333333334,,,,,
2017-08-24,,极度贪婪,3,87.3015873015873,43.25396825396825,33.730158730158735,,,,,
2017-08-25,,极度贪婪,3,98.80952380952381,78.96825396825396,21.03174603174604,,,,,
2017-08-28,,极度贪婪,3,100.0,93.65079365079364,21.42857142857143,,,,,
2017-08-29,,极度贪婪,3,99.60317460317461,91.26984126984127,21.03174603174604,,,,,
2017-08-30,,极度贪婪,3,99.20634920634922,94.44444444444444,33.730158730158735,,,,,
2017-08-31,,极度贪婪,3,98.80952380952381,92.46031746031747,34.12698412698413,,,,,
2017-09-01,,极度贪婪,3,98.80952380952381,95.23809523809523,36.111111111111114,,,,,
2017-09-04,,极度贪婪,3,99.60317460317461,93.65079365079364,36.111111111111114,,,,,
2017-09-05,,极度贪婪,3,100.0,91.26984126984127,40.476190476190474,,,,,
2017-09-06,,极度贪婪,3,98.80952380952381,92.46031746031747,42.063492063492056,,,,,
2017-09-07,,极度贪婪,3,96.82539682539682,81.34920634920636,38.095238095238095,,,,,
2017-09-08,,极度贪婪,3,96.03174603174604,76.98412698412699,37.698412698412696,,,,,
2017-09-11,,极度贪婪,3,95.23809523809523,79.36507936507937,38.49206349206349,,,,,
2017-09-12,,极度贪婪,3,96.82539682539682,80.15873015873017,46.42857142857143,,,,,
2017-09-13,,极度贪婪,3,96.82539682539682,79.76190476190477,47.22222222222222,,,,,
2017-09-14,,极度贪婪,3,94.04761904761905,71.42857142857143,55.15873015873016,,,,,
2017-09-15,,极度贪婪,3,93.65079365079364,64.68253968253968,55.55555555555556,,,,,
2017-09-18,,极度贪婪,3,95.23809523809523,66.66666666666666,55.55555555555556,,,,,
2017-09-19,,极度贪婪,3,92.06349206349206,53.96825396825397,54.76190476190476,,,,,
2017-09-20,,极度贪婪,3,94.04761904761905,62.698412698412696,54.36507936507937,,,,,
2017-09-21,,极度贪婪,3,91.66666666666666,42.06349206349206,55.55555555555556,,,,,
2017-09-22,,极度贪婪,3,90.47619047619048,32.53968253968254,90.07936507936508,,,,,
2017-09-25,,极度贪婪,3,88.4920634920635,18.253968253968253,97.22222222222223,,,,,
2017-09-26,,极度贪婪,3,88.4920634920635,17.857142857142858,97.61904761904762,,,,,
2017-09-27,,极度贪婪,3,87.3015873015873,24.6031746031746,98.01587301587301,,,,,
2017-09-28,,极度贪婪,3,86.90476190476191,24.6031746031746,98.01587301587301,,,,,
2017-09-29,,极度贪婪,3,89.28571428571429,31.746031746031743,97.61904761904762,,,,,
2017-10-09,,极度贪婪,3,97.61904761904762,54.36507936507936,88.0952380952381,,,,,
2017-10-10,,极度贪婪,3,97.61904761904762,63.095238095238095,89.28571428571429,,,,,
2017-10-11,,极度贪婪,3,99.20634920634922,66.66666666666666,87.3015873015873,,,,,
2017-10-12,,极度贪婪,3,100.0,65.07936507936508,92.46031746031746,,,,,
2017-10-13,,极度贪婪,3,100.0,70.03968253968253,99.60317460317461,,,,,
2017-10-16,,极度贪婪,3,98.4126984126984,48.01587301587302,99.60317460317461,,,,,
2017-10-17,,极度贪婪,3,97.61904761904762,45.23809523809524,99.60317460317461,,,,,
2017-10-18,,极度贪婪,3,100.0,43.65079365079365,98.80952380952381,,,,,
2017-10-19,,极度贪婪,3,99.20634920634922,32.93650793650794,98.41269841269842,,,,,
2017-10-20,,极度贪婪,3,97.61904761904762,41.66666666666667,98.01587301587301,,,,,
2017-10-23,,极度贪婪,3,98.01587301587301,50.0,98.80952380952381,,,,,
2017-10-24,,极度贪婪,3,100.0,49.801587301587304,97.22222222222223,,,,,
2017-10-25,,极度贪婪,3,100.0,56.94444444444444,96.82539682539682,,,,,
2017-10-26,,极度贪婪,3,100.0,68.65079365079364,97.61904761904762,,,,,
2017-10-27,,极度贪婪,3,100.0,53.96825396825397,96.82539682539682,,,,,
2017-10-30,,极度贪婪,3,99.60317460317461,34.92063492063492,95.63492063492063,,,,,
2017-10-31,,极度贪婪,3,99.20634920634922,39.285714285714285,95.23809523809524,,,,,
2017-11-01,,极度贪婪,3,98.4126984126984,37.698412698412696,94.84126984126985,,,,,
2017-11-02,,极度贪婪,3,98.01587301587301,30.555555555555557,95.63492063492063,,,,,
2017-11-03,,极度贪婪,3,97.22222222222221,25.793650793650798,94.44444444444444,,,,,
2017-11-06,,极度贪婪,3,99.20634920634922,35.714285714285715,93.65079365079364,,,,,
2017-11-07,,极度贪婪,3,100.0,47.22222222222222,92.85714285714286,,,,,
2017-11-08,,极度贪婪,3,99.60317460317461,53.96825396825397,92.46031746031746,,,,,
2017-11-09,,极度贪婪,3,100.0,72.61904761904762,92.06349206349206,,,,,
2017-11-10,,极度贪婪,3,100.0,70.63492063492063,91.66666666666667,,,,,
2017-11-13,,极度贪婪,3,100.0,75.79365079365078,92.46031746031746,,,,,
2017-11-14,,极度贪婪,3,99.20634920634922,67.46031746031747,90.87301587301587,,,,,
2017-11-15,,极度贪婪,3,98.01587301587301,41.269841269841265,87.6984126984127,,,,,
2017-11-16,,极度贪婪,3,98.80952380952381,44.44444444444444,83.73015873015873,,,,,
2017-11-17,,极度贪婪,3,99.20634920634922,26.984126984126984,83.33333333333334,,,,,
2017-11-20,,极度贪婪,3,99.60317460317461,35.714285714285715,90.47619047619048,,,,,
2017-11-21,,极度贪婪,3,100.0,42.857142857142854,67.06349206349206,,,,,
2017-11-22,,极度贪婪,3,100.0,42.46031746031746,67.06349206349206,,,,,
2017-11-23,,极度贪婪,3,96.42857142857143,18.253968253968253,8.333333333333343,,,,,
2017-11-24,,极度贪婪,3,96.03174603174604,18.650793650793652,8.333333333333343,,,,,
2017-11-27,,极度贪婪,3,91.66666666666666,12.3015873015873,0.39682539682539186,,,,,
2017-11-28,,极度贪婪,3,92.06349206349206,11.11111111111111,0.7936507936507837,,,,,
2017-11-29,,极度贪婪,3,90.47619047619048,13.492063492063492,1.1904761904761898,,,,,
2017-11-30,,极度贪婪,3,84.12698412698413,8.73015873015873,0.0,,,,,
2017-12-01,,极度贪婪,3,82.14285714285714,6.746031746031746,0.0,,,,,
2017-12-04,,极度贪婪,3,86.11111111111111,6.349206349206349,0.0,,,,,
2017-12-05,,极度贪婪,3,88.88888888888889,8.333333333333332,0.7936507936507837,,,,,
2017-12-06,,极度贪婪,3,83.73015873015873,3.571428571428571,0.0,,,,,
2017-12-07,,极度贪婪,3,73.01587301587301,1.1904761904761905,0.0,,,,,
2017-12-08,,极度贪婪,3,80.15873015873017,1.984126984126984,0.0,,,,,
2017-12-11,,极度贪婪,3,90.07936507936508,19.444444444444446,0.0,,,,,
2017-12-12,,极度贪婪,3,80.95238095238095,8.73015873015873,0.0,,,,,
2017-12-13,,极度贪婪,3,88.09523809523809,23.809523809523807,0.0,,,,,
2017-12-14,,极度贪婪,3,81.34920634920636,24.404761904761905,0.0,,,,,
2017-12-15,,极度贪婪,3,70.23809523809523,11.11111111111111,0.0,,,,,
2017-12-18,,极度贪婪,3,70.23809523809523,9.126984126984127,0.39682539682539186,,,,,
2017-12-19,,极度贪婪,3,81.74603174603175,26.984126984126984,0.0,,,,,
2017-12-20,,极度贪婪,3,79.36507936507937,19.444444444444446,0.39682539682539186,,,,,
2017-12-21,,极度贪婪,3,88.09523809523809,41.269841269841265,0.0,,,,,
2017-12-22,,极度贪婪,3,85.31746031746032,42.06349206349206,1.1904761904761898,,,,,
2017-12-25,,极度贪婪,3,78.96825396825396,24.6031746031746,1.9841269841269877,,,,,
2017-12-26,,极度贪婪,3,82.53968253968253,36.904761904761905,2.3809523809523796,,,,,
2017-12-27,,极度贪婪,3,65.87301587301587,17.857142857142858,0.0,,,,,
2017-12-28,,极度贪婪,3,70.23809523809523,26.190476190476193,0.39682539682539186,,,,,
2017-12-29,,极度贪婪,3,73.01587301587301,43.65079365079365,0.7936507936507837,,,,,
2018-01-02,,极度贪婪,3,87.3015873015873,70.23809523809523,0.0,,,,,
2018-01-03,,极度贪婪,3,89.28571428571429,87.6984126984127,2.7777777777777857,,,,,
2018-01-04,,极度贪婪,3,92.46031746031747,84.92063492063492,2.7777777777777857,,,,,
2018-01-05,,极度贪婪,3,92.46031746031747,79.36507936507937,9.920634920634924,,,,,
2018-01-08,,极度贪婪,3,94.04761904761905,78.17460317460318,8.730158730158735,,,,,
2018-01-09,,极度贪婪,3,95.63492063492063,79.76190476190477,11.904761904761912,,,,,
2018-01-10,,极度贪婪,3,96.82539682539682,77.77777777777779,11.904761904761912,,,,,
2018-01-11,,极度贪婪,3,96.03174603174604,84.72222222222221,11.507936507936506,,,,,
2018-01-12,,极度贪婪,3,96.82539682539682,77.77777777777779,15.873015873015873,,,,,
2018-01-15,,极度贪婪,3,96.42857142857143,36.11111111111111,15.873015873015873,,,,,
2018-01-16,,极度贪婪,3,98.4126984126984,45.23809523809524,14.285714285714292,,,,,
2018-01-17,,极度贪婪,3,97.22222222222221,38.095238095238095,13.492063492063494,,,,,
2018-01-18,,极度贪婪,3,98.4126984126984,42.06349206349206,15.873015873015873,,,,,
2018-01-19,,极度贪婪,3,99.20634920634922,40.27777777777778,18.253968253968253,,,,,
2018-01-22,,极度贪婪,3,99.20634920634922,62.301587301587304,16.269841269841265,,,,,
2018-01-23,,极度贪婪,3,100.0,64.28571428571429,19.444444444444443,,,,,
2018-01-24,,极度贪婪,3,100.0,77.57936507936508,36.111111111111114,,,,,
2018-01-25,,极度贪婪,3,98.4126984126984,74.60317460317461,33.730158730158735,,,,,
2018-01-26,,极度贪婪,3,98.80952380952381,65.27777777777779,39.28571428571429,,,,,
2018-01-29,,极度贪婪,3,95.63492063492063,29.761904761904763,20.238095238095227,,,,,
2018-01-30,,极度贪婪,3,90.07936507936508,21.825396825396826,16.666666666666657,,,,,
2018-01-31,,极度贪婪,3,92.06349206349206,17.063492063492063,19.04761904761905,,,,,
2018-02-01,,极度贪婪,3,87.3015873015873,11.904761904761903,17.85714285714286,,,,,
2018-02-02,,极度贪婪,3,90.47619047619048,13.88888888888889,19.04761904761905,,,,,
2018-02-05,,极度贪婪,3,89.68253968253968,14.285714285714285,19.444444444444443,,,,,
2018-02-06,,极度贪婪,3,66.26984126984127,4.365079365079365,7.142857142857139,,,,,
2018-02-07,,极度贪婪,3,40.476190476190474,0.3968253968253968,1.5873015873015959,,,,,
2018-02-08,,极度贪婪,3,34.92063492063492,0.3968253968253968,5.158730158730165,,,,,
2018-02-09,,极度贪婪,3,2.7777777777777777,0.5952380952380952,0.0,,,,,
2018-02-12,,极度贪婪,3,7.142857142857142,0.7936507936507936,0.0,,,,,
2018-02-13,,极度贪婪,3,12.3015873015873,0.992063492063492,0.39682539682539186,,,,,
2018-02-14,,极度贪婪,3,20.238095238095237,1.984126984126984,0.39682539682539186,,,,,
2018-02-22,,极度贪婪,3,38.492063492063494,6.746031746031746,0.0,,,,,
2018-02-23,,极度贪婪,3,41.66666666666667,10.317460317460316,0.0,,,,,
2018-02-26,,极度贪婪,3,53.17460317460318,33.33333333333333,0.0,,,,,
2018-02-27,,极度贪婪,3,36.904761904761905,30.952380952380953,0.0,,,,,
2018-02-28,,极度贪婪,3,30.555555555555557,32.53968253968254,0.0,,,,,
2018-03-01,,极度贪婪,3,35.317460317460316,43.25396825396825,0.0,,,,,
2018-03-02,,极度贪婪,3,28.174603174603174,41.66666666666667,0.0,,,,,
2018-03-05,,极度贪婪,3,27.77777777777778,40.476190476190474,0.0,,,,,
2018-03-06,,极度贪婪,3,36.507936507936506,61.904761904761905,0.0,,,,,
2018-03-07,,极度贪婪,3,31.746031746031743,52.77777777777778,0.0,,,,,
2018-03-08,,极度贪婪,3,37.301587301587304,71.03174603174604,0.0,,,,,
2018-03-09,,极度贪婪,3,44.84126984126984,80.95238095238095,0.0,,,,,
2018-03-12,,极度贪婪,3,47.22222222222222,87.3015873015873,0.7936507936507837,,,,,
2018-03-13,,极度贪婪,3,37.301587301587304,81.74603174603175,1.9841269841269877,,,,,
2018-03-14,,极度贪婪,3,34.12698412698413,81.74603174603175,2.3809523809523796,,,,,
2018-03-15,,极度贪婪,3,36.904761904761905,86.11111111111111,1.9841269841269877,,,,,
2018-03-16,,极度贪婪,3,29.365079365079367,64.28571428571429,1.9841269841269877,,,,,
2018-03-19,,极度贪婪,3,32.93650793650794,61.904761904761905,5.555555555555557,,,,,
2018-03-20,,极度贪婪,3,32.93650793650794,57.936507936507944,5.952380952380949,,,,,
2018-03-21,,极度贪婪,3,26.984126984126984,37.698412698412696,6.746031746031747,,,,,
2018-03-22,,极度贪婪,3,18.650793650793652,21.428571428571427,5.952380952380949,,,,,
2018-03-23,,极度贪婪,3,3.571428571428571,3.571428571428571,0.0,,,,,
2018-03-26,,极度贪婪,3,1.984126984126984,6.349206349206349,0.39682539682539186,,,,,
2018-03-27,,极度贪婪,3,5.158730158730158,15.873015873015872,6.746031746031747,,,,,
2018-03-28,,极度贪婪,3,0.3968253968253968,11.507936507936508,9.523809523809518,,,,,
2018-03-29,,极度贪婪,3,2.7777777777777777,13.492063492063492,8.333333333333343,,,,,
2018-03-30,,极度贪婪,3,3.1746031746031744,23.809523809523807,11.904761904761912,,,,,
2018-04-02,,极度贪婪,3,2.380952380952381,24.6031746031746,12.301587301587304,,,,,
2018-04-03,,极度贪婪,3,1.1904761904761905,19.047619047619047,12.698412698412696,,,,,
2018-04-04,,极度贪婪,3,1.1904761904761905,14.285714285714285,13.492063492063494,,,,,
2018-04-09,,极度贪婪,3,0.7936507936507936,15.079365079365079,21.03174603174604,,,,,
2018-04-10,,极度贪婪,3,8.333333333333332,21.03174603174603,13.888888888888886,,,,,
2018-04-11,,极度贪婪,3,9.126984126984127,32.53968253968254,17.46031746031747,,,,,
2018-04-12,,极度贪婪,3,3.968253968253968,20.634920634920633,20.634920634920633,,,,,
2018-04-13,,极度贪婪,3,1.984126984126984,16.666666666666664,21.03174603174604,,,,,
2018-04-16,,极度贪婪,3,0.3968253968253968,16.26984126984127,16.666666666666657,,,,,
2018-04-17,,极度贪婪,3,0.3968253968253968,4.761904761904762,13.888888888888886,,,,,
2018-04-18,,极度贪婪,3,0.7936507936507936,12.103174603174603,13.888888888888886,,,,,
2018-04-19,,极度贪婪,3,1.1904761904761905,17.46031746031746,13.888888888888886,,,,,
2018-04-20,,极度贪婪,3,0.7936507936507936,6.349206349206349,13.095238095238088,,,,,
2018-04-23,,极度贪婪,3,1.1904761904761905,2.380952380952381,15.476190476190482,,,,,
2018-04-24,,极度贪婪,3,2.7777777777777777,25.396825396825395,12.301587301587304,,,,,
2018-04-25,,极度贪婪,3,2.7777777777777777,19.444444444444446,12.698412698412696,,,,,
2018-04-26,,极度贪婪,3,0.3968253968253968,5.158730158730158,11.904761904761912,,,,,
2018-04-27,,极度贪婪,3,0.7936507936507936,6.349206349206349,11.904761904761912,,,,,
2018-05-02,,极度贪婪,3,1.5873015873015872,8.333333333333332,12.698412698412696,,,,,
2018-05-03,,极度贪婪,3,3.1746031746031744,18.650793650793652,11.904761904761912,,,,,
2018-05-04,,极度贪婪,3,2.380952380952381,18.253968253968253,13.095238095238088,,,,,
2018-05-07,,极度贪婪,3,4.761904761904762,62.301587301587304,11.904761904761912,,,,,
2018-05-08,,极度贪婪,3,6.349206349206349,84.52380952380952,11.904761904761912,,,,,
2018-05-09,,极度贪婪,3,5.952380952380952,83.33333333333334,12.301587301587304,,,,,
2018-05-10,,极度贪婪,3,8.333333333333332,86.5079365079365,16.666666666666657,,,,,
2018-05-11,,极度贪婪,3,5.952380952380952,73.4126984126984,17.063492063492063,,,,,
2018-05-14,,极度贪婪,3,10.317460317460316,71.82539682539682,16.666666666666657,,,,,
2018-05-15,,极度贪婪,3,11.507936507936508,85.31746031746032,23.015873015873012,,,,,
2018-05-16,,极度贪婪,3,7.936507936507936,75.0,26.19047619047619,,,,,
2018-05-17,,极度贪婪,3,5.555555555555555,63.095238095238095,23.80952380952381,,,,,
2018-05-18,,极度贪婪,3,9.523809523809524,76.98412698412699,21.42857142857143,,,,,
2018-05-21,,极度贪婪,3,11.507936507936508,92.85714285714286,23.015873015873012,,,,,
2018-05-22,,极度贪婪,3,9.126984126984127,85.71428571428571,22.61904761904762,,,,,
2018-05-23,,极度贪婪,3,4.761904761904762,54.761904761904766,18.650793650793645,,,,,
2018-05-24,,极度贪婪,3,3.968253968253968,34.523809523809526,29.761904761904773,,,,,
2018-05-25,,极度贪婪,3,3.571428571428571,23.809523809523807,30.158730158730165,,,,,
2018-05-28,,极度贪婪,3,4.761904761904762,27.77777777777778,32.14285714285714,,,,,
2018-05-29,,极度贪婪,3,2.380952380952381,15.079365079365079,31.746031746031747,,,,,
2018-05-30,,极度贪婪,3,0.3968253968253968,6.746031746031746,25.0,,,,,
2018-05-31,,极度贪婪,3,2.380952380952381,19.047619047619047,19.04761904761905,,,,,
2018-06-01,,极度贪婪,3,0.7936507936507936,8.73015873015873,18.253968253968253,,,,,
2018-06-04,,极度贪婪,3,3.1746031746031744,15.476190476190476,19.444444444444443,,,,,
2018-06-05,,极度贪婪,3,7.142857142857142,28.174603174603174,21.825396825396822,,,,,
2018-06-06,,极度贪婪,3,6.349206349206349,28.174603174603174,21.825396825396822,,,,,
2018-06-07,,极度贪婪,3,5.952380952380952,24.206349206349206,36.50793650793651,,,,,
2018-06-08,,极度贪婪,3,1.1904761904761905,13.095238095238097,32.53968253968253,,,,,
2018-06-11,,极度贪婪,3,1.1904761904761905,13.88888888888889,38.095238095238095,,,,,
2018-06-12,,极度贪婪,3,6.349206349206349,26.984126984126984,38.095238095238095,,,,,
2018-06-13,,极度贪婪,3,1.984126984126984,20.238095238095237,36.50793650793651,,,,,
2018-06-14,,极度贪婪,3,0.7936507936507936,11.507936507936508,37.698412698412696,,,,,
2018-06-15,,极度贪婪,3,0.7936507936507936,10.714285714285714,37.698412698412696,,,,,
2018-06-19,,极度贪婪,3,0.3968253968253968,2.380952380952381,15.079365079365076,,,,,
2018-06-20,,极度贪婪,3,0.7936507936507936,3.1746031746031744,16.666666666666657,,,,,
2018-06-21,,极度贪婪,3,0.3968253968253968,2.579365079365079,15.476190476190482,,,,,
2018-06-22,,极度贪婪,3,0.7936507936507936,5.158730158730158,15.873015873015873,,,,,
2018-06-25,,极度贪婪,3,0.3968253968253968,1.984126984126984,15.079365079365076,,,,,
2018-06-26,,极度贪婪,3,0.3968253968253968,1.984126984126984,17.063492063492063,,,,,
2018-06-27,,极度贪婪,3,0.3968253968253968,1.1904761904761905,13.095238095238088,,,,,
2018-06-28,,极度贪婪,3,0.3968253968253968,2.579365079365079,13.095238095238088,,,,,
2018-06-29,,极度贪婪,3,1.1904761904761905,3.968253968253968,11.507936507936506,,,,,
2018-07-02,,极度贪婪,3,0.3968253968253968,4.365079365079365,10.317460317460316,,,,,
2018-07-03,,极度贪婪,3,0.7936507936507936,8.73015873015873,10.714285714285708,,,,,
2018-07-04,,极度贪婪,3,0.3968253968253968,5.555555555555555,10.317460317460316,,,,,
2018-07-05,,极度贪婪,3,0.3968253968253968,3.373015873015873,11.111111111111114,,,,,
2018-07-06,,极度贪婪,3,1.1904761904761905,5.952380952380952,10.317460317460316,,,,,
2018-07-09,,极度贪婪,3,3.1746031746031744,11.11111111111111,0.0,,,,,
2018-07-10,,极度贪婪,3,3.571428571428571,17.063492063492063,0.39682539682539186,,,,,
2018-07-11,,极度贪婪,3,2.380952380952381,9.126984126984127,0.0,,,,,
2018-07-12,,极度贪婪,3,4.365079365079365,41.269841269841265,0.0,,,,,
2018-07-13,,极度贪婪,3,4.761904761904762,55.158730158730165,1.5873015873015959,,,,,
2018-07-16,,极度贪婪,3,4.365079365079365,54.36507936507936,2.7777777777777857,,,,,
2018-07-17,,极度贪婪,3,3.571428571428571,51.19047619047619,3.5714285714285694,,,,,
2018-07-18,,极度贪婪,3,3.1746031746031744,47.22222222222222,5.555555555555557,,,,,
2018-07-19,,极度贪婪,3,3.1746031746031744,41.269841269841265,5.158730158730165,,,,,
2018-07-20,,极度贪婪,3,6.746031746031746,73.80952380952381,0.7936507936507837,,,,,
2018-07-23,,极度贪婪,3,7.936507936507936,81.34920634920636,0.7936507936507837,,,,,
2018-07-24,,极度贪婪,3,9.126984126984127,94.04761904761905,0.39682539682539186,,,,,
2018-07-25,,极度贪婪,3,8.73015873015873,96.03174603174604,0.7936507936507837,,,,,
2018-07-26,,极度贪婪,3,8.333333333333332,88.4920634920635,0.7936507936507837,,,,,
2018-07-27,,极度贪婪,3,7.936507936507936,82.93650793650794,0.7936507936507837,,,,,
2018-07-30,,极度贪婪,3,7.936507936507936,57.53968253968254,1.5873015873015959,,,,,
2018-07-31,,极度贪婪,3,8.333333333333332,56.74603174603175,16.269841269841265,,,,,
2018-08-01,,极度贪婪,3,4.761904761904762,35.317460317460316,11.904761904761912,,,,,
2018-08-02,,极度贪婪,3,1.5873015873015872,11.507936507936508,6.746031746031747,,,,,
2018-08-03,,极度贪婪,3,0.3968253968253968,10.714285714285714,5.952380952380949,,,,,
2018-08-06,,极度贪婪,3,0.3968253968253968,6.15079365079365,6.349206349206355,,,,,
2018-08-07,,极度贪婪,3,2.7777777777777777,21.03174603174603,0.0,,,,,
2018-08-08,,极度贪婪,3,1.1904761904761905,13.492063492063492,0.39682539682539186,,,,,
2018-08-09,,极度贪婪,3,4.761904761904762,30.952380952380953,0.0,,,,,
2018-08-10,,极度贪婪,3,5.555555555555555,32.93650793650794,1.1904761904761898,,,,,
2018-08-13,,极度贪婪,3,4.761904761904762,23.61111111111111,8.730158730158735,,,,,
2018-08-14,,极度贪婪,3,3.571428571428571,16.666666666666664,8.333333333333343,,,,,
2018-08-15,,极度贪婪,3,0.7936507936507936,9.523809523809524,4.365079365079367,,,,,
2018-08-16,,极度贪婪,3,0.7936507936507936,7.5396825396825395,4.761904761904773,,,,,
2018-08-17,,极度贪婪,3,0.3968253968253968,5.555555555555555,2.3809523809523796,,,,,
2018-08-20,,极度贪婪,3,1.1904761904761905,8.531746031746032,13.492063492063494,,,,,
2018-08-21,,极度贪婪,3,3.571428571428571,14.285714285714285,7.142857142857139,,,,,
2018-08-22,,极度贪婪,3,3.1746031746031744,13.88888888888889,11.904761904761912,,,,,
2018-08-23,,极度贪婪,3,3.968253968253968,21.825396825396826,21.825396825396822,,,,,
2018-08-24,,极度贪婪,3,4.761904761904762,27.77777777777778,22.222222222222214,,,,,
2018-08-27,,极度贪婪,3,10.714285714285714,74.60317460317461,9.920634920634924,,,,,
2018-08-28,,极度贪婪,3,10.714285714285714,86.11111111111111,10.317460317460316,,,,,
2018-08-29,,极度贪婪,3,9.523809523809524,75.39682539682539,11.111111111111114,,,,,
2018-08-30,,极度贪婪,3,6.746031746031746,51.98412698412699,9.523809523809518,,,,,
2018-08-31,,极度贪婪,3,5.952380952380952,38.095238095238095,17.85714285714286,,,,,
2018-09-03,,极度贪婪,3,5.555555555555555,28.968253968253972,21.03174603174604,,,,,
2018-09-04,,极度贪婪,3,9.126984126984127,53.96825396825397,22.61904761904762,,,,,
2018-09-05,,极度贪婪,3,3.968253968253968,22.22222222222222,16.666666666666657,,,,,
2018-09-06,,极度贪婪,3,1.984126984126984,15.873015873015872,17.46031746031747,,,,,
2018-09-07,,极度贪婪,3,2.7777777777777777,18.650793650793652,15.079365079365076,,,,,
2018-09-10,,极度贪婪,3,0.7936507936507936,11.11111111111111,13.095238095238088,,,,,
2018-09-11,,极度贪婪,3,0.7936507936507936,10.714285714285714,13.888888888888886,,,,,
2018-09-12,,极度贪婪,3,0.3968253968253968,9.920634920634921,21.825396825396822,,,,,
2018-09-13,,极度贪婪,3,2.380952380952381,18.650793650793652,27.777777777777786,,,,,
2018-09-14,,极度贪婪,3,3.1746031746031744,17.46031746031746,30.95238095238095,,,,,
2018-09-17,,极度贪婪,3,1.1904761904761905,11.904761904761903,31.349206349206355,,,,,
2018-09-18,,极度贪婪,3,6.349206349206349,42.46031746031746,34.52380952380952,,,,,
2018-09-19,,极度贪婪,3,10.714285714285714,57.936507936507944,34.920634920634924,,,,,
2018-09-20,,极度贪婪,3,10.714285714285714,58.333333333333336,36.50793650793651,,,,,
2018-09-21,,极度贪婪,3,20.634920634920633,80.55555555555556,32.53968253968253,,,,,
2018-09-25,,极度贪婪,3,18.253968253968253,79.76190476190477,32.53968253968253,,,,,
2018-09-26,,极度贪婪,3,21.825396825396826,91.26984126984127,32.53968253968253,,,,,
2018-09-27,,极度贪婪,3,21.03174603174603,78.17460317460318,36.50793650793651,,,,,
2018-09-28,,极度贪婪,3,23.809523809523807,88.88888888888889,36.50793650793651,,,,,
2018-10-08,,极度贪婪,3,10.317460317460316,44.84126984126984,7.142857142857139,,,,,
2018-10-09,,极度贪婪,3,10.317460317460316,44.047619047619044,9.920634920634924,,,,,
2018-10-10,,极度贪婪,3,9.523809523809524,46.42857142857143,19.444444444444443,,,,,
2018-10-11,,极度贪婪,3,0.3968253968253968,6.349206349206349,0.0,,,,,
2018-10-12,,极度贪婪,3,0.7936507936507936,10.714285714285714,0.0,,,,,
2018-10-15,,极度贪婪,3,0.7936507936507936,4.365079365079365,0.0,,,,,
2018-10-16,,极度贪婪,3,0.3968253968253968,4.563492063492063,1.1904761904761898,,,,,
2018-10-17,,极度贪婪,3,1.1904761904761905,5.158730158730158,1.1904761904761898,,,,,
2018-10-18,,极度贪婪,3,0.3968253968253968,3.1746031746031744,0.7936507936507837,,,,,
2018-10-19,,极度贪婪,3,2.380952380952381,10.317460317460316,0.0,,,,,
2018-10-22,,极度贪婪,3,14.285714285714285,47.61904761904761,0.0,,,,,
2018-10-23,,极度贪婪,3,5.158730158730158,20.238095238095237,0.0,,,,,
2018-10-24,,极度贪婪,3,5.952380952380952,24.206349206349206,0.39682539682539186,,,,,
2018-10-25,,极度贪婪,3,7.142857142857142,26.58730158730159,0.7936507936507837,,,,,
2018-10-26,,极度贪婪,3,5.158730158730158,29.365079365079367,1.1904761904761898,,,,,
2018-10-29,,极度贪婪,3,0.7936507936507936,21.825396825396826,0.0,,,,,
2018-10-30,,极度贪婪,3,2.7777777777777777,26.58730158730159,0.39682539682539186,,,,,
2018-10-31,,极度贪婪,3,5.158730158730158,46.82539682539682,0.0,,,,,
2018-11-01,,极度贪婪,3,8.73015873015873,65.07936507936508,0.0,,,,,
2018-11-02,,极度贪婪,3,22.61904761904762,98.80952380952381,0.0,,,,,
2018-11-05,,极度贪婪,3,20.238095238095237,99.20634920634922,0.0,,,,,
2018-11-06,,极度贪婪,3,17.857142857142858,98.21428571428571,0.7936507936507837,,,,,
2018-11-07,,极度贪婪,3,14.285714285714285,96.82539682539682,1.1904761904761898,,,,,
2018-11-08,,极度贪婪,3,13.88888888888889,95.23809523809523,1.5873015873015959,,,,,
2018-11-09,,极度贪婪,3,10.317460317460316,76.19047619047619,1.5873015873015959,,,,,
2018-11-12,,极度贪婪,3,14.285714285714285,86.90476190476191,3.1746031746031775,,,,,
2018-11-13,,极度贪婪,3,21.03174603174603,95.63492063492063,2.7777777777777857,,,,,
2018-11-14,,极度贪婪,3,15.079365079365079,82.93650793650794,3.9682539682539613,,,,,
2018-11-15,,极度贪婪,3,23.41269841269841,92.46031746031747,2.3809523809523796,,,,,
2018-11-16,,极度贪婪,3,25.793650793650798,96.62698412698413,3.9682539682539613,,,,,
2018-11-19,,极度贪婪,3,30.952380952380953,100.0,7.936507936507937,,,,,
2018-11-20,,极度贪婪,3,20.634920634920633,81.34920634920636,7.936507936507937,,,,,
2018-11-21,,极度贪婪,3,23.015873015873016,84.12698412698413,7.936507936507937,,,,,
2018-11-22,,极度贪婪,3,21.428571428571427,78.57142857142857,9.523809523809518,,,,,
2018-11-23,,极度贪婪,3,10.714285714285714,25.0,9.523809523809518,,,,,
2018-11-26,,极度贪婪,3,11.11111111111111,23.015873015873016,9.920634920634924,,,,,
2018-11-27,,极度贪婪,3,11.11111111111111,25.396825396825395,10.317460317460316,,,,,
2018-11-28,,极度贪婪,3,17.46031746031746,48.80952380952381,9.920634920634924,,,,,
2018-11-29,,极度贪婪,3,12.3015873015873,18.253968253968253,11.507936507936506,,,,,
2018-11-30,,极度贪婪,3,18.253968253968253,32.93650793650794,13.492063492063494,,,,,
2018-12-03,,极度贪婪,3,34.523809523809526,93.25396825396825,16.269841269841265,,,,,
2018-12-04,,极度贪婪,3,36.507936507936506,97.22222222222221,28.96825396825396,,,,,
2018-12-05,,极度贪婪,3,33.730158730158735,86.5079365079365,27.777777777777786,,,,,
2018-12-06,,极度贪婪,3,23.41269841269841,35.714285714285715,17.85714285714286,,,,,
2018-12-07,,极度贪婪,3,25.0,38.492063492063494,19.444444444444443,,,,,
2018-12-10,,极度贪婪,3,16.26984126984127,23.41269841269841,40.87301587301587,,,,,
2018-12-11,,极度贪婪,3,21.428571428571427,35.317460317460316,42.46031746031746,,,,,
2018-12-12,,极度贪婪,3,25.793650793650798,43.25396825396825,47.22222222222222,,,,,
2018-12-13,,极度贪婪,3,34.523809523809526,70.63492063492063,42.46031746031746,,,,,
2018-12-14,,极度贪婪,3,26.190476190476193,42.46031746031746,56.34920634920635,,,,,
2018-12-17,,极度贪婪,3,24.206349206349206,45.23809523809524,57.142857142857146,,,,,
2018-12-18,,极度贪婪,3,16.666666666666664,27.380952380952383,55.952380952380956,,,,,
2018-12-19,,极度贪婪,3,12.3015873015873,16.26984126984127,55.952380952380956,,,,,
2018-12-20,,极度贪婪,3,7.142857142857142,10.714285714285714,55.55555555555556,,,,,
2018-12-21,,极度贪婪,3,3.571428571428571,9.920634920634921,56.74603174603175,,,,,
2018-12-24,,极度贪婪,3,5.158730158730158,15.079365079365079,59.12698412698413,,,,,
2018-12-25,,极度贪婪,3,3.571428571428571,16.666666666666664,59.523809523809526,,,,,
2018-12-26,,极度贪婪,3,3.571428571428571,11.507936507936508,60.317460317460316,,,,,
2018-12-27,,极度贪婪,3,3.1746031746031744,9.126984126984127,61.507936507936506,,,,,
2018-12-28,,极度贪婪,3,4.761904761904762,11.904761904761903,61.507936507936506,,,,,
2019-01-02,,极度贪婪,3,2.380952380952381,11.507936507936508,62.301587301587304,,,,,
2019-01-03,,极度贪婪,3,2.380952380952381,8.333333333333332,68.65079365079364,,,,,
2019-01-04,,极度贪婪,3,10.317460317460316,30.158730158730158,60.317460317460316,,,,,
2019-01-07,,极度贪婪,3,16.666666666666664,63.49206349206349,59.523809523809526,,,,,
2019-01-08,,极度贪婪,3,14.682539682539684,63.49206349206349,63.88888888888889,,,,,
2019-01-09,,极度贪婪,3,21.03174603174603,76.19047619047619,63.095238095238095,,,,,
2019-01-10,,极度贪婪,3,20.634920634920633,75.0,63.095238095238095,,,,,
2019-01-11,,极度贪婪,3,28.968253968253972,88.88888888888889,65.07936507936509,,,,,
2019-01-14,,极度贪婪,3,21.428571428571427,80.95238095238095,67.46031746031747,,,,,
2019-01-15,,极度贪婪,3,40.07936507936508,93.65079365079364,62.698412698412696,,,,,
2019-01-16,,极度贪婪,3,41.66666666666667,99.60317460317461,78.17460317460318,,,,,
2019-01-17,,极度贪婪,3,37.698412698412696,90.87301587301587,78.17460317460318,,,,,
2019-01-18,,极度贪婪,3,49.2063492063492,100.0,71.82539682539682,,,,,
2019-01-21,,极度贪婪,3,51.19047619047619,100.0,80.95238095238095,,,,,
2019-01-22,,极度贪婪,3,45.63492063492063,96.03174603174604,75.7936507936508,,,,,
2019-01-23,,极度贪婪,3,46.03174603174603,95.63492063492063,80.15873015873015,,,,,
2019-01-24,,极度贪婪,3,50.39682539682539,98.80952380952381,79.36507936507937,,,,,
2019-01-25,,极度贪婪,3,54.36507936507936,95.23809523809523,78.17460317460318,,,,,
2019-01-28,,极度贪婪,3,54.761904761904766,85.31746031746032,86.5079365079365,,,,,
2019-01-29,,极度贪婪,3,56.34920634920635,73.01587301587301,92.46031746031746,,,,,
2019-01-30,,极度贪婪,3,53.96825396825397,65.87301587301587,91.26984126984127,,,,,
2019-01-31,,极度贪婪,3,58.333333333333336,63.095238095238095,92.46031746031746,,,,,
2019-02-01,,极度贪婪,3,60.71428571428571,78.17460317460318,93.25396825396825,,,,,
2019-02-11,,极度贪婪,3,62.301587301587304,98.01587301587301,88.4920634920635,,,,,
2019-02-12,,极度贪婪,3,62.698412698412696,99.60317460317461,94.84126984126985,,,,,
2019-02-13,,极度贪婪,3,65.47619047619048,100.0,86.9047619047619,,,,,
2019-02-14,,极度贪婪,3,66.26984126984127,100.0,90.07936507936508,,,,,
2019-02-15,,极度贪婪,3,63.095238095238095,99.40476190476191,75.7936507936508,,,,,
2019-02-18,,极度贪婪,3,74.20634920634922,99.8015873015873,62.698412698412696,,,,,
2019-02-19,,极度贪婪,3,73.80952380952381,99.20634920634922,61.904761904761905,,,,,
2019-02-20,,极度贪婪,3,75.39682539682539,99.0079365079365,69.44444444444444,,,,,
2019-02-21,,极度贪婪,3,75.39682539682539,98.80952380952381,69.04761904761905,,,,,
2019-02-22,,极度贪婪,3,84.52380952380952,98.61111111111111,71.03174603174602,,,,,
2019-02-25,,极度贪婪,3,95.23809523809523,99.60317460317461,17.46031746031747,,,,,
2019-02-26,,极度贪婪,3,90.87301587301587,98.01587301587301,15.476190476190482,,,,,
2019-02-27,,极度贪婪,3,90.87301587301587,97.81746031746032,15.476190476190482,,,,,
2019-02-28,,极度贪婪,3,90.87301587301587,97.61904761904762,15.476190476190482,,,,,
2019-03-01,,极度贪婪,3,98.4126984126984,97.42063492063492,15.079365079365076,,,,,
2019-03-04,,极度贪婪,3,100.0,99.40476190476191,15.873015873015873,,,,,
2019-03-05,,极度贪婪,3,100.0,96.82539682539682,17.85714285714286,,,,,
2019-03-06,,极度贪婪,3,100.0,99.20634920634922,18.650793650793645,,,,,
2019-03-07,,极度贪婪,3,99.20634920634922,99.0079365079365,17.063492063492063,,,,,
2019-03-08,,极度贪婪,3,89.28571428571429,91.66666666666666,10.714285714285708,,,,,
2019-03-11,,极度贪婪,3,96.03174603174604,92.46031746031747,9.523809523809518,,,,,
2019-03-12,,极度贪婪,3,97.61904761904762,98.80952380952381,12.301587301587304,,,,,
2019-03-13,,极度贪婪,3,95.23809523809523,92.06349206349206,10.714285714285708,,,,,
2019-03-14,,极度贪婪,3,92.85714285714286,90.27777777777779,10.317460317460316,,,,,
2019-03-15,,极度贪婪,3,97.22222222222221,91.86507936507937,9.920634920634924,,,,,
2019-03-18,,极度贪婪,3,100.0,95.43650793650794,9.126984126984127,,,,,
2019-03-19,,极度贪婪,3,99.20634920634922,95.23809523809523,9.126984126984127,,,,,
2019-03-20,,极度贪婪,3,99.60317460317461,95.03968253968253,9.920634920634924,,,,,
2019-03-21,,极度贪婪,3,99.60317460317461,91.66666666666666,9.920634920634924,,,,,
2019-03-22,,极度贪婪,3,99.20634920634922,88.4920634920635,10.714285714285708,,,,,
2019-03-25,,极度贪婪,3,96.03174603174604,63.888888888888886,9.126984126984127,,,,,
2019-03-26,,极度贪婪,3,92.85714285714286,50.79365079365079,9.126984126984127,,,,,
2019-03-27,,极度贪婪,3,96.42857142857143,54.36507936507936,9.523809523809518,,,,,
2019-03-28,,极度贪婪,3,94.84126984126983,45.63492063492063,9.523809523809518,,,,,
2019-03-29,,极度贪婪,3,100.0,73.80952380952381,8.730158730158735,,,,,
2019-04-01,,极度贪婪,3,100.0,94.84126984126983,9.126984126984127,,,,,
2019-04-02,,极度贪婪,3,99.60317460317461,98.61111111111111,9.523809523809518,,,,,
2019-04-03,,极度贪婪,3,100.0,96.82539682539682,9.126984126984127,,,,,
2019-04-04,,极度贪婪,3,100.0,96.62698412698413,9.920634920634924,,,,,
2019-04-08,,极度贪婪,3,99.60317460317461,87.3015873015873,11.507936507936506,,,,,
2019-04-09,,极度贪婪,3,100.0,96.42857142857143,23.412698412698404,,,,,
2019-04-10,,极度贪婪,3,100.0,89.68253968253968,24.603174603174608,,,,,
2019-04-11,,极度贪婪,3,98.01587301587301,70.63492063492063,23.015873015873012,,,,,
2019-04-12,,极度贪婪,3,97.61904761904762,67.06349206349206,23.412698412698404,,,,,
2019-04-15,,极度贪婪,3,96.42857142857143,55.158730158730165,24.206349206349216,,,,,
2019-04-16,,极度贪婪,3,99.60317460317461,80.15873015873017,21.825396825396822,,,,,
2019-04-17,,极度贪婪,3,99.60317460317461,85.31746031746032,22.222222222222214,,,,,
2019-04-18,,极度贪婪,3,98.4126984126984,70.63492063492063,22.61904761904762,,,,,
2019-04-19,,极度贪婪,3,100.0,79.36507936507937,23.80952380952381,,,,,
2019-04-22,,极度贪婪,3,96.42857142857143,57.936507936507944,32.93650793650794,,,,,
2019-04-23,,极度贪婪,3,96.03174603174604,46.82539682539682,37.698412698412696,,,,,
2019-04-24,,极度贪婪,3,96.42857142857143,51.19047619047619,38.095238095238095,,,,,
2019-04-25,,极度贪婪,3,93.25396825396825,19.047619047619047,31.349206349206355,,,,,
2019-04-26,,极度贪婪,3,92.85714285714286,14.285714285714285,28.96825396825396,,,,,
2019-04-29,,极度贪婪,3,92.85714285714286,18.253968253968253,30.95238095238095,,,,,
2019-04-30,,极度贪婪,3,92.85714285714286,20.03968253968254,44.047619047619044,,,,,
2019-05-06,,极度贪婪,3,83.33333333333334,0.7936507936507936,15.079365079365076,,,,,
2019-05-07,,极度贪婪,3,84.52380952380952,0.992063492063492,13.492063492063494,,,,,
2019-05-08,,极度贪婪,3,82.14285714285714,2.7777777777777777,13.095238095238088,,,,,
2019-05-09,,极度贪婪,3,80.55555555555556,2.976190476190476,13.095238095238088,,,,,
2019-05-10,,极度贪婪,3,85.31746031746032,3.1746031746031744,8.730158730158735,,,,,
2019-05-13,,极度贪婪,3,82.14285714285714,5.952380952380952,8.730158730158735,,,,,
2019-05-14,,极度贪婪,3,79.76190476190477,5.952380952380952,9.126984126984127,,,,,
2019-05-15,,极度贪婪,3,84.92063492063492,21.03174603174603,6.746031746031747,,,,,
2019-05-16,,极度贪婪,3,86.5079365079365,24.6031746031746,15.079365079365076,,,,,
2019-05-17,,极度贪婪,3,79.36507936507937,17.857142857142858,15.873015873015873,,,,,
2019-05-20,,极度贪婪,3,78.17460317460318,7.5396825396825395,15.873015873015873,,,,,
2019-05-21,,极度贪婪,3,81.34920634920636,19.841269841269842,15.476190476190482,,,,,
2019-05-22,,极度贪婪,3,79.36507936507937,17.46031746031746,17.46031746031747,,,,,
2019-05-23,,极度贪婪,3,76.5873015873016,7.5396825396825395,15.476190476190482,,,,,
2019-05-24,,极度贪婪,3,76.98412698412699,7.738095238095238,15.873015873015873,,,,,
2019-05-27,,极度贪婪,3,77.77777777777779,26.190476190476193,15.079365079365076,,,,,
2019-05-28,,极度贪婪,3,81.34920634920636,40.07936507936508,15.873015873015873,,,,,
2019-05-29,,极度贪婪,3,80.95238095238095,44.44444444444444,16.269841269841265,,,,,
2019-05-30,,极度贪婪,3,77.77777777777779,40.87301587301587,15.873015873015873,,,,,
2019-05-31,,极度贪婪,3,75.79365079365078,42.06349206349206,26.19047619047619,,,,,
2019-06-03,,极度贪婪,3,76.19047619047619,36.904761904761905,26.19047619047619,,,,,
2019-06-04,,极度贪婪,3,74.60317460317461,28.57142857142857,26.19047619047619,,,,,
2019-06-05,,极度贪婪,3,74.20634920634922,32.53968253968254,28.57142857142857,,,,,
2019-06-06,,极度贪婪,3,72.61904761904762,20.634920634920633,29.761904761904773,,,,,
2019-06-10,,极度贪婪,3,75.0,42.857142857142854,28.96825396825396,,,,,
2019-06-11,,极度贪婪,3,85.71428571428571,65.87301587301587,19.841269841269835,,,,,
2019-06-12,,极度贪婪,3,82.14285714285714,58.730158730158735,23.015873015873012,,,,,
2019-06-13,,极度贪婪,3,81.34920634920636,63.888888888888886,23.80952380952381,,,,,
2019-06-14,,极度贪婪,3,79.36507936507937,49.2063492063492,23.80952380952381,,,,,
2019-06-17,,极度贪婪,3,79.76190476190477,49.007936507936506,24.603174603174608,,,,,
2019-06-18,,极度贪婪,3,80.55555555555556,49.60317460317461,61.11111111111111,,,,,
2019-06-19,,极度贪婪,3,85.71428571428571,69.04761904761905,61.11111111111111,,,,,
2019-06-20,,极度贪婪,3,91.26984126984127,86.5079365079365,46.42857142857143,,,,,
2019-06-21,,极度贪婪,3,91.26984126984127,86.90476190476191,54.36507936507937,,,,,
2019-06-24,,极度贪婪,3,91.26984126984127,87.3015873015873,74.2063492063492,,,,,
2019-06-25,,极度贪婪,3,87.6984126984127,84.12698412698413,75.0,,,,,
2019-06-26,,极度贪婪,3,87.3015873015873,84.12698412698413,75.7936507936508,,,,,
2019-06-27,,极度贪婪,3,90.87301587301587,85.31746031746032,80.95238095238095,,,,,
2019-06-28,,极度贪婪,3,89.28571428571429,80.15873015873017,81.34920634920636,,,,,
2019-07-01,,极度贪婪,3,93.25396825396825,86.90476190476191,81.74603174603175,,,,,
2019-07-02,,极度贪婪,3,92.85714285714286,89.68253968253968,83.33333333333334,,,,,
2019-07-03,,极度贪婪,3,91.66666666666666,84.52380952380952,82.93650793650794,,,,,
2019-07-04,,极度贪婪,3,90.87301587301587,82.93650793650794,82.93650793650794,,,,,
2019-07-05,,极度贪婪,3,91.26984126984127,82.73809523809523,89.28571428571429,,,,,
2019-07-08,,极度贪婪,3,84.12698412698413,44.44444444444444,78.17460317460318,,,,,
2019-07-09,,极度贪婪,3,83.73015873015873,44.047619047619044,80.95238095238095,,,,,
2019-07-10,,极度贪婪,3,82.53968253968253,43.65079365079365,81.34920634920636,,,,,
2019-07-11,,极度贪婪,3,82.14285714285714,41.269841269841265,81.74603174603175,,,,,
2019-07-12,,极度贪婪,3,83.73015873015873,44.44444444444444,82.14285714285714,,,,,
2019-07-15,,极度贪婪,3,84.92063492063492,50.0,83.73015873015873,,,,,
2019-07-16,,极度贪婪,3,82.93650793650794,45.23809523809524,80.95238095238095,,,,,
2019-07-17,,极度贪婪,3,82.53968253968253,44.84126984126984,85.31746031746032,,,,,
2019-07-18,,极度贪婪,3,79.76190476190477,18.650793650793652,80.15873015873015,,,,,
2019-07-19,,极度贪婪,3,82.53968253968253,35.317460317460316,83.33333333333334,,,,,
2019-07-22,,极度贪婪,3,79.36507936507937,19.444444444444446,84.12698412698413,,,,,
2019-07-23,,极度贪婪,3,79.76190476190477,28.968253968253972,92.85714285714286,,,,,
2019-07-24,,极度贪婪,3,82.93650793650794,46.03174603174603,92.85714285714286,,,,,
2019-07-25,,极度贪婪,3,86.90476190476191,53.96825396825397,92.06349206349206,,,,,
2019-07-26,,极度贪婪,3,87.3015873015873,53.96825396825397,93.65079365079364,,,,,
2019-07-29,,极度贪婪,3,86.11111111111111,53.96825396825397,93.25396825396825,,,,,
2019-07-30,,极度贪婪,3,88.09523809523809,62.698412698412696,92.85714285714286,,,,,
2019-07-31,,极度贪婪,3,82.53968253968253,53.57142857142857,93.65079365079364,,,,,
2019-08-01,,极度贪婪,3,77.38095238095238,46.03174603174603,99.60317460317461,,,,,
2019-08-02,,极度贪婪,3,71.42857142857143,32.142857142857146,99.2063492063492,,,,,
2019-08-05,,极度贪婪,3,63.095238095238095,18.055555555555554,96.03174603174604,,,,,
2019-08-06,,极度贪婪,3,58.333333333333336,9.523809523809524,95.63492063492063,,,,,
2019-08-07,,极度贪婪,3,57.14285714285714,13.492063492063492,95.23809523809524,,,,,
2019-08-08,,极度贪婪,3,61.111111111111114,15.277777777777779,94.04761904761905,,,,,
2019-08-09,,极度贪婪,3,57.53968253968254,13.492063492063492,93.65079365079364,,,,,
2019-08-12,,极度贪婪,3,66.26984126984127,26.984126984126984,99.2063492063492,,,,,
2019-08-13,,极度贪婪,3,58.730158730158735,23.41269841269841,98.80952380952381,,,,,
2019-08-14,,极度贪婪,3,62.698412698412696,30.952380952380953,98.80952380952381,,,,,
2019-08-15,,极度贪婪,3,63.888888888888886,38.095238095238095,98.41269841269842,,,,,
2019-08-16,,极度贪婪,3,67.06349206349206,44.047619047619044,98.41269841269842,,,,,
2019-08-19,,极度贪婪,3,75.39682539682539,63.095238095238095,98.01587301587301,,,,,
2019-08-20,,极度贪婪,3,75.0,62.89682539682539,98.41269841269842,,,,,
2019-08-21,,极度贪婪,3,73.80952380952381,63.888888888888886,98.41269841269842,,,,,
2019-08-22,,极度贪婪,3,75.0,65.07936507936508,96.82539682539682,,,,,
2019-08-23,,极度贪婪,3,76.5873015873016,69.04761904761905,96.03174603174604,,,,,
2019-08-26,,极度贪婪,3,68.65079365079364,57.14285714285714,93.25396825396825,,,,,
2019-08-27,,极度贪婪,3,75.39682539682539,78.57142857142857,91.66666666666667,,,,,
2019-08-28,,极度贪婪,3,74.20634920634922,75.79365079365078,91.26984126984127,,,,,
2019-08-29,,极度贪婪,3,71.03174603174604,68.65079365079364,92.46031746031746,,,,,
2019-08-30,,极度贪婪,3,73.01587301587301,66.66666666666666,93.25396825396825,,,,,
2019-09-02,,极度贪婪,3,78.17460317460318,80.55555555555556,91.26984126984127,,,,,
2019-09-03,,极度贪婪,3,78.57142857142857,78.57142857142857,91.26984126984127,,,,,
2019-09-04,,极度贪婪,3,83.33333333333334,89.68253968253968,90.47619047619048,,,,,
2019-09-05,,极度贪婪,3,89.28571428571429,89.48412698412699,90.07936507936508,,,,,
2019-09-06,,极度贪婪,3,89.68253968253968,87.6984126984127,89.28571428571429,,,,,
2019-09-09,,极度贪婪,3,91.26984126984127,85.51587301587301,87.6984126984127,,,,,
2019-09-10,,极度贪婪,3,90.07936507936508,88.09523809523809,86.5079365079365,,,,,
2019-09-11,,极度贪婪,3,87.3015873015873,75.39682539682539,88.4920634920635,,,,,
2019-09-12,,极度贪婪,3,90.47619047619048,78.57142857142857,88.0952380952381,,,,,
2019-09-16,,极度贪婪,3,87.6984126984127,77.57936507936508,94.84126984126985,,,,,
2019-09-17,,极度贪婪,3,78.17460317460318,60.71428571428571,95.23809523809524,,,,,
2019-09-18,,极度贪婪,3,80.55555555555556,67.46031746031747,99.2063492063492,,,,,
2019-09-19,,极度贪婪,3,82.93650793650794,71.23015873015873,99.60317460317461,,,,,
2019-09-20,,极度贪婪,3,84.12698412698413,73.01587301587301,99.60317460317461,,,,,
2019-09-23,,极度贪婪,3,73.80952380952381,47.22222222222222,99.2063492063492,,,,,
2019-09-24,,极度贪婪,3,75.79365079365078,47.61904761904761,99.60317460317461,,,,,
2019-09-25,,极度贪婪,3,69.44444444444444,34.92063492063492,99.60317460317461,,,,,
2019-09-26,,极度贪婪,3,64.28571428571429,10.714285714285714,98.80952380952381,,,,,
2019-09-27,,极度贪婪,3,66.26984126984127,16.26984126984127,98.80952380952381,,,,,
2019-09-30,,极度贪婪,3,57.936507936507944,7.142857142857142,98.01587301587301,,,,,
2019-10-08,,极度贪婪,3,61.111111111111114,13.492063492063492,99.60317460317461,,,,,
2019-10-09,,极度贪婪,3,62.301587301587304,16.666666666666664,99.60317460317461,,,,,
2019-10-10,,极度贪婪,3,68.25396825396825,28.57142857142857,98.80952380952381,,,,,
2019-10-11,,极度贪婪,3,73.01587301587301,40.476190476190474,98.41269841269842,,,,,
2019-10-14,,极度贪婪,3,81.74603174603175,50.0,98.01587301587301,,,,,
2019-10-15,,极度贪婪,3,77.77777777777779,44.84126984126984,99.60317460317461,,,,,
2019-10-16,,极度贪婪,3,74.20634920634922,42.46031746031746,99.60317460317461,,,,,
2019-10-17,,极度贪婪,3,73.4126984126984,42.857142857142854,99.60317460317461,,,,,
2019-10-18,,极度贪婪,3,61.904761904761905,32.93650793650794,97.61904761904762,,,,,
2019-10-21,,极度贪婪,3,64.28571428571429,35.317460317460316,97.22222222222223,,,,,
2019-10-22,,极度贪婪,3,66.26984126984127,42.06349206349206,98.80952380952381,,,,,
2019-10-23,,极度贪婪,3,58.730158730158735,34.523809523809526,98.41269841269842,,,,,
2019-10-24,,极度贪婪,3,57.14285714285714,34.92063492063492,98.80952380952381,,,,,
2019-10-25,,极度贪婪,3,64.68253968253968,46.42857142857143,99.60317460317461,,,,,
2019-10-28,,极度贪婪,3,68.65079365079364,60.71428571428571,98.80952380952381,,,,,
2019-10-29,,极度贪婪,3,64.68253968253968,49.60317460317461,99.60317460317461,,,,,
2019-10-30,,极度贪婪,3,57.936507936507944,45.63492063492063,98.80952380952381,,,,,
2019-10-31,,极度贪婪,3,54.761904761904766,39.682539682539684,99.60317460317461,,,,,
2019-11-01,,极度贪婪,3,69.84126984126983,51.19047619047619,95.63492063492063,,,,,
2019-11-04,,极度贪婪,3,76.98412698412699,55.55555555555556,95.23809523809524,,,,,
2019-11-05,,极度贪婪,3,80.95238095238095,60.71428571428571,99.60317460317461,,,,,
2019-11-06,,极度贪婪,3,76.19047619047619,54.36507936507936,99.2063492063492,,,,,
2019-11-07,,极度贪婪,3,77.38095238095238,57.936507936507944,99.2063492063492,,,,,
2019-11-08,,极度贪婪,3,69.04761904761905,54.761904761904766,98.41269841269842,,,,,
2019-11-11,,极度贪婪,3,50.39682539682539,37.301587301587304,94.44444444444444,,,,,
2019-11-12,,极度贪婪,3,49.2063492063492,36.507936507936506,94.44444444444444,,,,,
2019-11-13,,极度贪婪,3,48.41269841269841,37.301587301587304,95.63492063492063,,,,,
2019-11-14,,极度贪婪,3,48.80952380952381,41.269841269841265,97.61904761904762,,,,,
2019-11-15,,极度贪婪,3,44.44444444444444,32.93650793650794,95.63492063492063,,,,,
2019-11-18,,极度贪婪,3,47.61904761904761,38.095238095238095,97.61904761904762,,,,,
2019-11-19,,极度贪婪,3,59.523809523809526,51.388888888888886,94.84126984126985,,,,,
2019-11-20,,极度贪婪,3,45.63492063492063,46.82539682539682,90.87301587301587,,,,,
2019-11-21,,极度贪婪,3,43.25396825396825,41.66666666666667,91.66666666666667,,,,,
2019-11-22,,极度贪婪,3,35.714285714285715,25.396825396825395,91.26984126984127,,,,,
2019-11-25,,极度贪婪,3,40.87301587301587,34.523809523809526,93.25396825396825,,,,,
2019-11-26,,极度贪婪,3,42.06349206349206,35.317460317460316,92.85714285714286,,,,,
2019-11-27,,极度贪婪,3,38.095238095238095,32.93650793650794,92.46031746031746,,,,,
2019-11-28,,极度贪婪,3,34.92063492063492,27.77777777777778,92.06349206349206,,,,,
2019-11-29,,极度贪婪,3,29.365079365079367,26.190476190476193,98.01587301587301,,,,,
2019-12-02,,极度贪婪,3,29.365079365079367,32.53968253968254,98.01587301587301,,,,,
2019-12-03,,极度贪婪,3,29.761904761904763,40.07936507936508,97.61904761904762,,,,,
2019-12-04,,极度贪婪,3,29.365079365079367,40.67460317460318,99.2063492063492,,,,,
2019-12-05,,极度贪婪,3,35.714285714285715,53.17460317460318,96.42857142857143,,,,,
2019-12-06,,极度贪婪,3,39.682539682539684,60.317460317460316,96.42857142857143,,,,,
2019-12-09,,极度贪婪,3,36.507936507936506,59.92063492063492,99.60317460317461,,,,,
2019-12-10,,极度贪婪,3,37.301587301587304,61.111111111111114,99.60317460317461,,,,,
2019-12-11,,极度贪婪,3,36.904761904761905,62.89682539682539,99.60317460317461,,,,,
2019-12-12,,极度贪婪,3,32.53968253968254,60.317460317460316,99.2063492063492,,,,,
2019-12-13,,极度贪婪,3,48.41269841269841,67.46031746031747,93.65079365079364,,,,,
2019-12-16,,极度贪婪,3,53.96825396825397,70.63492063492063,94.44444444444444,,,,,
2019-12-17,,极度贪婪,3,66.66666666666666,86.11111111111111,86.11111111111111,,,,,
2019-12-18,,极度贪婪,3,63.49206349206349,81.34920634920636,86.5079365079365,,,,,
2019-12-19,,极度贪婪,3,61.904761904761905,81.15079365079364,86.11111111111111,,,,,
2019-12-20,,极度贪婪,3,57.53968253968254,77.77777777777779,87.3015873015873,,,,,
2019-12-23,,极度贪婪,3,41.269841269841265,61.50793650793651,97.22222222222223,,,,,
2019-12-24,,极度贪婪,3,46.42857142857143,68.25396825396825,95.63492063492063,,,,,
2019-12-25,,极度贪婪,3,44.047619047619044,67.85714285714286,95.63492063492063,,,,,
2019-12-26,,极度贪婪,3,56.34920634920635,73.80952380952381,90.87301587301587,,,,,
2019-12-27,,极度贪婪,3,52.38095238095239,71.03174603174604,95.63492063492063,,,,,
2019-12-30,,极度贪婪,3,67.06349206349206,80.15873015873017,84.52380952380952,,,,,
2019-12-31,,极度贪婪,3,70.63492063492063,88.09523809523809,90.07936507936508,,,,,
2020-01-02,,极度贪婪,3,84.12698412698413,82.53968253968253,89.68253968253968,,,,,
2020-01-03,,极度贪婪,3,80.15873015873017,81.34920634920636,90.47619047619048,,,,,
2020-01-06,,极度贪婪,3,75.79365079365078,76.5873015873016,99.2063492063492,,,,,
2020-01-07,,极度贪婪,3,82.53968253968253,84.12698412698413,98.80952380952381,,,,,
2020-01-08,,极度贪婪,3,65.07936507936508,81.54761904761905,84.92063492063492,,,,,
2020-01-09,,极度贪婪,3,79.36507936507937,99.60317460317461,78.57142857142857,,,,,
2020-01-10,,极度贪婪,3,77.38095238095238,88.88888888888889,80.55555555555556,,,,,
2020-01-13,,极度贪婪,3,86.90476190476191,87.6984126984127,88.4920634920635,,,,,
2020-01-14,,极度贪婪,3,82.53968253968253,88.4920634920635,84.52380952380952,,,,,
2020-01-15,,极度贪婪,3,74.60317460317461,63.49206349206349,77.38095238095238,,,,,
2020-01-16,,极度贪婪,3,65.47619047619048,57.14285714285714,75.0,,,,,
2020-01-17,,极度贪婪,3,65.87301587301587,55.55555555555556,76.19047619047619,,,,,
2020-01-20,,极度贪婪,3,75.0,61.111111111111114,75.7936507936508,,,,,
2020-01-21,,极度贪婪,3,52.38095238095239,43.65079365079365,69.44444444444444,,,,,
2020-01-22,,极度贪婪,3,56.34920634920635,44.84126984126984,69.04761904761905,,,,,
2020-01-23,,极度贪婪,3,18.253968253968253,32.142857142857146,48.80952380952381,,,,,
2020-02-03,,极度贪婪,3,7.5396825396825395,6.349206349206349,13.888888888888886,,,,,
2020-02-04,,极度贪婪,3,9.523809523809524,19.047619047619047,9.126984126984127,,,,,
2020-02-05,,极度贪婪,3,9.523809523809524,21.428571428571427,6.746031746031747,,,,,
2020-02-06,,极度贪婪,3,9.920634920634921,31.349206349206348,5.555555555555557,,,,,
2020-02-07,,极度贪婪,3,9.523809523809524,34.523809523809526,5.952380952380949,,,,,
2020-02-10,,极度贪婪,3,9.920634920634921,38.095238095238095,5.555555555555557,,,,,
2020-02-11,,极度贪婪,3,10.317460317460316,38.095238095238095,5.158730158730165,,,,,
2020-02-12,,极度贪婪,3,11.904761904761903,48.01587301587302,5.952380952380949,,,,,
2020-02-13,,极度贪婪,3,9.920634920634921,45.63492063492063,6.349206349206355,,,,,
2020-02-14,,极度贪婪,3,11.507936507936508,48.80952380952381,5.952380952380949,,,,,
2020-02-17,,极度贪婪,3,30.158730158730158,61.904761904761905,3.5714285714285694,,,,,
2020-02-18,,极度贪婪,3,22.61904761904762,61.904761904761905,3.5714285714285694,,,,,
2020-02-19,,极度贪婪,3,18.650793650793652,64.88095238095238,4.761904761904773,,,,,
2020-02-20,,极度贪婪,3,41.269841269841265,96.42857142857143,1.9841269841269877,,,,,
2020-02-21,,极度贪婪,3,41.66666666666667,96.62698412698413,2.3809523809523796,,,,,
2020-02-24,,极度贪婪,3,34.523809523809526,71.82539682539682,2.3809523809523796,,,,,
2020-02-25,,极度贪婪,3,32.142857142857146,70.23809523809523,2.7777777777777857,,,,,
2020-02-26,,极度贪婪,3,19.841269841269842,69.84126984126983,2.3809523809523796,,,,,
2020-02-27,,极度贪婪,3,21.428571428571427,72.61904761904762,3.9682539682539613,,,,,
2020-02-28,,极度贪婪,3,3.571428571428571,30.952380952380953,0.0,,,,,
2020-03-02,,极度贪婪,3,14.682539682539684,63.095238095238095,0.0,,,,,
2020-03-03,,极度贪婪,3,21.03174603174603,68.25396825396825,0.39682539682539186,,,,,
2020-03-04,,极度贪婪,3,28.968253968253972,67.85714285714286,0.39682539682539186,,,,,
2020-03-05,,极度贪婪,3,54.36507936507936,74.40476190476191,0.0,,,,,
2020-03-06,,极度贪婪,3,30.555555555555557,67.06349206349206,0.0,,,,,
2020-03-09,,极度贪婪,3,3.1746031746031744,25.793650793650798,0.0,,,,,
2020-03-10,,极度贪婪,3,14.285714285714285,51.19047619047619,0.0,,,,,
2020-03-11,,极度贪婪,3,5.555555555555555,31.349206349206348,0.39682539682539186,,,,,
2020-03-12,,极度贪婪,3,1.5873015873015872,15.873015873015872,0.0,,,,,
2020-03-13,,极度贪婪,3,1.1904761904761905,10.714285714285714,1.5873015873015959,,,,,
2020-03-16,,极度贪婪,3,0.3968253968253968,5.158730158730158,12.698412698412696,,,,,
2020-03-17,,极度贪婪,3,0.3968253968253968,3.968253968253968,24.603174603174608,,,,,
2020-03-18,,极度贪婪,3,0.3968253968253968,3.1746031746031744,21.825396825396822,,,,,
2020-03-19,,极度贪婪,3,0.3968253968253968,1.984126984126984,26.984126984126988,,,,,
2020-03-20,,极度贪婪,3,1.1904761904761905,3.7698412698412698,18.650793650793645,,,,,
2020-03-23,,极度贪婪,3,0.3968253968253968,2.1825396825396823,7.142857142857139,,,,,
2020-03-24,,极度贪婪,3,1.1904761904761905,1.1904761904761905,4.365079365079367,,,,,
2020-03-25,,极度贪婪,3,2.7777777777777777,13.690476190476192,3.9682539682539613,,,,,
2020-03-26,,极度贪婪,3,2.380952380952381,21.825396825396826,3.9682539682539613,,,,,
2020-03-27,,极度贪婪,3,3.1746031746031744,20.634920634920633,4.761904761904773,,,,,
2020-03-30,,极度贪婪,3,2.380952380952381,15.873015873015872,5.555555555555557,,,,,
2020-03-31,,极度贪婪,3,2.7777777777777777,24.206349206349206,5.555555555555557,,,,,
2020-04-01,,极度贪婪,3,2.7777777777777777,20.634920634920633,5.952380952380949,,,,,
2020-04-02,15.107709750566894,极度恐惧,7,5.555555555555555,30.158730158730158,7.539682539682531,13.333333333333334,15.0,24.166666666666668,,10.0
2020-04-03,16.653655997918293,极度恐惧,7,4.761904761904762,31.746031746031743,7.936507936507937,3.278688524590164,8.19672131147541,55.73770491803278,,4.918032786885246
2020-04-07,35.65211030648818,恐惧,7,6.746031746031746,65.07936507936508,5.158730158730165,46.774193548387096,27.419354838709676,61.29032258064516,,37.096774193548384
2020-04-08,28.458049886621318,恐惧,7,6.746031746031746,70.63492063492063,5.158730158730165,17.46031746031746,19.047619047619047,51.587301587301596,,28.57142857142857
2020-04-09,31.63265306122449,恐惧,7,7.142857142857142,83.33333333333334,5.952380952380949,17.1875,29.6875,50.0,,28.125
2020-04-10,22.31292517006803,恐惧,7,6.746031746031746,63.095238095238095,6.349206349206355,18.461538461538463,18.461538461538463,13.846153846153847,,29.230769230769234
2020-04-13,16.362605648319935,极度恐惧,7,6.746031746031746,59.523809523809526,11.904761904761912,1.5151515151515151,18.181818181818183,13.636363636363635,,3.0303030303030303
2020-04-14,29.328696652790466,恐惧,7,8.73015873015873,78.17460317460318,20.634920634920633,7.462686567164178,19.402985074626866,61.940298507462686,,8.955223880597014
2020-04-15,33.25997065492864,恐惧,7,8.73015873015873,76.98412698412699,20.634920634920633,25.0,20.588235294117645,60.29411764705882,,20.588235294117645
2020-04-16,30.320171546879617,恐惧,7,9.126984126984127,83.13492063492063,21.42857142857143,13.043478260869565,18.84057971014493,53.62318840579711,,13.043478260869565
2020-04-17,46.156462585034014,中性,7,9.920634920634921,88.88888888888889,28.57142857142857,51.42857142857142,30.0,72.85714285714285,,41.42857142857143
2020-04-20,36.72830634601258,恐惧,7,10.714285714285714,91.66666666666666,29.365079365079367,14.084507042253522,22.535211267605636,69.01408450704226,,19.718309859154928
2020-04-21,39.285714285714285,恐惧,7,9.523809523809524,73.80952380952381,33.33333333333334,29.166666666666668,22.22222222222222,79.16666666666666,,27.77777777777778
2020-04-22,37.724815953778766,恐惧,7,10.714285714285714,75.39682539682539,34.12698412698413,15.068493150684931,21.91780821917808,84.93150684931507,,21.91780821917808
2020-04-23,36.47116504259361,恐惧,7,10.317460317460316,71.42857142857143,35.71428571428571,36.486486486486484,22.972972972972975,40.54054054054054,,37.83783783783784
2020-04-24,24.854875283446713,恐惧,7,9.126984126984127,56.34920634920635,36.50793650793651,22.666666666666664,4.0,12.0,,33.33333333333333
2020-04-27,19.533953932450174,极度恐惧,7,10.714285714285714,57.53968253968254,36.904761904761905,2.631578947368421,7.894736842105263,11.842105263157894,,9.210526315789473
2020-04-28,31.318284889713464,恐惧,7,13.095238095238097,53.17460317460318,41.269841269841265,44.15584415584416,15.584415584415584,6.493506493506493,,45.45454545454545
2020-04-29,21.084074655503226,恐惧,7,13.492063492063492,54.36507936507936,41.269841269841265,3.8461538461538463,10.256410256410255,20.51282051282051,,3.8461538461538463
2020-04-30,39.829644938144035,恐惧,7,14.682539682539684,72.22222222222221,41.269841269841265,45.56962025316456,36.708860759493675,36.708860759493675,,31.645569620253166
2020-05-06,44.73639455782313,中性,7,15.476190476190476,79.76190476190477,41.666666666666664,78.75,7.5,26.25,,63.74999999999999
2020-05-07,45.48059964726632,中性,7,15.079365079365079,74.40476190476191,42.46031746031746,39.50617283950617,41.9753086419753,45.67901234567901,,59.25925925925925
2020-05-08,49.77877329793706,中性,7,17.857142857142858,86.5079365079365,50.7936507936508,42.68292682926829,43.90243902439025,46.95121951219512,,59.756097560975604
2020-05-11,50.785454744146655,中性,7,17.857142857142858,82.14285714285714,60.317460317460316,33.734939759036145,44.57831325301205,57.831325301204814,,59.036144578313255
2020-05-12,40.44784580498866,中性,7,17.857142857142858,74.20634920634922,67.85714285714286,8.333333333333332,32.142857142857146,48.214285714285715,,34.523809523809526
2020-05-13,40.10804321728692,中性,7,19.047619047619047,75.79365079365078,69.44444444444444,7.0588235294117645,27.058823529411764,56.470588235294116,,25.882352941176475
2020-05-14,43.591467594789854,中性,7,15.079365079365079,55.952380952380956,66.66666666666667,15.11627906976744,29.069767441860467,80.23255813953489,,43.02325581395349
2020-05-15,41.01767143639064,中性,7,14.682539682539684,55.55555555555556,67.46031746031747,16.091954022988507,39.08045977011494,49.42528735632184,,44.827586206896555
2020-05-18,46.00198412698413,中性,8,15.476190476190476,56.74603174603175,67.46031746031747,50.0,44.31818181818182,18.181818181818183,53.333333333333336,62.5
2020-05-19,41.3168678934704,中性,8,18.650793650793652,71.42857142857143,66.66666666666667,64.04494382022472,10.112359550561797,40.44943820224719,13.114754098360656,46.06741573033708
2020-05-20,42.221742191500255,中性,8,16.666666666666664,56.94444444444444,70.23809523809524,73.33333333333333,2.2222222222222223,29.444444444444446,32.25806451612903,56.666666666666664
2020-05-21,38.92704517704518,恐惧,8,14.682539682539684,45.23809523809524,70.23809523809524,62.637362637362635,1.098901098901099,39.010989010989015,30.158730158730158,48.35164835164835
2020-05-22,25.872099292615594,恐惧,8,10.714285714285714,15.079365079365079,67.46031746031747,52.17391304347826,1.0869565217391304,15.217391304347828,9.375,35.869565217391305
2020-05-25,23.86697979439915,恐惧,8,11.507936507936508,17.46031746031746,68.65079365079364,15.053763440860216,1.0752688172043012,22.58064516129032,49.23076923076923,5.376344086021505
2020-05-26,35.000844309354946,恐惧,8,14.285714285714285,38.492063492063494,64.28571428571428,27.659574468085108,2.127659574468085,53.72340425531915,66.66666666666666,12.76595744680851
2020-05-27,34.99309530044016,恐惧,8,13.492063492063492,21.825396825396826,63.88888888888889,48.421052631578945,2.1052631578947367,61.05263157894737,41.7910447761194,27.368421052631582
2020-05-28,33.41831524276377,恐惧,8,14.285714285714285,19.841269841269842,64.28571428571428,50.0,4.166666666666666,33.33333333333333,47.05882352941176,34.375
2020-05-29,37.001455856509644,恐惧,8,15.079365079365079,30.158730158730158,71.82539682539682,48.45360824742268,2.0618556701030926,52.57731958762887,44.927536231884055,30.927835051546392
2020-06-01,58.04563492063492,中性,8,22.61904761904762,71.82539682539682,59.92063492063492,84.6938775510204,19.387755102040817,62.244897959183675,67.14285714285714,76.53061224489795
2020-06-02,53.87457319675629,中性,8,24.6031746031746,79.76190476190477,59.523809523809526,83.83838383838383,11.11111111111111,54.54545454545454,40.845070422535215,76.76767676767676
2020-06-03,57.88492063492063,中性,8,24.6031746031746,73.80952380952381,61.11111111111111,88.0,12.0,71.0,55.55555555555556,77.0
2020-06-04,50.26417575710604,中性,8,24.206349206349206,68.25396825396825,61.11111111111111,67.32673267326733,7.920792079207921,54.45544554455446,64.38356164383562,54.45544554455446
2020-06-05,41.88668710727534,中性,8,26.190476190476193,70.63492063492063,62.698412698412696,61.76470588235294,7.8431372549019605,22.54901960784314,32.432432432432435,50.98039215686274
2020-06-08,46.04736862382494,中性,8,27.77777777777778,77.38095238095238,63.492063492063494,73.7864077669903,11.650485436893204,27.184466019417474,24.0,63.10679611650486
2020-06-09,47.63511342458711,中性,8,30.555555555555557,80.95238095238095,63.095238095238095,59.61538461538461,9.615384615384617,39.42307692307692,52.63157894736842,45.19230769230769
2020-06-10,46.96203102453103,中性,8,29.365079365079367,79.16666666666666,67.85714285714286,60.0,7.6190476190476195,55.23809523809524,40.25974025974026,36.19047619047619
2020-06-11,51.50879322459511,中性,8,25.793650793650798,62.10317460317461,61.11111111111111,77.35849056603774,16.9811320754717,61.32075471698113,42.30769230769231,65.09433962264151
2020-06-12,43.908867472617025,中性,8,26.190476190476193,56.74603174603175,61.904761904761905,73.83177570093457,7.476635514018691,40.654205607476634,22.78481012658228,61.6822429906542
2020-06-15,45.70767195767196,中性,8,19.444444444444446,48.41269841269841,58.730158730158735,81.48148148148148,17.59259259259259,51.85185185185185,15.0,73.14814814814815
2020-06-16,52.5673308739058,中性,8,27.77777777777778,69.44444444444444,56.74603174603175,75.22935779816514,28.440366972477065,62.84403669724771,39.50617283950617,60.550458715596335
2020-06-17,48.3896015908211,中性,8,28.174603174603174,68.65079365079364,57.142857142857146,79.0909090909091,21.818181818181817,47.27272727272727,19.51219512195122,65.45454545454545
2020-06-18,54.44778631902126,中性,8,30.158730158730158,82.73809523809523,56.74603174603175,83.78378378378379,31.53153153153153,24.324324324324326,57.831325301204814,68.46846846846847
2020-06-19,64.09350198412699,贪婪,8,35.714285714285715,88.88888888888889,54.36507936507937,89.28571428571429,28.57142857142857,44.19642857142857,97.61904761904762,74.10714285714286
2020-06-22,58.16800318947637,中性,8,36.904761904761905,76.98412698412699,54.36507936507937,92.03539823008849,44.24778761061947,42.0353982300885,36.470588235294116,82.30088495575221
2020-06-23,52.28733170134639,中性,8,41.66666666666667,71.42857142857143,53.57142857142857,80.7017543859649,38.59649122807017,47.368421052631575,20.930232558139537,64.03508771929825
2020-06-24,51.176770245829466,中性,8,46.42857142857143,73.21428571428571,53.17460317460318,74.78260869565217,25.217391304347824,35.21739130434783,41.37931034482759,60.0
2020-06-29,43.777833756282035,中性,8,37.698412698412696,55.75396825396825,55.55555555555556,76.72413793103449,31.03448275862069,17.24137931034483,19.318181818181817,56.896551724137936
2020-06-30,56.74654621283835,中性,8,49.2063492063492,65.87301587301587,52.38095238095239,79.48717948717949,60.68376068376068,67.94871794871796,16.853932584269664,61.53846153846154
2020-07-01,69.32914408701335,贪婪,7,69.04761904761905,83.33333333333334,45.63492063492064,98.30508474576271,61.86440677966102,43.22033898305085,,83.89830508474576
2020-07-02,77.85685107376284,贪婪,8,91.26984126984127,96.23015873015873,38.49206349206349,100.0,57.98319327731093,67.22689075630252,73.33333333333333,98.31932773109243
2020-07-03,80.94780219780219,极度贪婪,8,99.20634920634922,97.81746031746032,35.71428571428571,100.0,65.83333333333333,61.66666666666667,89.01098901098901,98.33333333333333
2020-07-06,82.57085607629087,极度贪婪,8,100.0,99.60317460317461,23.80952380952381,100.0,73.55371900826447,80.99173553719008,82.6086956521739,100.0
2020-07-07,81.98262393711231,极度贪婪,8,100.0,99.40476190476191,25.396825396825392,100.0,69.67213114754098,89.34426229508196,72.04301075268818,100.0
2020-07-08,76.31544941969176,贪婪,8,100.0,99.20634920634922,25.0,98.3739837398374,76.42276422764228,91.869918699187,21.27659574468085,98.3739837398374
2020-07-09,84.13692160508799,极度贪婪,8,100.0,99.0079365079365,25.0,99.19354838709677,80.64516129032258,96.37096774193549,73.68421052631578,99.19354838709677
2020-07-10,72.57063492063492,贪婪,8,99.20634920634922,97.61904761904762,24.206349206349216,98.4,72.0,83.2,8.333333333333332,97.6
2020-07-13,81.21855056455571,极度贪婪,8,100.0,97.42063492063492,24.206349206349216,98.4126984126984,78.57142857142857,86.5079365079365,67.0103092783505,97.61904761904762
2020-07-14,64.98958835502705,贪婪,8,99.20634920634922,97.22222222222221,23.80952380952381,98.4251968503937,64.56692913385827,36.22047244094488,2.0408163265306123,98.4251968503937
2020-07-15,62.804383116883116,贪婪,8,98.01587301587301,92.46031746031747,24.206349206349216,95.3125,57.8125,14.84375,25.252525252525253,94.53125
2020-07-16,55.09025470653378,中性,8,96.82539682539682,67.06349206349206,21.825396825396822,93.7984496124031,40.310077519379846,3.10077519379845,24.0,93.7984496124031
2020-07-17,52.16825185265779,中性,8,96.82539682539682,59.92063492063492,22.222222222222214,92.3076923076923,21.53846153846154,11.538461538461538,23.762376237623762,89.23076923076924
2020-07-20,65.3909496368522,贪婪,8,96.82539682539682,88.09523809523809,20.238095238095227,93.12977099236642,49.61832061068702,61.832061068702295,22.54901960784314,90.83969465648855
2020-07-21,59.36085893610165,中性,8,96.82539682539682,86.11111111111111,20.238095238095227,90.9090909090909,39.39393939393939,41.66666666666667,12.62135922330097,87.12121212121212
2020-07-22,64.11501510185721,贪婪,8,96.82539682539682,84.32539682539682,20.238095238095227,93.23308270676691,51.8796992481203,73.30827067669173,2.8846153846153846,90.22556390977444
2020-07-23,63.16497867803838,贪婪,8,96.42857142857143,63.49206349206349,19.841269841269835,93.28358208955224,53.73134328358209,69.40298507462687,18.095238095238095,91.04477611940298
2020-07-24,44.298879405011476,中性,8,94.44444444444444,22.22222222222222,6.746031746031747,93.33333333333333,35.55555555555556,5.9259259259259265,2.8301886792452833,93.33333333333333
2020-07-27,44.754600633088124,中性,8,94.44444444444444,20.634920634920633,8.333333333333343,86.02941176470588,27.941176470588236,20.22058823529412,26.168224299065418,74.26470588235294
2020-07-28,48.917781832927815,中性,8,94.84126984126983,28.174603174603174,7.539682539682531,82.48175182481752,26.277372262773724,41.605839416058394,38.88888888888889,71.53284671532847
2020-07-29,65.99095944055058,贪婪,8,95.23809523809523,39.682539682539684,7.539682539682531,86.95652173913044,50.72463768115942,84.05797101449275,82.56880733944955,81.15942028985508
2020-07-30,53.74680126029047,中性,8,94.84126984126983,35.714285714285715,7.142857142857139,88.48920863309353,46.043165467625904,73.38129496402878,0.9090909090909091,83.45323741007195
2020-07-31,59.02536465036465,中性,8,95.23809523809523,38.095238095238095,7.936507936507937,90.0,53.57142857142857,96.42857142857143,4.504504504504505,86.42857142857143
2020-08-03,63.833744934143866,贪婪,8,97.22222222222221,52.182539682539684,7.142857142857139,92.90780141843972,65.95744680851064,96.09929078014184,6.25,92.90780141843972
2020-08-04,59.01035514957988,中性,8,96.82539682539682,57.936507936507944,7.539682539682531,93.66197183098592,57.04225352112676,47.53521126760563,18.58407079646018,92.95774647887323
2020-08-05,63.43614353482775,贪婪,8,96.42857142857143,55.158730158730165,7.539682539682531,89.5104895104895,56.64335664335665,83.21678321678321,31.57894736842105,87.41258741258741
2020-08-06,58.776203416149066,中性,8,95.63492063492063,63.29365079365079,6.746031746031747,91.66666666666666,59.72222222222222,51.388888888888886,12.173913043478262,89.58333333333334
2020-08-07,58.36993705528188,中性,8,92.85714285714286,43.25396825396825,5.158730158730165,90.3448275862069,46.206896551724135,39.6551724137931,61.206896551724135,88.27586206896552
2020-08-10,54.68209017010387,中性,8,93.65079365079364,51.98412698412699,5.555555555555557,86.98630136986301,50.68493150684932,45.20547945205479,20.51282051282051,82.87671232876713
2020-08-11,60.67284964833391,贪婪,8,91.66666666666666,39.682539682539684,5.555555555555557,85.71428571428571,33.33333333333333,48.97959183673469,97.45762711864407,82.99319727891157
2020-08-12,46.381491785903556,中性,8,91.26984126984127,31.349206349206348,7.142857142857139,84.45945945945947,13.513513513513514,14.18918918918919,52.10084033613446,77.02702702702703
2020-08-13,50.65712554596783,中性,8,90.87301587301587,30.952380952380953,11.904761904761912,77.18120805369128,10.738255033557047,50.33557046979866,67.5,65.77181208053692
2020-08-14,48.01895579168307,中性,8,92.06349206349206,44.047619047619044,14.285714285714292,74.66666666666667,10.0,18.333333333333332,69.42148760330579,61.33333333333333
2020-08-17,71.33349822848112,贪婪,8,96.42857142857143,62.10317460317461,29.761904761904773,88.0794701986755,56.95364238410596,61.58940397350994,90.98360655737704,84.76821192052981
2020-08-18,64.85428828677385,贪婪,8,95.63492063492063,67.46031746031747,30.158730158730165,82.89473684210526,38.15789473684211,77.30263157894737,49.59349593495935,77.63157894736842
2020-08-19,53.67261151772537,中性,8,91.26984126984127,43.65079365079365,30.555555555555557,81.69934640522875,37.254901960784316,54.57516339869281,11.29032258064516,79.08496732026144
2020-08-20,46.48228715728716,中性,8,89.68253968253968,34.92063492063492,31.746031746031747,74.02597402597402,7.142857142857142,20.454545454545457,49.6,64.28571428571429
2020-08-21,57.07469278033794,中性,8,89.68253968253968,38.095238095238095,32.14285714285714,71.61290322580646,12.903225806451612,59.354838709677416,96.03174603174604,56.774193548387096
2020-08-24,48.949259948275696,中性,8,91.26984126984127,51.19047619047619,32.93650793650794,78.84615384615384,7.051282051282051,10.256410256410255,62.99212598425197,57.05128205128205
2020-08-25,49.62746278182186,中性,8,91.26984126984127,42.46031746031746,33.33333333333334,79.61783439490446,4.45859872611465,15.92356687898089,65.625,64.3312101910828
2020-08-26,40.68465668820761,中性,8,88.4920634920635,16.865079365079367,33.730158730158735,81.64556962025317,4.430379746835443,15.822784810126583,15.503875968992247,68.9873417721519
2020-08-27,46.66253426866635,中性,8,88.4920634920635,26.984126984126984,37.301587301587304,77.35849056603774,1.8867924528301887,22.641509433962266,67.6923076923077,50.943396226415096
2020-08-28,57.082310977826246,中性,8,95.23809523809523,50.0,35.71428571428571,80.0,8.125,38.75,83.20610687022901,65.625
2020-08-31,55.22774327122153,中性,8,92.85714285714286,46.42857142857143,39.28571428571429,86.95652173913044,22.981366459627328,63.35403726708074,16.666666666666664,73.29192546583852
2020-09-01,46.308479532163744,中性,8,93.65079365079364,55.952380952380956,39.28571428571429,76.5432098765432,6.172839506172839,20.37037037037037,31.57894736842105,46.913580246913575
2020-09-02,53.70159318801843,中性,8,92.85714285714286,51.587301587301596,39.682539682539684,83.43558282208589,9.202453987730062,60.122699386503065,24.62686567164179,68.09815950920245
2020-09-03,52.316024648341724,中性,8,91.26984126984127,44.047619047619044,39.28571428571429,78.65853658536585,4.2682926829268295,43.292682926829265,51.85185185185185,65.85365853658537
2020-09-04,41.751363424157546,中性,8,87.3015873015873,36.507936507936506,43.25396825396825,74.54545454545455,1.2121212121212122,14.545454545454545,25.735294117647058,50.90909090909091
2020-09-07,42.56558734067308,中性,8,82.93650793650794,11.11111111111111,43.25396825396825,87.95180722891565,2.4096385542168677,18.072289156626507,21.897810218978105,72.89156626506023
2020-09-08,44.09799707004211,中性,8,83.33333333333334,13.88888888888889,43.65079365079365,77.84431137724552,1.1976047904191618,9.880239520958083,56.52173913043478,66.46706586826348
2020-09-09,44.371110254653416,中性,8,79.76190476190477,5.555555555555555,44.047619047619044,89.88095238095238,0.5952380952380952,23.809523809523807,34.53237410071942,76.78571428571429
2020-09-10,41.50643960740115,中性,8,78.96825396825396,3.7698412698412698,44.44444444444444,74.55621301775149,0.591715976331361,2.9585798816568047,62.857142857142854,63.905325443786985
2020-09-11,33.49684377297018,恐惧,8,80.95238095238095,5.158730158730158,44.047619047619044,60.588235294117645,1.1764705882352942,22.058823529411764,23.404255319148938,30.58823529411765
2020-09-14,37.31372151034864,恐惧,8,81.34920634920636,9.126984126984127,45.238095238095234,67.83625730994152,1.1695906432748537,44.73684210526316,13.380281690140844,35.67251461988304
2020-09-15,46.61334305229654,中性,8,82.14285714285714,15.476190476190476,45.238095238095234,63.372093023255815,2.9069767441860463,62.7906976744186,71.32867132867133,29.651162790697676
2020-09-16,41.33413902651619,中性,8,80.55555555555556,13.690476190476192,45.238095238095234,60.69364161849711,2.312138728323699,32.947976878612714,78.47222222222221,16.76300578034682
2020-09-17,45.32430213464697,中性,8,79.36507936507937,12.3015873015873,45.238095238095234,65.51724137931035,5.172413793103448,59.48275862068966,62.758620689655174,32.758620689655174
2020-09-18,56.25959447706023,中性,8,84.12698412698413,36.507936507936506,43.25396825396825,74.85714285714286,8.0,67.42857142857143,85.61643835616438,50.28571428571429
2020-09-21,38.19774595444238,恐惧,8,80.95238095238095,29.761904761904763,43.25396825396825,64.77272727272727,6.25,32.10227272727273,14.965986394557824,33.52272727272727
2020-09-22,32.961593554813895,恐惧,8,78.17460317460318,12.3015873015873,43.25396825396825,61.016949152542374,4.519774011299435,13.559322033898304,27.7027027027027,23.163841807909606
2020-09-23,38.7519854735751,恐惧,8,78.57142857142857,11.507936507936508,43.65079365079365,58.42696629213483,3.932584269662921,63.20224719101124,38.92617449664429,11.797752808988763
2020-09-24,28.50038795779019,恐惧,8,73.01587301587301,3.571428571428571,42.85714285714286,59.217877094972074,2.793296089385475,16.75977653631285,8.0,21.787709497206702
2020-09-25,23.805647534952172,恐惧,8,73.80952380952381,4.761904761904762,43.65079365079365,40.55555555555556,1.6666666666666667,6.666666666666667,16.55629139072848,2.7777777777777777
2020-09-28,31.502689158439374,恐惧,8,75.79365079365078,5.357142857142857,47.61904761904761,37.569060773480665,0.5524861878453038,3.867403314917127,79.60526315789474,1.6574585635359116
2020-09-29,28.761199992817637,恐惧,8,76.19047619047619,9.325396825396826,47.61904761904761,38.46153846153847,1.098901098901099,9.340659340659341,46.40522875816993,1.6483516483516485
2020-09-30,33.906024531024535,恐惧,8,75.0,12.698412698412698,50.0,35.51912568306011,0.546448087431694,28.96174863387978,66.88311688311688,1.639344262295082
2020-10-09,54.92479170840846,中性,8,79.36507936507937,44.047619047619044,46.82539682539682,64.67391304347827,13.586956521739129,80.16304347826086,92.25806451612904,18.478260869565215
2020-10-12,70.15232608982609,贪婪,8,85.71428571428571,87.10317460317461,42.85714285714286,85.4054054054054,21.62162162162162,78.91891891891892,97.43589743589743,62.16216216216216
2020-10-13,63.23421841855021,贪婪,7,86.11111111111111,85.31746031746032,43.25396825396825,75.80645161290323,18.27956989247312,96.7741935483871,,37.096774193548384
2020-10-14,56.77328569914744,中性,8,83.73015873015873,78.57142857142857,42.85714285714286,73.2620320855615,10.16042780748663,63.63636363636363,65.60509554140127,36.36363636363637
2020-10-15,44.907612250394365,中性,8,83.33333333333334,75.39682539682539,44.841269841269835,66.48936170212765,8.51063829787234,36.702127659574465,18.9873417721519,25.0
2020-10-16,50.0528788559449,中性,8,82.53968253968253,70.83333333333334,45.238095238095234,61.904761904761905,4.761904761904762,61.111111111111114,59.74842767295597,14.285714285714285
2020-10-19,43.55556860902256,中性,8,79.76190476190477,58.333333333333336,47.61904761904761,65.26315789473685,7.368421052631578,38.15789473684211,25.624999999999996,26.31578947368421
2020-10-20,50.79616877861243,中性,8,81.34920634920636,73.01587301587301,47.61904761904761,60.73298429319372,3.664921465968586,96.59685863874346,32.91925465838509,10.471204188481675
2020-10-21,38.62261629188713,恐惧,8,80.55555555555556,49.60317460317461,48.01587301587301,65.625,2.083333333333333,22.395833333333336,27.160493827160494,13.541666666666666
2020-10-22,38.72434806805734,恐惧,8,79.76190476190477,39.682539682539684,48.01587301587301,63.212435233160626,3.1088082901554404,48.18652849740933,19.018404907975462,8.808290155440414
2020-10-23,39.305052913378915,恐惧,8,75.39682539682539,26.38888888888889,47.22222222222222,74.22680412371135,1.5463917525773196,34.79381443298969,41.46341463414634,13.402061855670103
2020-10-26,36.3195534624106,恐惧,7,73.01587301587301,25.0,48.01587301587301,65.64102564102564,2.051282051282051,34.87179487179487,,5.641025641025641
2020-10-27,36.20013914656772,恐惧,8,73.01587301587301,32.142857142857146,54.36507936507937,63.26530612244898,0.5102040816326531,38.775510204081634,22.424242424242426,5.1020408163265305
2020-10-28,38.7358201236175,恐惧,8,75.79365079365078,37.301587301587304,53.96825396825397,77.15736040609137,3.0456852791878175,31.979695431472084,10.843373493975903,19.796954314720814
2020-10-29,50.64767650845495,中性,8,76.98412698412699,37.698412698412696,57.142857142857146,77.77777777777779,6.565656565656567,34.090909090909086,85.62874251497006,29.292929292929294
2020-10-30,42.4763948711813,中性,8,71.03174603174604,19.841269841269842,55.952380952380956,78.89447236180904,9.045226130653267,24.120603015075375,29.166666666666668,51.75879396984925
2020-11-02,47.73360160139006,中性,8,72.61904761904762,27.380952380952383,56.74603174603175,75.0,10.0,21.75,73.37278106508876,45.0
2020-11-03,60.24625646278412,贪婪,8,76.5873015873016,36.904761904761905,55.952380952380956,71.14427860696517,11.940298507462686,96.51741293532339,94.11764705882352,38.80597014925373
2020-11-04,48.405305756139526,中性,8,79.76190476190477,37.698412698412696,56.34920634920635,65.84158415841584,10.396039603960396,64.35643564356435,52.046783625730995,20.792079207920793
2020-11-05,62.08722362240806,贪婪,8,84.92063492063492,52.38095238095239,55.55555555555556,78.81773399014779,23.15270935960591,64.28571428571429,91.27906976744185,46.30541871921182
2020-11-06,59.999441732376965,中性,8,84.12698412698413,47.22222222222222,56.34920634920635,78.92156862745098,22.54901960784314,72.79411764705883,67.05202312138728,50.98039215686274
2020-11-09,72.91163542793063,贪婪,8,91.26984126984127,68.65079365079364,57.93650793650794,93.65853658536587,31.70731707317073,66.09756097560975,98.85057471264368,75.1219512195122
2020-11-10,53.404126213592235,中性,8,87.6984126984127,60.317460317460316,59.12698412698413,85.92233009708737,23.78640776699029,41.99029126213592,2.857142857142857,65.53398058252428
2020-11-11,47.81858766233766,中性,8,84.12698412698413,46.03174603174603,59.523809523809526,75.36231884057972,22.22222222222222,40.09661835748793,3.977272727272727,51.20772946859904
2020-11-12,48.88101834606072,中性,8,83.33333333333334,49.60317460317461,59.92063492063492,57.21153846153846,14.903846153846153,54.807692307692314,49.152542372881356,22.115384615384613
2020-11-13,41.43575230210358,中性,8,77.77777777777779,45.63492063492063,62.301587301587304,66.50717703349282,14.354066985645932,14.354066985645932,24.719101123595504,25.837320574162682
2020-11-16,58.592322869557506,中性,8,81.34920634920636,51.19047619047619,62.301587301587304,71.9047619047619,18.095238095238095,82.38095238095238,58.659217877094974,42.857142857142854
2020-11-17,54.96426690739487,中性,8,80.15873015873017,44.44444444444444,62.301587301587304,75.35545023696683,22.748815165876778,42.65402843601896,59.44444444444444,52.60663507109005
2020-11-18,55.26384669542441,中性,8,79.36507936507937,43.65079365079365,61.904761904761905,71.69811320754717,21.22641509433962,63.20754716981132,49.171270718232044,51.886792452830186
2020-11-19,54.12754303599374,中性,8,82.53968253968253,49.60317460317461,61.507936507936506,66.66666666666666,12.206572769953052,42.48826291079813,78.57142857142857,39.436619718309856
2020-11-20,52.23540312401964,中性,8,84.12698412698413,53.57142857142857,64.68253968253968,60.747663551401864,18.22429906542056,31.775700934579437,68.30601092896174,36.44859813084112
2020-11-23,70.91293915611408,贪婪,8,88.88888888888889,53.17460317460318,76.19047619047619,82.32558139534883,36.74418604651163,71.86046511627907,86.95652173913044,71.16279069767441
2020-11-24,59.95057557557557,中性,8,85.71428571428571,50.79365079365079,74.60317460317461,71.29629629629629,31.01851851851852,47.22222222222222,67.56756756756756,51.388888888888886
2020-11-25,48.924731182795696,中性,8,76.98412698412699,32.93650793650794,71.03174603174602,75.11520737327189,27.64976958525346,12.442396313364055,34.40860215053764,60.82949308755761
2020-11-26,44.71711954172829,中性,8,77.38095238095238,32.142857142857146,71.42857142857143,56.42201834862385,16.51376146788991,5.963302752293578,65.77540106951871,32.11009174311927
2020-11-27,52.545332472831745,中性,8,84.12698412698413,35.714285714285715,69.44444444444444,55.25114155251142,18.2648401826484,43.60730593607306,82.4468085106383,31.506849315068493
2020-11-30,59.96001683501684,中性,8,80.55555555555556,30.555555555555557,71.03174603174602,82.27272727272728,35.0,57.27272727272727,50.264550264550266,72.72727272727273
2020-12-01,64.7210917092883,贪婪,8,91.26984126984127,49.007936507936506,65.47619047619048,75.1131221719457,34.38914027149321,51.13122171945701,92.10526315789474,59.276018099547514
2020-12-02,55.7518730866244,中性,8,90.87301587301587,48.214285714285715,65.87301587301587,78.82882882882883,31.98198198198198,45.4954954954955,23.036649214659686,61.711711711711715
2020-12-03,48.97974277528649,中性,8,89.28571428571429,55.55555555555556,66.26984126984127,71.30044843049326,27.802690582959645,15.022421524663676,14.583333333333334,52.01793721973094
2020-12-04,50.70533529689941,中性,8,89.68253968253968,62.698412698412696,68.65079365079364,57.58928571428571,26.339285714285715,24.107142857142858,40.41450777202073,36.160714285714285
2020-12-07,44.890770741286204,中性,8,84.52380952380952,48.01587301587302,66.66666666666667,63.11111111111111,27.111111111111114,31.333333333333336,1.0309278350515463,37.333333333333336
2020-12-08,48.93961311549808,中性,8,81.34920634920636,43.65079365079365,66.66666666666667,50.442477876106196,21.238938053097346,17.699115044247787,89.23076923076924,21.238938053097346
2020-12-09,47.25478113418642,中性,8,70.23809523809523,20.238095238095237,65.07936507936509,66.07929515418502,20.26431718061674,25.11013215859031,67.85714285714286,43.17180616740088
2020-12-10,41.02721906288564,中性,8,69.84126984126983,21.428571428571427,65.87301587301587,55.26315789473685,10.526315789473683,27.192982456140353,51.776649746192895,26.31578947368421
2020-12-11,42.638565946426205,中性,8,64.28571428571429,15.476190476190476,67.85714285714286,72.92576419213974,9.170305676855897,10.043668122270741,45.45454545454545,55.895196506550214
2020-12-14,35.82020913747482,恐惧,8,67.46031746031747,20.634920634920633,67.46031746031747,51.30434782608696,11.304347826086957,12.391304347826088,31.65829145728643,24.347826086956523
2020-12-15,38.61354617604618,恐惧,8,68.25396825396825,25.396825396825395,71.42857142857143,52.38095238095239,12.121212121212121,16.883116883116884,39.5,22.943722943722943
2020-12-16,40.423600388860294,中性,8,68.25396825396825,23.015873015873016,72.61904761904762,50.0,12.068965517241379,22.413793103448278,51.741293532338304,23.275862068965516
2020-12-17,52.103994121055266,中性,8,75.79365079365078,31.746031746031743,75.0,67.38197424892704,26.180257510729614,10.515021459227468,78.71287128712872,51.50214592274678
2020-12-18,47.66062481579723,中性,8,73.4126984126984,32.142857142857146,74.60317460317461,64.1025641025641,28.205128205128204,42.73504273504273,24.63054187192118,41.452991452991455
2020-12-21,57.35089869281046,中性,8,80.15873015873017,43.05555555555556,83.73015873015873,76.59574468085107,37.4468085106383,50.638297872340424,31.862745098039213,55.319148936170215
2020-12-22,52.905946311279095,中性,8,65.07936507936508,28.968253968253972,76.5873015873016,86.01694915254238,35.59322033898305,32.6271186440678,26.34146341463415,72.03389830508475
2020-12-23,59.92994961287944,中性,8,71.03174603174604,34.523809523809526,77.77777777777777,82.70042194092827,31.645569620253166,42.82700421940928,71.84466019417476,67.08860759493672
2020-12-24,45.868474201274715,中性,8,69.44444444444444,31.746031746031743,77.77777777777777,74.36974789915966,30.252100840336134,12.184873949579831,17.391304347826086,53.78151260504202
2020-12-25,53.62432281141188,中性,7,75.0,36.904761904761905,79.36507936507937,67.78242677824268,35.56485355648535,33.054393305439326,,47.69874476987448
2020-12-28,52.22985347985348,中性,8,77.77777777777779,37.301587301587304,81.34920634920636,78.75,28.333333333333332,20.0,29.326923076923077,65.0
2020-12-29,48.76630801982953,中性,8,73.4126984126984,33.33333333333333,80.95238095238095,77.17842323651453,19.502074688796682,4.149377593360995,40.19138755980861,61.41078838174274
2020-12-30,55.7590515545061,中性,8,84.52380952380952,44.84126984126984,76.5873015873016,73.96694214876032,30.57851239669421,72.93388429752066,8.095238095238095,54.54545454545454
2020-12-31,71.6447636043476,贪婪,8,94.04761904761905,67.85714285714286,67.46031746031747,84.36213991769547,39.09465020576132,72.8395061728395,76.30331753554502,71.19341563786008
2021-01-04,69.99615510190054,贪婪,8,97.61904761904762,75.9920634920635,66.66666666666667,95.08196721311475,59.01639344262295,58.40163934426229,23.58490566037736,83.60655737704919
2021-01-05,65.28728921145924,贪婪,8,99.20634920634922,74.0079365079365,64.28571428571428,96.3265306122449,54.69387755102041,34.69387755102041,11.737089201877934,87.34693877551021
2021-01-06,69.95593831522427,贪婪,8,100.0,83.92857142857143,64.68253968253968,94.71544715447155,44.71544715447154,38.61788617886179,50.467289719626166,82.52032520325203
2021-01-07,65.45829952041703,贪婪,8,100.0,70.63492063492063,65.87301587301587,95.95141700404858,50.607287449392715,28.542510121457486,27.44186046511628,84.61538461538461
2021-01-08,71.99100742447517,贪婪,8,99.60317460317461,81.54761904761905,65.47619047619048,93.14516129032258,43.95161290322581,17.338709677419356,95.83333333333334,79.03225806451613
2021-01-11,62.89401075885725,贪婪,8,99.20634920634922,64.28571428571429,64.28571428571428,95.18072289156626,47.791164658634536,9.63855421686747,39.63133640552996,83.13253012048193
2021-01-12,74.1401121304791,贪婪,8,100.0,70.23809523809523,57.53968253968254,91.2,60.8,47.599999999999994,91.74311926605505,74.0
2021-01-13,70.8175776996385,贪婪,8,99.60317460317461,69.84126984126983,61.507936507936506,96.01593625498009,60.95617529880478,39.6414342629482,55.70776255707762,83.26693227091634
2021-01-14,64.10714285714286,贪婪,8,98.4126984126984,65.07936507936508,54.76190476190476,91.66666666666666,51.19047619047619,3.968253968253968,70.0,77.77777777777779
2021-01-15,60.20052251669899,贪婪,8,96.42857142857143,62.89682539682539,54.76190476190476,86.90476190476191,42.46031746031746,30.357142857142854,37.55656108597285,70.23809523809523
2021-01-18,64.00619369369369,贪婪,8,98.4126984126984,76.19047619047619,53.17460317460318,84.92063492063492,50.0,67.65873015873017,16.216216216216218,65.47619047619048
2021-01-19,67.50969819916008,贪婪,8,95.63492063492063,61.50793650793651,50.0,88.09523809523809,46.03174603174603,71.42857142857143,55.15695067264574,72.22222222222221
2021-01-20,60.88169642857143,贪婪,8,95.63492063492063,77.57936507936508,50.7936507936508,75.39682539682539,39.682539682539684,78.96825396825396,20.982142857142858,48.01587301587302
2021-01-21,78.16964285714286,贪婪,8,98.80952380952381,86.30952380952381,53.17460317460318,90.47619047619048,56.74603174603175,80.15873015873017,86.66666666666667,73.01587301587301
2021-01-22,59.883761764292736,中性,8,98.4126984126984,69.64285714285714,53.57142857142857,90.47619047619048,52.77777777777778,23.61111111111111,16.371681415929203,74.20634920634922
2021-01-25,67.41595867421859,贪婪,8,99.20634920634922,62.698412698412696,58.730158730158735,94.44444444444444,59.12698412698413,34.12698412698413,52.42290748898678,78.57142857142857
2021-01-26,50.78581871345029,中性,8,95.63492063492063,46.42857142857143,47.22222222222222,84.52380952380952,36.904761904761905,7.936507936507936,28.50877192982456,59.12698412698413
2021-01-27,49.509816663200944,中性,8,96.42857142857143,46.03174603174603,47.61904761904761,73.4126984126984,30.952380952380953,37.301587301587304,17.903930131004365,46.42857142857143
2021-01-28,40.573240165631475,中性,8,90.47619047619048,13.492063492063492,40.87301587301587,74.60317460317461,28.57142857142857,22.61904761904762,4.3478260869565215,49.60317460317461
2021-01-29,42.48737373737374,中性,8,87.6984126984127,8.73015873015873,41.666666666666664,78.17460317460318,19.444444444444446,3.968253968253968,40.692640692640694,59.523809523809526
2021-02-01,43.31725506294472,中性,8,91.26984126984127,16.666666666666664,40.87301587301587,69.04761904761905,17.857142857142858,4.761904761904762,66.37931034482759,39.682539682539684
2021-02-02,49.84224913141222,中性,8,92.46031746031747,28.57142857142857,40.87301587301587,72.22222222222221,28.968253968253972,11.904761904761903,83.2618025751073,40.476190476190474
2021-02-03,52.319902319902326,中性,8,91.66666666666666,26.190476190476193,44.047619047619044,77.77777777777779,37.301587301587304,26.984126984126984,59.82905982905983,54.761904761904766
2021-02-04,48.28098615332658,中性,8,90.87301587301587,22.61904761904762,44.44444444444444,74.60317460317461,29.761904761904763,6.349206349206349,60.851063829787236,56.74603174603175
2021-02-05,39.66992870594565,恐惧,8,90.87301587301587,21.428571428571427,44.841269841269835,68.25396825396825,31.349206349206348,11.904761904761903,4.661016949152542,44.047619047619044
2021-02-08,46.57518334337955,中性,8,93.25396825396825,28.174603174603174,43.65079365079365,56.34920634920635,23.41269841269841,28.76984126984127,76.37130801687763,22.61904761904762
2021-02-09,50.32096171802054,中性,8,98.80952380952381,43.25396825396825,40.07936507936508,60.317460317460316,45.23809523809524,67.85714285714286,17.647058823529413,29.365079365079367
2021-02-10,46.9106976821412,中性,8,100.0,51.98412698412699,36.904761904761905,62.301587301587304,43.65079365079365,28.968253968253972,20.920502092050206,30.555555555555557
2021-02-18,68.56150793650794,贪婪,8,99.60317460317461,60.71428571428571,36.50793650793651,89.68253968253968,67.46031746031747,84.92063492063492,43.333333333333336,66.26984126984127
2021-02-19,70.4068695251268,贪婪,8,99.60317460317461,75.0,38.888888888888886,84.92063492063492,61.50793650793651,49.60317460317461,85.47717842323651,68.25396825396825
2021-02-22,67.31232782369146,贪婪,8,91.26984126984127,40.87301587301587,33.33333333333334,96.42857142857143,67.85714285714286,88.09523809523809,30.165289256198346,90.47619047619048
2021-02-23,58.835795120517346,中性,8,89.68253968253968,34.92063492063492,33.33333333333334,81.34920634920636,38.88888888888889,81.54761904761905,40.32921810699588,70.63492063492063
2021-02-24,47.2075852198803,中性,8,80.15873015873017,26.58730158730159,32.53968253968253,86.90476190476191,41.269841269841265,17.857142857142858,21.311475409836063,71.03174603174604
2021-02-25,50.69302721088435,中性,8,83.33333333333334,27.77777777777778,32.53968253968253,70.63492063492063,34.12698412698413,83.33333333333334,13.877551020408163,59.92063492063492
2021-02-26,43.501379210220676,中性,8,67.06349206349206,19.047619047619047,31.746031746031747,68.25396825396825,18.650793650793652,64.48412698412699,24.796747967479675,53.96825396825397
2021-03-01,48.49162168241115,中性,8,76.19047619047619,27.380952380952383,31.349206349206355,61.904761904761905,22.22222222222222,71.03174603174604,51.821862348178136,46.03174603174603
2021-03-02,42.41471454173067,中性,8,66.66666666666666,23.809523809523807,32.14285714285714,68.25396825396825,28.57142857142857,35.317460317460316,27.016129032258064,57.53968253968254
2021-03-03,57.29973465289731,中性,8,78.57142857142857,32.93650793650794,31.349206349206355,56.34920634920635,27.380952380952383,91.07142857142857,88.75502008032129,51.98412698412699
2021-03-04,43.34007936507936,中性,8,50.79365079365079,21.428571428571427,29.365079365079367,77.38095238095238,27.77777777777778,34.92063492063492,36.8,68.25396825396825
2021-03-05,37.119182002150126,恐惧,8,47.22222222222222,18.650793650793652,28.96825396825396,60.317460317460316,19.841269841269842,32.142857142857146,32.27091633466135,57.53968253968254
2021-03-08,35.91269841269842,恐惧,8,34.523809523809526,11.904761904761903,26.19047619047619,75.0,30.158730158730158,34.523809523809526,3.968253968253968,71.03174603174604
2021-03-09,34.79662698412698,恐惧,8,33.33333333333333,7.5396825396825395,25.396825396825392,78.57142857142857,10.317460317460316,7.341269841269842,39.285714285714285,76.5873015873016
2021-03-10,28.57142857142857,恐惧,8,33.33333333333333,4.365079365079365,25.396825396825392,44.047619047619044,4.761904761904762,33.33333333333333,52.38095238095239,30.952380952380953
2021-03-11,39.732142857142854,恐惧,8,36.507936507936506,9.126984126984127,22.222222222222214,52.38095238095239,17.46031746031746,98.01587301587301,42.857142857142854,39.285714285714285
2021-03-12,35.391865079365076,恐惧,8,36.904761904761905,11.507936507936508,21.825396825396822,48.80952380952381,16.26984126984127,89.88095238095238,10.714285714285714,47.22222222222222
2021-03-15,31.572420634920636,恐惧,8,33.33333333333333,10.714285714285714,21.03174603174604,48.01587301587302,28.174603174603174,45.83333333333333,20.634920634920633,44.84126984126984
2021-03-16,33.903769841269835,恐惧,8,33.33333333333333,13.88888888888889,21.42857142857143,34.92063492063492,14.285714285714285,60.912698412698404,60.317460317460316,32.142857142857146
2021-03-17,32.36607142857143,恐惧,8,33.33333333333333,11.904761904761903,21.03174603174604,32.93650793650794,15.476190476190476,70.43650793650794,53.57142857142857,20.238095238095237
2021-03-18,32.093253968253975,恐惧,8,34.523809523809526,13.88888888888889,25.396825396825392,38.095238095238095,13.095238095238097,74.20634920634922,34.523809523809526,23.015873015873016
2021-03-19,27.18253968253968,恐惧,8,30.952380952380953,5.555555555555555,19.841269841269835,41.269841269841265,11.507936507936508,70.63492063492063,2.380952380952381,35.317460317460316
2021-03-22,41.04662698412699,中性,8,32.142857142857146,13.88888888888889,20.634920634920633,41.269841269841265,17.46031746031746,83.53174603174604,84.92063492063492,34.523809523809526
2021-03-23,23.313492063492063,恐惧,8,29.761904761904763,6.746031746031746,21.825396825396822,47.22222222222222,9.126984126984127,22.22222222222222,10.317460317460316,39.285714285714285
2021-03-24,29.092261904761905,恐惧,8,28.57142857142857,3.1746031746031744,21.42857142857143,41.66666666666667,10.714285714285714,15.277777777777779,73.80952380952381,38.095238095238095
2021-03-25,23.908730158730158,恐惧,8,28.174603174603174,2.7777777777777777,21.03174603174604,30.555555555555557,2.7777777777777777,28.57142857142857,61.50793650793651,15.873015873015872
2021-03-26,37.72321428571429,恐惧,8,30.555555555555557,17.063492063492063,14.285714285714292,38.88888888888889,9.523809523809524,72.81746031746032,92.46031746031747,26.190476190476193
2021-03-29,28.993055555555557,恐惧,8,30.555555555555557,24.6031746031746,15.476190476190482,44.84126984126984,10.714285714285714,67.26190476190477,6.746031746031746,31.746031746031743
2021-03-30,38.343253968253975,恐惧,8,32.142857142857146,36.904761904761905,21.42857142857143,38.095238095238095,9.523809523809524,48.41269841269841,89.68253968253968,30.555555555555557
2021-03-31,25.049603174603174,恐惧,8,28.57142857142857,33.730158730158735,26.19047619047619,27.77777777777778,9.920634920634921,57.936507936507944,1.1904761904761905,15.079365079365079
2021-04-01,36.06150793650794,恐惧,8,32.142857142857146,57.936507936507944,25.0,25.396825396825395,16.666666666666664,44.44444444444444,77.77777777777779,9.126984126984127
2021-04-02,36.84807256235827,恐惧,7,32.53968253968254,61.904761904761905,23.412698412698404,31.349206349206348,26.58730158730159,64.68253968253968,,17.46031746031746
2021-04-06,35.374149659863946,恐惧,7,31.746031746031743,64.28571428571429,27.777777777777786,32.142857142857146,21.428571428571427,61.904761904761905,,8.333333333333332
2021-04-07,40.99702380952381,中性,8,29.365079365079367,69.04761904761905,27.38095238095238,48.01587301587302,10.317460317460316,89.88095238095238,25.0,28.968253968253972
2021-04-08,44.44444444444444,中性,8,29.365079365079367,63.888888888888886,29.365079365079367,51.98412698412699,8.73015873015873,53.57142857142857,76.98412698412699,41.66666666666667
2021-04-09,27.802579365079364,恐惧,8,25.793650793650798,39.285714285714285,28.96825396825396,35.714285714285715,5.952380952380952,43.84920634920635,24.6031746031746,18.253968253968253
2021-04-12,27.28174603174603,恐惧,8,22.22222222222222,13.492063492063492,30.555555555555557,53.57142857142857,5.952380952380952,17.46031746031746,36.507936507936506,38.492063492063494
2021-04-13,20.932539682539684,恐惧,8,21.825396825396826,12.896825396825399,31.349206349206355,32.142857142857146,2.380952380952381,4.563492063492063,49.2063492063492,13.095238095238097
2021-04-14,32.4156746031746,恐惧,8,23.015873015873016,27.380952380952383,30.95238095238095,30.158730158730158,5.952380952380952,63.69047619047619,69.04761904761905,9.126984126984127
2021-04-15,19.940476190476186,极度恐惧,8,21.03174603174603,24.6031746031746,32.53968253968253,32.53968253968254,3.1746031746031744,17.46031746031746,17.46031746031746,10.714285714285714
2021-04-16,30.704365079365083,恐惧,8,21.428571428571427,34.523809523809526,35.317460317460316,34.523809523809526,4.365079365079365,48.41269841269841,48.01587301587302,19.047619047619047
2021-04-19,55.13392857142857,中性,8,25.793650793650798,76.19047619047619,32.53968253968253,67.85714285714286,24.206349206349206,67.65873015873017,95.23809523809523,51.587301587301596
2021-04-20,43.72519841269841,中性,8,25.396825396825395,70.03968253968253,40.476190476190474,67.46031746031747,17.063492063492063,62.698412698412696,19.047619047619047,47.61904761904761
2021-04-21,38.93849206349206,恐惧,8,25.793650793650798,65.07936507936508,46.42857142857143,47.22222222222222,9.523809523809524,35.317460317460316,57.936507936507944,24.206349206349206
2021-04-22,37.00396825396825,恐惧,8,24.6031746031746,62.301587301587304,46.42857142857143,46.82539682539682,13.095238095238097,76.98412698412699,7.142857142857142,18.650793650793652
2021-04-23,45.31249999999999,中性,8,25.793650793650798,63.888888888888886,51.58730158730159,55.55555555555556,15.873015873015872,29.96031746031746,95.23809523809523,24.6031746031746
2021-04-26,45.510912698412696,中性,8,23.015873015873016,48.80952380952381,49.20634920634921,79.76190476190477,30.555555555555557,44.24603174603175,31.349206349206348,57.14285714285714
2021-04-27,33.73015873015873,恐惧,8,23.015873015873016,45.83333333333333,58.730158730158735,50.79365079365079,10.317460317460316,9.722222222222223,46.03174603174603,25.396825396825395
2021-04-28,35.96230158730158,恐惧,8,24.6031746031746,53.57142857142857,59.12698412698413,57.53968253968254,25.0,18.253968253968253,18.253968253968253,31.349206349206348
2021-04-29,47.4702380952381,中性,8,26.984126984126984,67.06349206349206,57.53968253968254,65.07936507936508,20.238095238095237,13.492063492063492,90.87301587301587,38.492063492063494
2021-04-30,36.135912698412696,恐惧,8,23.41269841269841,44.047619047619044,56.34920634920635,68.65079365079364,19.444444444444446,11.30952380952381,14.682539682539684,51.19047619047619
2021-05-06,54.31547619047619,中性,8,19.444444444444446,41.269841269841265,67.85714285714286,74.20634920634922,32.53968253968254,63.49206349206349,82.93650793650794,52.77777777777778
2021-05-07,47.048611111111114,中性,8,15.476190476190476,22.22222222222222,66.66666666666667,75.79365079365078,28.57142857142857,59.72222222222222,44.84126984126984,63.095238095238095
2021-05-10,51.43849206349206,中性,8,14.285714285714285,26.984126984126984,68.25396825396825,70.63492063492063,24.6031746031746,68.65079365079364,79.36507936507937,58.730158730158735
2021-05-11,43.03075396825397,中性,8,15.873015873015872,29.761904761904763,71.03174603174602,71.42857142857143,17.46031746031746,56.94444444444444,23.809523809523807,57.936507936507944
2021-05-12,44.99007936507937,中性,8,16.666666666666664,40.87301587301587,70.63492063492063,53.57142857142857,16.666666666666664,83.33333333333334,46.03174603174603,32.142857142857146
2021-05-13,40.426587301587304,中性,8,12.698412698412698,20.238095238095237,76.98412698412699,63.888888888888886,11.507936507936508,90.87301587301587,6.349206349206349,40.87301587301587
2021-05-14,58.779761904761905,中性,8,20.238095238095237,53.96825396825397,67.46031746031747,81.34920634920636,37.301587301587304,96.03174603174604,49.60317460317461,64.28571428571429
2021-05-17,49.18154761904762,中性,8,25.0,72.22222222222221,65.07936507936509,82.53968253968253,37.301587301587304,23.61111111111111,26.190476190476193,61.50793650793651
2021-05-18,48.93353174603175,中性,8,24.6031746031746,79.36507936507937,66.66666666666667,46.03174603174603,47.61904761904761,60.11904761904761,51.587301587301596,15.476190476190476
2021-05-19,52.069160997732425,中性,7,21.825396825396826,73.01587301587301,69.44444444444444,59.12698412698413,50.79365079365079,64.0873015873016,,26.190476190476193
2021-05-20,45.486111111111114,中性,8,23.015873015873016,60.317460317460316,70.63492063492063,72.61904761904762,23.015873015873016,58.333333333333336,7.936507936507936,48.01587301587302
2021-05-21,38.98809523809524,恐惧,8,18.253968253968253,52.77777777777778,69.04761904761905,60.71428571428571,18.253968253968253,60.71428571428571,1.1904761904761905,30.952380952380953
2021-05-24,50.173611111111114,中性,8,19.444444444444446,59.92063492063492,69.84126984126985,63.888888888888886,30.158730158730158,57.341269841269835,63.888888888888886,36.904761904761905
2021-05-25,68.92361111111111,贪婪,8,31.746031746031743,86.90476190476191,48.01587301587301,88.88888888888889,44.44444444444444,80.75396825396825,100.0,70.63492063492063
2021-05-26,72.14781746031747,贪婪,8,30.952380952380953,90.47619047619048,57.53968253968254,85.31746031746032,53.17460317460318,96.23015873015873,93.25396825396825,70.23809523809523
2021-05-27,67.7827380952381,贪婪,8,31.746031746031743,92.06349206349206,64.68253968253968,84.52380952380952,40.07936507936508,86.30952380952381,81.34920634920636,61.50793650793651
2021-05-28,64.08730158730158,贪婪,8,30.158730158730158,88.4920634920635,63.88888888888889,89.68253968253968,50.0,96.82539682539682,23.41269841269841,70.23809523809523
2021-05-31,67.08829365079364,贪婪,8,30.158730158730158,90.07936507936508,65.47619047619048,87.6984126984127,56.74603174603175,84.72222222222221,55.158730158730165,66.66666666666666
2021-06-01,66.8154761904762,贪婪,8,30.158730158730158,92.06349206349206,67.46031746031747,91.66666666666666,48.80952380952381,91.66666666666666,40.87301587301587,71.82539682539682
2021-06-02,51.98412698412698,中性,8,25.396825396825395,89.68253968253968,63.492063492063494,87.6984126984127,35.317460317460316,31.746031746031743,12.3015873015873,70.23809523809523
2021-06-03,61.160714285714285,贪婪,8,21.428571428571427,81.34920634920636,74.60317460317461,82.93650793650794,36.11111111111111,63.49206349206349,65.47619047619048,63.888888888888886
2021-06-04,55.75396825396825,中性,8,22.22222222222222,77.38095238095238,74.60317460317461,80.15873015873017,31.746031746031743,38.492063492063494,64.28571428571429,57.14285714285714
2021-06-07,50.620039682539684,中性,8,21.825396825396826,71.03174603174604,74.60317460317461,78.17460317460318,43.65079365079365,38.69047619047619,21.03174603174603,55.952380952380956
2021-06-08,45.38690476190476,中性,8,15.873015873015872,51.98412698412699,73.4126984126984,84.92063492063492,38.095238095238095,11.904761904761903,21.825396825396826,65.07936507936508
2021-06-09,51.587301587301596,中性,8,15.079365079365079,52.38095238095239,75.0,64.68253968253968,19.841269841269842,51.98412698412699,86.90476190476191,46.82539682539682
2021-06-10,58.95337301587301,中性,8,18.253968253968253,57.53968253968254,78.57142857142857,88.09523809523809,34.12698412698413,43.452380952380956,83.73015873015873,67.85714285714286
2021-06-11,54.38988095238095,中性,8,13.492063492063492,42.65873015873016,76.19047619047619,94.84126984126983,30.158730158730158,32.93650793650794,62.301587301587304,82.53968253968253
2021-06-15,37.62400793650794,恐惧,8,7.936507936507936,28.968253968253972,72.61904761904762,86.11111111111111,27.77777777777778,7.341269841269842,2.7777777777777777,67.46031746031747
2021-06-16,32.514880952380956,恐惧,8,1.5873015873015872,9.126984126984127,67.85714285714286,76.98412698412699,9.126984126984127,13.293650793650794,29.365079365079367,52.77777777777778
2021-06-17,46.82539682539683,中性,8,2.7777777777777777,18.650793650793652,68.65079365079364,72.61904761904762,23.809523809523807,92.46031746031747,53.96825396825397,41.66666666666667
2021-06-18,53.05059523809524,中性,8,1.984126984126984,25.0,73.4126984126984,88.09523809523809,40.07936507936508,77.18253968253968,50.0,68.65079365079364
2021-06-21,51.06646825396825,中性,8,0.7936507936507936,28.57142857142857,78.96825396825398,16.26984126984127,91.66666666666666,87.5,39.285714285714285,65.47619047619048
2021-06-22,49.87599206349206,中性,8,3.968253968253968,32.73809523809524,78.96825396825398,15.873015873015872,90.07936507936508,87.3015873015873,21.03174603174603,69.04761904761905
2021-06-23,49.57837301587301,中性,8,4.761904761904762,39.285714285714285,79.36507936507937,28.968253968253972,93.65079365079364,73.61111111111111,3.1746031746031744,73.80952380952381
2021-06-24,42.23710317460318,中性,8,5.158730158730158,38.492063492063494,79.76190476190476,15.476190476190476,87.3015873015873,27.976190476190478,15.079365079365079,68.65079365079364
2021-06-25,54.71230158730159,中性,8,10.714285714285714,59.12698412698413,76.19047619047619,26.190476190476193,92.46031746031747,55.158730158730165,46.42857142857143,71.42857142857143
2021-06-28,49.975198412698404,中性,8,10.714285714285714,57.14285714285714,90.87301587301587,18.650793650793652,96.42857142857143,35.11904761904761,26.984126984126984,63.888888888888886
2021-06-29,48.635912698412696,中性,8,5.555555555555555,46.82539682539682,92.46031746031746,13.095238095238097,88.09523809523809,75.1984126984127,9.523809523809524,58.333333333333336
2021-06-30,52.87698412698412,中性,8,7.5396825396825395,52.38095238095239,91.26984126984127,5.158730158730158,96.42857142857143,81.34920634920636,44.047619047619044,44.84126984126984
2021-07-01,54.28004535147392,中性,7,7.5396825396825395,45.63492063492063,91.66666666666667,16.26984126984127,94.04761904761905,61.30952380952381,,63.49206349206349
2021-07-02,40.25297619047619,中性,8,0.3968253968253968,16.26984126984127,67.06349206349206,9.920634920634921,86.11111111111111,66.86507936507937,14.682539682539684,60.71428571428571
2021-07-05,47.867063492063494,中性,8,0.7936507936507936,28.57142857142857,71.03174603174602,11.11111111111111,86.90476190476191,48.41269841269841,75.39682539682539,60.71428571428571
2021-07-06,49.18154761904762,中性,8,0.3968253968253968,24.801587301587304,72.22222222222223,34.523809523809526,87.6984126984127,62.301587301587304,33.730158730158735,77.77777777777779
2021-07-07,62.54960317460318,贪婪,8,1.5873015873015872,38.492063492063494,97.61904761904762,22.22222222222222,93.25396825396825,94.04761904761905,88.88888888888889,64.28571428571429
2021-07-08,57.71329365079365,中性,8,0.3968253968253968,33.730158730158735,96.03174603174604,48.01587301587302,94.04761904761905,64.48412698412699,40.476190476190474,84.52380952380952
2021-07-09,55.43154761904762,中性,8,0.3968253968253968,36.11111111111111,96.42857142857143,35.714285714285715,91.26984126984127,68.05555555555556,34.523809523809526,80.95238095238095
2021-07-12,63.04563492063492,贪婪,8,2.380952380952381,46.42857142857143,90.07936507936508,69.84126984126983,96.42857142857143,91.66666666666666,19.841269841269842,87.6984126984127
2021-07-13,66.49305555555557,贪婪,8,2.7777777777777777,52.38095238095239,90.07936507936508,51.587301587301596,95.63492063492063,77.57936507936508,77.77777777777779,84.12698412698413
2021-07-14,51.264880952380956,中性,8,0.7936507936507936,43.25396825396825,87.3015873015873,51.587301587301596,90.87301587301587,33.92857142857143,17.857142857142858,84.52380952380952
2021-07-15,59.12698412698413,中性,8,3.571428571428571,51.19047619047619,85.31746031746032,45.63492063492063,90.87301587301587,17.063492063492063,96.42857142857143,82.93650793650794
2021-07-16,56.349206349206355,中性,8,1.1904761904761905,36.11111111111111,82.93650793650794,46.42857142857143,95.63492063492063,87.3015873015873,17.46031746031746,83.73015873015873
2021-07-19,55.85317460317461,中性,8,3.1746031746031744,38.095238095238095,82.93650793650794,33.730158730158735,90.07936507936508,42.857142857142854,76.98412698412699,78.96825396825396
2021-07-20,47.420634920634924,中性,8,2.380952380952381,40.07936507936508,82.73809523809524,4.365079365079365,84.52380952380952,36.7063492063492,75.39682539682539,53.17460317460318
2021-07-21,66.93948412698413,贪婪,8,3.968253968253968,51.98412698412699,82.93650793650794,53.17460317460318,98.80952380952381,82.34126984126983,77.38095238095238,84.92063492063492
2021-07-22,61.55753968253969,贪婪,8,4.761904761904762,50.198412698412696,82.53968253968254,66.66666666666666,97.61904761904762,62.5,38.492063492063494,89.68253968253968
2021-07-23,55.257936507936506,中性,8,0.7936507936507936,37.301587301587304,79.76190476190476,80.95238095238095,96.03174603174604,41.66666666666667,10.714285714285714,94.84126984126983
2021-07-26,45.18849206349206,中性,8,0.3968253968253968,21.03174603174603,53.57142857142857,86.5079365079365,90.87301587301587,12.698412698412698,0.3968253968253968,96.03174603174604
2021-07-27,49.30555555555556,中性,8,0.3968253968253968,9.920634920634921,35.317460317460316,94.84126984126983,90.87301587301587,11.507936507936508,52.77777777777778,98.80952380952381
2021-07-28,46.20535714285714,中性,8,0.7936507936507936,3.7698412698412698,38.49206349206349,67.46031746031747,73.01587301587301,0.7936507936507936,93.65079365079364,91.66666666666666
2021-07-29,57.2172619047619,中性,8,1.1904761904761905,19.246031746031747,33.33333333333334,62.301587301587304,85.71428571428571,95.23809523809523,73.4126984126984,87.3015873015873
2021-07-30,55.332341269841265,中性,8,1.1904761904761905,21.626984126984127,32.93650793650794,76.5873015873016,86.11111111111111,38.88888888888889,93.25396825396825,92.06349206349206
2021-08-02,59.995039682539684,中性,8,2.380952380952381,34.32539682539682,26.19047619047619,94.84126984126983,96.82539682539682,80.15873015873017,48.01587301587302,97.22222222222221
2021-08-03,50.173611111111114,中性,8,2.380952380952381,29.365079365079367,26.587301587301596,85.71428571428571,87.3015873015873,13.293650793650794,61.50793650793651,95.23809523809523
2021-08-04,59.82142857142857,中性,8,3.1746031746031744,48.01587301587302,25.396825396825392,66.26984126984127,94.84126984126983,96.42857142857143,56.74603174603175,87.6984126984127
2021-08-05,55.85317460317461,中性,8,3.1746031746031744,42.46031746031746,25.0,66.26984126984127,93.25396825396825,78.96825396825396,48.41269841269841,89.28571428571429
2021-08-06,56.101190476190474,中性,8,1.984126984126984,38.095238095238095,27.777777777777786,54.36507936507936,94.84126984126983,98.80952380952381,48.01587301587302,84.92063492063492
2021-08-09,59.176587301587304,中性,8,4.365079365079365,55.158730158730165,26.19047619047619,58.730158730158735,92.85714285714286,82.53968253968253,67.06349206349206,86.5079365079365
2021-08-10,60.61507936507937,贪婪,8,4.761904761904762,75.39682539682539,25.0,75.79365079365078,85.31746031746032,87.3015873015873,41.66666666666667,89.68253968253968
2021-08-11,63.8640873015873,贪婪,8,4.761904761904762,71.82539682539682,25.793650793650784,63.49206349206349,88.88888888888889,78.37301587301587,87.6984126984127,90.07936507936508
2021-08-12,53.14980158730159,中性,8,3.968253968253968,63.095238095238095,24.206349206349216,67.85714285714286,90.47619047619048,80.35714285714286,4.365079365079365,90.87301587301587
2021-08-13,61.63194444444444,贪婪,8,3.571428571428571,55.55555555555556,32.93650793650794,65.87301587301587,87.3015873015873,92.65873015873017,66.26984126984127,88.88888888888889
2021-08-16,52.57936507936508,中性,8,2.7777777777777777,53.96825396825397,32.93650793650794,59.523809523809526,82.93650793650794,43.25396825396825,57.936507936507944,87.3015873015873
2021-08-17,47.792658730158735,中性,8,1.5873015873015872,26.38888888888889,27.777777777777786,72.61904761904762,79.36507936507937,40.07936507936508,38.88888888888889,95.63492063492063
2021-08-18,50.12400793650794,中性,8,2.380952380952381,38.095238095238095,26.984126984126988,51.19047619047619,84.52380952380952,60.51587301587301,51.19047619047619,86.11111111111111
2021-08-19,41.220238095238095,中性,8,1.984126984126984,37.301587301587304,29.365079365079367,55.55555555555556,82.53968253968253,33.33333333333333,1.984126984126984,87.6984126984127
2021-08-20,40.50099206349206,中性,8,0.7936507936507936,29.761904761904763,24.603174603174608,61.904761904761905,79.36507936507937,23.61111111111111,14.285714285714285,89.68253968253968
2021-08-23,64.98015873015873,贪婪,8,1.984126984126984,51.19047619047619,22.222222222222214,77.38095238095238,91.26984126984127,85.31746031746032,96.82539682539682,93.65079365079364
2021-08-24,68.40277777777777,贪婪,8,3.571428571428571,59.12698412698413,19.841269841269835,88.4920634920635,92.85714285714286,95.63492063492063,90.07936507936508,97.61904761904762
2021-08-25,54.960317460317455,中性,8,4.365079365079365,58.333333333333336,20.238095238095227,75.39682539682539,86.5079365079365,80.55555555555556,19.444444444444446,94.84126984126983
2021-08-26,53.89384920634921,中性,8,1.5873015873015872,34.12698412698413,19.04761904761905,82.93650793650794,88.4920634920635,76.78571428571429,29.365079365079367,98.80952380952381
2021-08-27,54.36507936507936,中性,8,1.984126984126984,38.095238095238095,19.444444444444443,77.77777777777779,84.12698412698413,47.61904761904761,69.04761904761905,96.82539682539682
2021-08-30,53.07539682539682,中性,8,1.984126984126984,37.698412698412696,19.444444444444443,97.22222222222221,93.25396825396825,49.60317460317461,25.793650793650798,99.60317460317461
2021-08-31,54.29067460317461,中性,8,1.984126984126984,38.2936507936508,19.444444444444443,93.65079365079364,87.6984126984127,23.015873015873016,71.03174603174604,99.20634920634922
2021-09-01,53.91865079365079,中性,8,5.158730158730158,45.63492063492063,17.46031746031747,100.0,92.46031746031747,11.507936507936508,59.12698412698413,100.0
2021-09-02,66.24503968253968,贪婪,8,5.158730158730158,49.2063492063492,17.46031746031747,88.09523809523809,89.28571428571429,99.0079365079365,83.33333333333334,98.4126984126984
2021-09-03,62.25198412698413,贪婪,8,3.968253968253968,46.82539682539682,18.253968253968253,96.82539682539682,87.6984126984127,59.12698412698413,85.71428571428571,99.60317460317461
2021-09-06,56.845238095238095,中性,8,7.5396825396825395,68.65079365079364,29.761904761904773,87.3015873015873,92.06349206349206,32.53968253968254,40.07936507936508,96.82539682539682
2021-09-07,73.53670634920636,贪婪,8,11.11111111111111,79.56349206349206,44.44444444444444,84.92063492063492,96.82539682539682,98.80952380952381,76.19047619047619,96.42857142857143
2021-09-08,71.20535714285714,贪婪,8,10.714285714285714,75.0,44.047619047619044,90.47619047619048,98.80952380952381,98.61111111111111,53.57142857142857,98.4126984126984
2021-09-09,72.12301587301587,贪婪,8,10.714285714285714,72.61904761904762,53.96825396825397,86.90476190476191,95.63492063492063,95.23809523809523,64.28571428571429,97.61904761904762
2021-09-10,76.93452380952381,贪婪,8,13.095238095238097,85.71428571428571,54.36507936507937,94.84126984126983,99.20634920634922,93.65079365079364,75.39682539682539,99.20634920634922
2021-09-13,61.38392857142857,贪婪,8,11.904761904761903,70.23809523809523,69.44444444444444,88.88888888888889,96.03174603174604,52.182539682539684,5.952380952380952,96.42857142857143
2021-09-14,61.45833333333333,贪婪,8,7.5396825396825395,61.904761904761905,61.11111111111111,94.04761904761905,79.36507936507937,76.5873015873016,13.88888888888889,97.22222222222221
2021-09-15,61.80555555555556,贪婪,8,4.761904761904762,49.2063492063492,59.523809523809526,76.5873015873016,79.36507936507937,93.65079365079364,40.476190476190474,90.87301587301587
2021-09-16,58.53174603174603,中性,8,1.5873015873015872,24.6031746031746,58.33333333333333,91.66666666666666,74.20634920634922,32.93650793650794,88.09523809523809,96.82539682539682
2021-09-17,54.87528344671201,中性,7,5.158730158730158,30.952380952380953,55.952380952380956,76.98412698412699,72.61904761904762,50.79365079365079,,91.66666666666666
2021-09-22,54.506802721088434,中性,7,2.7777777777777777,26.58730158730159,59.12698412698413,40.87301587301587,79.36507936507937,93.84920634920636,,78.96825396825396
2021-09-23,58.829365079365076,中性,8,5.555555555555555,36.11111111111111,62.301587301587304,73.4126984126984,75.39682539682539,45.23809523809524,80.95238095238095,91.66666666666666
2021-09-24,45.83333333333333,中性,8,4.761904761904762,19.047619047619047,63.095238095238095,66.66666666666666,69.04761904761905,2.380952380952381,53.57142857142857,88.09523809523809
2021-09-27,43.601190476190474,中性,8,7.5396825396825395,13.492063492063492,63.095238095238095,80.95238095238095,68.25396825396825,0.3968253968253968,21.825396825396826,93.25396825396825
2021-09-28,40.054563492063494,中性,8,9.126984126984127,16.26984126984127,63.492063492063494,23.809523809523807,62.301587301587304,25.595238095238095,54.761904761904766,65.07936507936508
2021-09-29,34.22619047619048,恐惧,8,3.571428571428571,8.73015873015873,59.523809523809526,29.761904761904763,61.50793650793651,0.3968253968253968,37.698412698412696,72.61904761904762
2021-09-30,39.48412698412698,恐惧,8,7.142857142857142,13.88888888888889,74.2063492063492,4.761904761904762,57.53968253968254,98.4126984126984,15.079365079365079,44.84126984126984
2021-10-08,43.22916666666667,中性,8,11.904761904761903,29.96031746031746,73.01587301587301,25.396825396825395,71.42857142857143,48.80952380952381,19.841269841269842,65.47619047619048
2021-10-11,33.68055555555556,恐惧,8,12.3015873015873,31.746031746031743,74.60317460317461,10.317460317460316,67.06349206349206,6.746031746031746,12.3015873015873,54.36507936507936
2021-10-12,32.986111111111114,恐惧,8,8.73015873015873,14.682539682539684,85.71428571428572,9.920634920634921,61.904761904761905,19.047619047619047,6.746031746031746,57.14285714285714
2021-10-13,32.142857142857146,恐惧,7,13.095238095238097,25.793650793650798,86.5079365079365,1.984126984126984,67.06349206349206,1.5873015873015872,,28.968253968253972
2021-10-14,39.739229024943306,恐惧,7,11.11111111111111,25.396825396825395,88.4920634920635,1.984126984126984,68.65079365079364,59.92063492063492,,22.61904761904762
2021-10-15,37.45039682539682,恐惧,8,12.698412698412698,34.12698412698413,87.3015873015873,5.555555555555555,62.301587301587304,19.841269841269842,33.730158730158735,44.047619047619044
2021-10-18,34.54861111111111,恐惧,8,7.5396825396825395,21.03174603174603,95.63492063492063,11.904761904761903,68.25396825396825,22.023809523809522,2.380952380952381,47.61904761904761
2021-10-19,48.958333333333336,中性,8,12.698412698412698,48.41269841269841,94.04761904761905,4.365079365079365,66.66666666666666,69.04761904761905,53.96825396825397,42.46031746031746
2021-10-20,44.345238095238095,中性,8,11.11111111111111,46.82539682539682,94.04761904761905,16.26984126984127,70.23809523809523,30.158730158730158,36.507936507936506,49.60317460317461
2021-10-21,58.0109126984127,中性,8,13.492063492063492,50.0,93.25396825396825,5.952380952380952,67.46031746031747,90.27777777777779,95.63492063492063,48.01587301587302
2021-10-22,54.09226190476191,中性,8,16.666666666666664,52.38095238095239,97.61904761904762,15.476190476190476,61.904761904761905,43.84920634920635,93.25396825396825,51.587301587301596
2021-10-25,53.49702380952381,中性,8,19.047619047619047,63.095238095238095,96.82539682539682,14.682539682539684,70.63492063492063,89.0873015873016,31.746031746031743,42.857142857142854
2021-10-26,58.92857142857143,中性,8,17.063492063492063,60.51587301587301,97.61904761904762,28.174603174603174,69.04761904761905,66.46825396825396,75.79365079365078,56.74603174603175
2021-10-27,44.19642857142858,中性,8,11.11111111111111,27.579365079365083,99.60317460317461,27.380952380952383,67.46031746031747,5.357142857142857,55.158730158730165,59.92063492063492
2021-10-28,44.44444444444445,中性,8,4.761904761904762,12.3015873015873,99.60317460317461,31.746031746031743,58.333333333333336,3.968253968253968,76.98412698412699,67.85714285714286
2021-10-29,57.53968253968253,中性,8,11.904761904761903,39.682539682539684,99.2063492063492,37.301587301587304,60.71428571428571,54.36507936507936,86.90476190476191,70.23809523809523
2021-11-01,62.07837301587301,贪婪,8,8.73015873015873,42.857142857142854,98.80952380952381,53.96825396825397,62.698412698412696,77.57936507936508,75.79365079365078,76.19047619047619
2021-11-02,50.570436507936506,中性,8,2.7777777777777777,24.6031746031746,98.80952380952381,60.71428571428571,59.92063492063492,29.96031746031746,44.047619047619044,83.73015873015873
2021-11-03,41.76587301587301,中性,8,1.5873015873015872,24.00793650793651,98.80952380952381,9.523809523809524,52.38095238095239,60.11904761904761,42.06349206349206,45.63492063492063
2021-11-04,52.45535714285714,中性,8,6.746031746031746,47.22222222222222,99.2063492063492,26.58730158730159,65.87301587301587,93.45238095238095,23.015873015873016,57.53968253968254
2021-11-05,45.75892857142858,中性,8,3.968253968253968,34.72222222222222,99.60317460317461,38.095238095238095,57.53968253968254,14.285714285714285,45.23809523809524,72.61904761904762
2021-11-08,47.29662698412699,中性,8,4.761904761904762,39.285714285714285,99.60317460317461,21.03174603174603,57.936507936507944,74.0079365079365,35.714285714285715,46.03174603174603
2021-11-09,50.32242063492063,中性,8,4.761904761904762,43.84920634920635,99.60317460317461,13.88888888888889,63.49206349206349,81.74603174603175,53.57142857142857,41.66666666666667
2021-11-10,48.908730158730165,中性,8,1.5873015873015872,38.2936507936508,99.60317460317461,27.380952380952383,64.68253968253968,95.03968253968253,4.365079365079365,60.317460317460316
2021-11-11,66.79067460317461,贪婪,8,12.698412698412698,65.87301587301587,98.41269841269842,35.714285714285715,63.888888888888886,95.83333333333334,93.25396825396825,68.65079365079364
2021-11-12,59.87103174603174,中性,8,11.11111111111111,63.49206349206349,98.01587301587301,29.761904761904763,63.095238095238095,95.23809523809523,55.55555555555556,62.698412698412696
2021-11-15,59.226190476190474,中性,8,10.317460317460316,63.29365079365079,98.41269841269842,39.682539682539684,58.333333333333336,37.5,96.03174603174604,70.23809523809523
2021-11-16,54.166666666666664,中性,8,10.714285714285714,60.71428571428571,98.41269841269842,32.93650793650794,50.0,67.85714285714286,50.0,62.698412698412696
2021-11-17,51.19047619047619,中性,8,11.904761904761903,65.27777777777779,98.80952380952381,18.650793650793652,57.14285714285714,91.46825396825396,20.238095238095237,46.03174603174603
2021-11-18,48.784722222222214,中性,8,3.571428571428571,50.595238095238095,98.01587301587301,35.317460317460316,56.74603174603175,78.96825396825396,2.7777777777777777,64.28571428571429
2021-11-19,56.99404761904762,中性,8,13.095238095238097,76.19047619047619,98.41269841269842,34.12698412698413,59.92063492063492,94.44444444444444,17.857142857142858,61.904761904761905
2021-11-22,69.79166666666666,贪婪,8,17.857142857142858,83.73015873015873,98.01587301587301,59.523809523809526,72.22222222222221,98.80952380952381,53.57142857142857,74.60317460317461
2021-11-23,71.72619047619048,贪婪,8,18.650793650793652,90.07936507936508,99.60317460317461,54.36507936507936,67.46031746031747,96.42857142857143,72.61904761904762,74.60317460317461
2021-11-24,69.07242063492063,贪婪,8,19.047619047619047,88.09523809523809,99.60317460317461,50.39682539682539,68.65079365079364,74.8015873015873,78.96825396825396,73.01587301587301
2021-11-25,50.3968253968254,中性,8,14.285714285714285,78.17460317460318,99.60317460317461,30.952380952380953,63.095238095238095,44.84126984126984,12.3015873015873,59.92063492063492
2021-11-26,50.545634920634924,中性,8,7.5396825396825395,59.12698412698413,98.80952380952381,30.555555555555557,57.53968253968254,88.09523809523809,7.936507936507936,54.761904761904766
2021-11-29,61.97916666666667,贪婪,8,6.349206349206349,57.53968253968254,99.60317460317461,46.82539682539682,54.761904761904766,94.24603174603175,67.06349206349206,69.44444444444444
2021-11-30,55.80357142857143,中性,8,2.7777777777777777,56.74603174603175,99.60317460317461,53.96825396825397,54.761904761904766,90.87301587301587,14.285714285714285,73.4126984126984
2021-12-01,56.72123015873016,中性,8,5.952380952380952,62.5,99.2063492063492,40.87301587301587,48.01587301587302,64.68253968253968,65.47619047619048,67.06349206349206
2021-12-02,57.0436507936508,中性,8,7.936507936507936,60.317460317460316,99.60317460317461,41.269841269841265,46.82539682539682,67.85714285714286,62.698412698412696,69.84126984126983
2021-12-03,63.764880952380956,贪婪,8,19.444444444444446,75.39682539682539,98.41269841269842,37.698412698412696,53.57142857142857,64.88095238095238,94.44444444444444,66.26984126984127
2021-12-06,60.91269841269842,贪婪,8,16.26984126984127,56.34920634920635,98.41269841269842,52.38095238095239,59.92063492063492,69.84126984126983,59.12698412698413,75.0
2021-12-07,59.151785714285715,中性,8,23.41269841269841,52.38095238095239,97.61904761904762,51.98412698412699,48.80952380952381,30.753968253968257,95.23809523809523,73.01587301587301
2021-12-08,68.70039682539682,贪婪,8,32.142857142857146,78.76984126984127,96.82539682539682,32.93650793650794,59.523809523809526,94.64285714285714,100.0,54.761904761904766
2021-12-09,77.25694444444444,贪婪,8,36.11111111111111,91.26984126984127,95.23809523809524,65.87301587301587,62.301587301587304,90.27777777777779,97.61904761904762,79.36507936507937
2021-12-10,71.75099206349208,贪婪,8,36.11111111111111,92.85714285714286,95.23809523809524,57.936507936507944,41.269841269841265,95.83333333333334,79.76190476190477,75.0
2021-12-13,74.28075396825398,贪婪,8,37.301587301587304,93.65079365079364,95.23809523809524,68.25396825396825,60.71428571428571,98.61111111111111,60.317460317460316,80.15873015873017
2021-12-14,66.31944444444446,贪婪,8,35.714285714285715,86.5079365079365,96.42857142857143,39.682539682539684,51.587301587301596,96.03174603174604,59.12698412698413,65.47619047619048
2021-12-15,63.14484126984127,贪婪,8,33.33333333333333,71.82539682539682,94.44444444444444,36.904761904761905,53.96825396825397,92.85714285714286,54.36507936507936,67.46031746031747
2021-12-16,69.24603174603175,贪婪,8,35.714285714285715,83.13492063492063,95.63492063492063,34.92063492063492,55.952380952380956,95.43650793650794,93.25396825396825,59.92063492063492
2021-12-17,51.041666666666664,中性,8,27.77777777777778,47.22222222222222,90.87301587301587,44.84126984126984,40.87301587301587,82.53968253968253,2.380952380952381,71.82539682539682
2021-12-20,44.59325396825397,中性,8,13.095238095238097,18.650793650793652,87.3015873015873,44.44444444444444,37.301587301587304,51.19047619047619,32.93650793650794,71.82539682539682
2021-12-21,38.34325396825397,恐惧,8,22.61904761904762,35.317460317460316,86.11111111111111,13.88888888888889,38.492063492063494,47.22222222222222,12.3015873015873,50.79365079365079
2021-12-22,47.420634920634924,中性,8,23.015873015873016,42.857142857142854,86.5079365079365,25.793650793650798,39.682539682539684,72.61904761904762,22.61904761904762,66.26984126984127
2021-12-23,48.31349206349207,中性,8,28.174603174603174,59.12698412698413,89.28571428571429,25.793650793650798,49.60317460317461,17.46031746031746,58.730158730158735,58.333333333333336
2021-12-24,52.3313492063492,中性,8,24.6031746031746,40.476190476190474,88.88888888888889,37.301587301587304,57.53968253968254,14.682539682539684,85.31746031746032,69.84126984126983
2021-12-27,41.49659863945578,中性,7,24.6031746031746,36.904761904761905,88.88888888888889,7.936507936507936,54.761904761904766,46.03174603174603,,31.349206349206348
2021-12-28,41.76587301587301,中性,8,30.555555555555557,51.587301587301596,86.9047619047619,15.476190476190476,40.07936507936508,35.317460317460316,44.44444444444444,29.761904761904763
2021-12-29,39.90575396825397,恐惧,8,15.079365079365079,12.103174603174603,82.14285714285714,11.507936507936508,36.11111111111111,52.38095238095239,79.76190476190477,30.158730158730158
2021-12-30,50.7936507936508,中性,8,26.190476190476193,31.547619047619047,83.73015873015873,17.857142857142858,45.63492063492063,77.57936507936508,82.14285714285714,41.66666666666667
2021-12-31,51.5625,中性,8,29.365079365079367,55.35714285714286,85.71428571428572,23.41269841269841,40.476190476190474,63.888888888888886,68.65079365079364,45.63492063492063
2022-01-04,51.51289682539682,中性,8,25.396825396825395,50.0,85.31746031746032,63.095238095238095,54.761904761904766,42.65873015873016,9.523809523809524,81.34920634920636
2022-01-05,50.54563492063492,中性,8,11.11111111111111,19.444444444444446,82.53968253968254,71.42857142857143,37.698412698412696,23.809523809523807,72.61904761904762,85.71428571428571
2022-01-06,40.25297619047619,中性,8,1.984126984126984,15.079365079365079,79.76190476190476,37.698412698412696,33.730158730158735,81.94444444444444,3.1746031746031744,68.65079365079364
2022-01-07,44.17162698412699,中性,8,2.7777777777777777,20.03968253968254,79.76190476190476,48.80952380952381,32.142857142857146,36.11111111111111,55.55555555555556,78.17460317460318
2022-01-10,31.423611111111107,恐惧,8,7.936507936507936,29.761904761904763,80.15873015873015,20.238095238095237,36.11111111111111,29.166666666666668,1.1904761904761905,46.82539682539682
2022-01-11,33.85416666666667,恐惧,8,1.1904761904761905,17.857142857142858,78.57142857142857,21.03174603174603,34.92063492063492,61.30952380952381,5.555555555555555,50.39682539682539
2022-01-12,49.057539682539684,中性,8,9.523809523809524,31.349206349206348,77.77777777777777,22.61904761904762,38.88888888888889,98.4126984126984,70.63492063492063,43.25396825396825
2022-01-13,37.05357142857143,恐惧,8,0.3968253968253968,13.492063492063492,71.42857142857143,28.174603174603174,37.301587301587304,69.84126984126983,17.063492063492063,58.730158730158735
2022-01-14,42.53472222222222,中性,8,0.3968253968253968,5.158730158730158,71.03174603174602,31.349206349206348,35.714285714285715,73.61111111111111,56.34920634920635,66.66666666666666
2022-01-17,40.72420634920635,中性,8,1.1904761904761905,13.492063492063492,71.03174603174602,33.730158730158735,46.42857142857143,70.63492063492063,32.142857142857146,57.14285714285714
2022-01-18,45.68452380952381,中性,8,5.158730158730158,24.206349206349206,68.25396825396825,48.41269841269841,34.92063492063492,19.047619047619047,93.65079365079364,71.82539682539682
2022-01-19,37.698412698412696,恐惧,8,1.984126984126984,17.857142857142858,68.25396825396825,23.809523809523807,28.968253968253972,34.92063492063492,81.74603174603175,44.047619047619044
2022-01-20,46.676587301587304,中性,8,9.523809523809524,24.206349206349206,72.61904761904762,38.095238095238095,27.77777777777778,35.714285714285715,98.80952380952381,66.66666666666666
2022-01-21,32.73809523809524,恐惧,8,3.1746031746031744,12.3015873015873,78.17460317460318,6.746031746031746,24.6031746031746,7.142857142857142,96.42857142857143,33.33333333333333
2022-01-24,25.0,恐惧,8,3.968253968253968,11.11111111111111,77.77777777777777,0.7936507936507936,26.984126984126984,5.555555555555555,63.888888888888886,9.920634920634921
2022-01-25,18.45238095238095,极度恐惧,8,0.3968253968253968,0.7936507936507936,68.65079365079364,2.7777777777777777,26.58730158730159,1.984126984126984,20.238095238095237,26.190476190476193
2022-01-26,17.311507936507937,极度恐惧,8,1.1904761904761905,2.380952380952381,66.26984126984127,0.3968253968253968,7.936507936507936,9.126984126984127,46.03174603174603,5.158730158730158
2022-01-27,11.160714285714285,极度恐惧,8,0.3968253968253968,0.7936507936507936,60.714285714285715,0.7936507936507936,12.3015873015873,1.1904761904761905,1.984126984126984,11.11111111111111
2022-01-28,11.235119047619047,极度恐惧,8,0.3968253968253968,0.7936507936507936,59.92063492063492,1.1904761904761905,1.5873015873015872,13.690476190476192,0.7936507936507936,11.507936507936508
2022-02-07,22.817460317460316,恐惧,8,1.1904761904761905,6.349206349206349,53.17460317460318,0.7936507936507936,29.761904761904763,23.015873015873016,55.952380952380956,12.3015873015873
2022-02-08,28.769841269841272,恐惧,8,0.7936507936507936,14.285714285714285,60.317460317460316,2.7777777777777777,30.952380952380953,61.111111111111114,40.87301587301587,19.047619047619047
2022-02-09,35.267857142857146,恐惧,8,1.984126984126984,22.817460317460316,56.74603174603175,3.968253968253968,38.492063492063494,98.21428571428571,34.523809523809526,25.396825396825395
2022-02-10,41.31944444444444,中性,8,1.984126984126984,31.349206349206348,57.142857142857146,4.365079365079365,29.761904761904763,85.31746031746032,95.23809523809523,25.396825396825395
2022-02-11,25.917658730158728,恐惧,8,1.5873015873015872,24.6031746031746,59.12698412698413,8.73015873015873,26.58730158730159,35.11904761904761,11.11111111111111,40.476190476190474
2022-02-14,23.561507936507937,恐惧,8,0.7936507936507936,12.698412698412698,55.55555555555556,2.380952380952381,37.698412698412696,52.38095238095239,11.11111111111111,15.873015873015872
2022-02-15,24.801587301587304,恐惧,8,2.380952380952381,11.507936507936508,50.0,0.7936507936507936,28.57142857142857,43.65079365079365,54.36507936507936,7.142857142857142
2022-02-16,28.273809523809526,恐惧,8,3.1746031746031744,25.0,50.0,0.3968253968253968,33.730158730158735,98.01587301587301,11.11111111111111,4.761904761904762
2022-02-17,34.7718253968254,恐惧,8,3.968253968253968,25.793650793650798,57.142857142857146,4.761904761904762,40.87301587301587,59.12698412698413,67.46031746031747,19.047619047619047
2022-02-18,40.327380952380956,中性,8,5.158730158730158,46.03174603174603,61.11111111111111,1.1904761904761905,35.714285714285715,90.47619047619048,76.5873015873016,6.349206349206349
2022-02-21,40.50099206349206,中性,8,5.158730158730158,58.730158730158735,61.904761904761905,5.158730158730158,54.761904761904766,97.81746031746032,20.634920634920633,19.841269841269842
2022-02-22,32.56448412698413,恐惧,8,1.1904761904761905,21.428571428571427,53.96825396825397,9.523809523809524,51.98412698412699,83.13492063492063,9.126984126984127,30.158730158730158
2022-02-23,45.18849206349206,中性,8,5.158730158730158,65.07936507936508,49.20634920634921,25.396825396825395,62.301587301587304,75.39682539682539,37.301587301587304,41.66666666666667
2022-02-24,38.913690476190474,恐惧,8,1.1904761904761905,16.865079365079367,39.28571428571429,84.92063492063492,50.0,23.41269841269841,2.380952380952381,93.25396825396825
2022-02-25,37.54960317460317,恐惧,8,3.1746031746031744,50.0,36.904761904761905,24.206349206349206,43.25396825396825,60.317460317460316,38.095238095238095,44.44444444444444
2022-02-28,31.250000000000004,恐惧,8,3.968253968253968,59.12698412698413,36.904761904761905,8.333333333333332,41.66666666666667,30.555555555555557,43.25396825396825,26.190476190476193
2022-03-01,42.410714285714285,中性,8,7.5396825396825395,76.19047619047619,36.111111111111114,9.920634920634921,49.2063492063492,51.587301587301596,85.31746031746032,23.41269841269841
2022-03-02,38.54166666666667,恐惧,8,4.761904761904762,59.92063492063492,37.301587301587304,4.761904761904762,46.82539682539682,97.61904761904762,38.88888888888889,18.253968253968253
2022-03-03,49.801587301587304,中性,8,2.7777777777777777,45.03968253968254,45.63492063492064,19.047619047619047,47.22222222222222,93.84920634920636,98.01587301587301,46.82539682539682
2022-03-04,32.68849206349206,恐惧,8,0.7936507936507936,17.46031746031746,43.25396825396825,19.047619047619047,35.317460317460316,27.380952380952383,96.82539682539682,21.428571428571427
2022-03-07,24.900793650793656,恐惧,8,0.3968253968253968,6.349206349206349,29.761904761904773,25.793650793650798,42.46031746031746,36.507936507936506,5.555555555555555,52.38095238095239
2022-03-08,26.686507936507937,恐惧,8,0.3968253968253968,2.380952380952381,28.96825396825396,45.63492063492063,42.857142857142854,6.746031746031746,13.88888888888889,72.61904761904762
2022-03-09,31.20039682539683,恐惧,8,0.3968253968253968,2.380952380952381,28.174603174603178,56.74603174603175,29.761904761904763,40.07936507936508,8.333333333333332,83.73015873015873
2022-03-10,33.13492063492064,恐惧,8,1.1904761904761905,4.761904761904762,27.38095238095238,38.88888888888889,30.555555555555557,83.73015873015873,14.285714285714285,64.28571428571429
2022-03-11,28.745039682539684,恐惧,8,1.5873015873015872,3.571428571428571,26.984126984126988,32.53968253968254,35.714285714285715,51.388888888888886,19.841269841269842,58.333333333333336
2022-03-14,18.601190476190474,极度恐惧,8,0.3968253968253968,1.984126984126984,23.412698412698404,11.11111111111111,36.11111111111111,26.984126984126984,9.126984126984127,39.682539682539684
2022-03-15,23.338293650793652,恐惧,8,0.3968253968253968,0.992063492063492,12.301587301587304,52.38095238095239,26.190476190476193,2.7777777777777777,7.936507936507936,83.73015873015873
2022-03-16,41.989087301587304,中性,8,0.7936507936507936,1.984126984126984,6.746031746031747,65.87301587301587,35.714285714285715,75.1984126984127,64.28571428571429,85.31746031746032
2022-03-17,48.38789682539683,中性,8,1.984126984126984,4.365079365079365,5.158730158730165,78.17460317460318,40.07936507936508,97.42063492063492,73.80952380952381,86.11111111111111
2022-03-18,32.663690476190474,恐惧,8,2.7777777777777777,7.5396825396825395,5.555555555555557,21.03174603174603,30.555555555555557,68.45238095238095,73.01587301587301,52.38095238095239
2022-03-21,30.555555555555554,恐惧,8,2.7777777777777777,8.73015873015873,8.333333333333343,25.0,46.82539682539682,97.22222222222221,26.58730158730159,28.968253968253972
2022-03-22,28.100198412698415,恐惧,8,2.7777777777777777,9.126984126984127,8.333333333333343,10.317460317460316,33.33333333333333,54.563492063492056,83.73015873015873,22.61904761904762
2022-03-23,25.09920634920635,恐惧,8,4.365079365079365,13.492063492063492,8.333333333333343,9.523809523809524,38.88888888888889,61.50793650793651,43.65079365079365,21.03174603174603
2022-03-24,29.166666666666668,恐惧,8,3.571428571428571,11.904761904761903,7.936507936507937,6.349206349206349,38.492063492063494,74.60317460317461,71.82539682539682,18.650793650793652
2022-03-25,18.253968253968257,极度恐惧,8,1.5873015873015872,9.920634920634921,5.555555555555557,7.142857142857142,30.952380952380953,59.92063492063492,11.507936507936508,19.444444444444446
2022-03-28,19.642857142857142,极度恐惧,8,1.5873015873015872,12.3015873015873,5.952380952380949,4.761904761904762,20.634920634920633,26.190476190476193,71.42857142857143,14.285714285714285
2022-03-29,15.228174603174605,极度恐惧,8,1.1904761904761905,15.873015873015872,8.333333333333343,3.968253968253968,25.0,22.61904761904762,31.746031746031743,13.095238095238097
2022-03-30,42.50992063492063,中性,8,5.952380952380952,57.14285714285714,0.7936507936507837,13.095238095238097,48.80952380952381,94.44444444444444,97.22222222222221,22.61904761904762
2022-03-31,35.86309523809524,恐惧,8,3.968253968253968,45.23809523809524,1.1904761904761898,20.634920634920633,35.317460317460316,77.77777777777779,64.28571428571429,38.492063492063494
2022-04-01,29.017857142857142,恐惧,8,7.5396825396825395,78.96825396825396,0.39682539682539186,9.126984126984127,24.206349206349206,14.682539682539684,73.80952380952381,23.41269841269841
2022-04-06,35.54067460317461,恐惧,8,7.5396825396825395,76.5873015873016,0.7936507936507837,12.698412698412698,48.80952380952381,33.92857142857143,70.23809523809523,33.730158730158735
2022-04-07,27.33134920634921,恐惧,8,3.968253968253968,48.01587301587302,1.1904761904761898,7.5396825396825395,26.58730158730159,18.253968253968253,88.4920634920635,24.6031746031746
2022-04-08,28.96825396825397,恐惧,8,6.349206349206349,46.03174603174603,1.5873015873015959,7.936507936507936,28.57142857142857,25.793650793650798,90.47619047619048,25.0
2022-04-11,17.311507936507933,极度恐惧,8,0.7936507936507936,16.666666666666664,0.0,13.88888888888889,21.825396825396826,15.873015873015872,36.11111111111111,33.33333333333333
2022-04-12,29.31547619047619,恐惧,8,3.571428571428571,37.698412698412696,0.0,9.523809523809524,19.047619047619047,42.06349206349206,97.61904761904762,25.0
2022-04-13,22.743055555555557,恐惧,8,2.7777777777777777,26.984126984126984,0.0,4.761904761904762,17.063492063492063,16.071428571428573,96.42857142857143,17.857142857142858
2022-04-14,33.80456349206349,恐惧,8,5.158730158730158,43.25396825396825,0.0,5.952380952380952,44.047619047619044,60.51587301587301,98.80952380952381,12.698412698412698
2022-04-15,16.666666666666668,极度恐惧,7,5.555555555555555,37.698412698412696,0.39682539682539186,7.936507936507936,31.349206349206348,15.079365079365079,,18.650793650793652
2022-04-18,9.58049886621315,极度恐惧,7,3.968253968253968,19.444444444444446,0.7936507936507837,0.3968253968253968,35.317460317460316,4.365079365079365,,2.7777777777777777
2022-04-19,14.484126984126984,极度恐惧,8,3.571428571428571,19.047619047619047,1.1904761904761898,0.7936507936507936,18.253968253968253,25.396825396825395,45.63492063492063,1.984126984126984
2022-04-20,12.053571428571429,极度恐惧,8,0.7936507936507936,8.333333333333332,2.7777777777777857,2.380952380952381,21.428571428571427,42.06349206349206,11.507936507936508,7.142857142857142
2022-04-21,7.341269841269841,极度恐惧,8,0.7936507936507936,4.365079365079365,4.365079365079367,5.158730158730158,5.158730158730158,2.380952380952381,19.047619047619047,17.46031746031746
2022-04-22,14.632936507936511,极度恐惧,8,1.1904761904761905,7.142857142857142,4.761904761904773,0.3968253968253968,0.7936507936507936,1.1904761904761905,99.20634920634922,2.380952380952381
2022-04-25,11.755952380952381,极度恐惧,8,0.3968253968253968,1.1904761904761905,0.0,10.317460317460316,4.761904761904762,0.3968253968253968,38.492063492063494,38.492063492063494
2022-04-26,12.77281746031746,极度恐惧,8,0.3968253968253968,1.3888888888888888,0.39682539682539186,5.158730158730158,1.984126984126984,3.1746031746031744,67.85714285714286,21.825396825396826
2022-04-27,21.750992063492063,恐惧,8,1.1904761904761905,4.365079365079365,0.0,14.285714285714285,5.158730158730158,28.373015873015873,79.36507936507937,41.269841269841265
2022-04-28,14.384920634920631,极度恐惧,8,1.984126984126984,5.555555555555555,3.9682539682539613,6.349206349206349,3.968253968253968,10.317460317460316,70.23809523809523,12.698412698412698
2022-04-29,30.381944444444443,恐惧,8,3.1746031746031744,10.912698412698413,11.507936507936506,25.396825396825395,12.698412698412698,87.6984126984127,52.38095238095239,39.285714285714285
2022-05-05,24.553571428571427,恐惧,8,3.1746031746031744,13.492063492063492,12.301587301587304,11.11111111111111,38.88888888888889,57.14285714285714,44.44444444444444,15.873015873015872
2022-05-06,11.656746031746032,极度恐惧,8,1.984126984126984,4.365079365079365,11.507936507936506,0.7936507936507936,33.730158730158735,32.142857142857146,5.555555555555555,3.1746031746031744
2022-05-09,18.990929705215418,极度恐惧,7,1.1904761904761905,4.761904761904762,10.714285714285708,0.3968253968253968,21.03174603174603,94.44444444444444,,0.3968253968253968
2022-05-10,22.2718253968254,恐惧,8,3.1746031746031744,13.88888888888889,9.126984126984127,7.142857142857142,12.3015873015873,82.93650793650794,38.095238095238095,11.507936507936508
2022-05-11,46.52777777777777,中性,8,4.365079365079365,41.269841269841265,7.936507936507937,44.047619047619044,46.82539682539682,86.90476190476191,80.15873015873017,60.71428571428571
2022-05-12,29.61309523809524,恐惧,8,3.968253968253968,47.22222222222222,8.333333333333343,3.968253968253968,12.3015873015873,64.68253968253968,88.4920634920635,7.936507936507936
2022-05-13,27.28174603174603,恐惧,8,5.555555555555555,72.22222222222221,9.523809523809518,0.7936507936507936,22.61904761904762,17.857142857142858,88.09523809523809,1.5873015873015872
2022-05-16,24.45436507936508,恐惧,8,4.365079365079365,67.46031746031747,9.523809523809518,2.7777777777777777,24.6031746031746,29.365079365079367,52.77777777777778,4.761904761904762
2022-05-17,32.11805555555556,恐惧,8,6.746031746031746,87.6984126984127,7.936507936507937,3.1746031746031744,36.11111111111111,12.103174603174603,99.20634920634922,3.968253968253968
2022-05-18,30.90277777777778,恐惧,8,6.746031746031746,85.71428571428571,15.873015873015873,1.984126984126984,36.904761904761905,68.65079365079364,28.968253968253972,2.380952380952381
2022-05-19,39.08730158730159,恐惧,8,7.5396825396825395,88.88888888888889,16.269841269841265,5.158730158730158,29.365079365079367,63.49206349206349,94.04761904761905,7.936507936507936
2022-05-20,47.519841269841265,中性,8,11.904761904761903,99.60317460317461,15.476190476190482,17.063492063492063,47.61904761904761,68.25396825396825,99.20634920634922,21.03174603174603
2022-05-23,39.583333333333336,恐惧,8,11.11111111111111,98.80952380952381,15.476190476190482,9.126984126984127,62.698412698412696,46.03174603174603,62.301587301587304,11.11111111111111
2022-05-24,35.019841269841265,恐惧,8,5.555555555555555,70.23809523809523,12.301587301587304,25.793650793650798,38.88888888888889,24.206349206349206,60.317460317460316,42.857142857142854
2022-05-25,34.523809523809526,恐惧,8,7.5396825396825395,90.87301587301587,12.301587301587304,0.7936507936507936,22.22222222222222,55.158730158730165,86.11111111111111,1.1904761904761905
2022-05-26,32.986111111111114,恐惧,8,9.126984126984127,92.85714285714286,18.253968253968253,7.142857142857142,38.095238095238095,52.38095238095239,36.904761904761905,9.126984126984127
2022-05-27,40.104166666666664,中性,8,10.317460317460316,94.44444444444444,18.650793650793645,7.936507936507936,18.253968253968253,68.05555555555556,96.03174603174604,7.142857142857142
2022-05-30,39.95535714285714,恐惧,8,11.904761904761903,97.22222222222221,19.04761904761905,5.555555555555555,26.190476190476193,62.89682539682539,91.26984126984127,5.555555555555555
2022-05-31,42.63392857142857,中性,8,17.857142857142858,99.20634920634922,18.650793650793645,22.22222222222222,36.11111111111111,29.563492063492063,97.22222222222221,20.238095238095237
2022-06-01,42.26190476190476,中性,8,17.46031746031746,98.4126984126984,18.650793650793645,15.476190476190476,37.698412698412696,53.96825396825397,83.33333333333334,13.095238095238097
2022-06-02,39.583333333333336,恐惧,8,18.650793650793652,96.82539682539682,19.444444444444443,16.26984126984127,39.285714285714285,41.66666666666667,71.82539682539682,12.698412698412698
2022-06-06,59.97023809523809,中性,8,23.809523809523807,98.4126984126984,18.650793650793645,57.53968253968254,71.82539682539682,57.936507936507944,98.4126984126984,53.17460317460318
2022-06-07,50.173611111111114,中性,8,24.206349206349206,99.20634920634922,19.04761904761905,43.65079365079365,53.96825396825397,27.976190476190478,92.06349206349206,41.269841269841265
2022-06-08,58.854166666666664,中性,8,24.6031746031746,98.80952380952381,21.42857142857143,55.952380952380956,62.698412698412696,59.72222222222222,93.25396825396825,54.36507936507936
2022-06-09,42.385912698412696,中性,8,24.6031746031746,97.81746031746032,21.42857142857143,29.761904761904763,58.333333333333336,28.174603174603174,49.60317460317461,29.365079365079367
2022-06-10,59.82142857142858,中性,8,25.396825396825395,98.80952380952381,34.52380952380952,48.01587301587302,43.65079365079365,94.04761904761905,92.06349206349206,42.06349206349206
2022-06-13,53.81944444444444,中性,8,25.0,95.23809523809523,34.52380952380952,54.36507936507936,69.44444444444444,93.65079365079364,4.365079365079365,53.96825396825397
2022-06-14,62.648809523809526,贪婪,8,25.793650793650798,97.61904761904762,37.301587301587304,56.74603174603175,69.84126984126983,72.61904761904762,84.52380952380952,56.74603174603175
2022-06-15,68.89880952380952,贪婪,8,28.174603174603174,98.01587301587301,36.50793650793651,85.31746031746032,76.19047619047619,64.68253968253968,76.5873015873016,85.71428571428571
2022-06-16,60.88789682539682,贪婪,8,27.380952380952383,94.84126984126983,39.28571428571429,53.57142857142857,71.42857142857143,71.62698412698413,73.01587301587301,55.952380952380956
2022-06-17,61.16071428571429,贪婪,8,32.53968253968254,94.44444444444444,39.28571428571429,57.53968253968254,61.111111111111114,97.22222222222221,62.301587301587304,44.84126984126984
2022-06-20,55.629960317460316,中性,8,35.317460317460316,94.64285714285714,50.7936507936508,68.25396825396825,65.47619047619048,72.22222222222221,0.7936507936507936,57.53968253968254
2022-06-21,56.448412698412696,中性,8,34.92063492063492,93.25396825396825,54.36507936507937,51.19047619047619,48.41269841269841,61.50793650793651,65.07936507936508,42.857142857142854
2022-06-22,51.78571428571429,中性,8,28.968253968253972,84.92063492063492,49.20634920634921,37.301587301587304,53.17460317460318,81.34920634920636,55.158730158730165,24.206349206349206
2022-06-23,63.71527777777778,贪婪,8,38.095238095238095,90.87301587301587,48.01587301587301,54.761904761904766,61.904761904761905,97.02380952380952,80.55555555555556,38.492063492063494
2022-06-24,67.50992063492063,贪婪,8,40.07936507936508,91.26984126984127,47.61904761904761,69.84126984126983,58.730158730158735,92.06349206349206,84.92063492063492,55.55555555555556
2022-06-27,69.3204365079365,贪婪,8,50.0,95.23809523809523,46.03174603174603,78.96825396825396,74.60317460317461,85.11904761904762,59.12698412698413,65.47619047619048
2022-06-28,69.7172619047619,贪婪,8,65.47619047619048,98.61111111111111,50.0,77.38095238095238,75.0,96.82539682539682,28.968253968253972,65.47619047619048
2022-06-29,53.02579365079365,中性,8,44.84126984126984,92.26190476190477,41.666666666666664,89.68253968253968,65.07936507936508,9.325396825396826,4.761904761904762,76.5873015873016
2022-06-30,58.87896825396825,中性,8,65.87301587301587,95.23809523809523,41.666666666666664,71.82539682539682,74.20634920634922,42.46031746031746,26.984126984126984,52.77777777777778
2022-07-01,50.73696145124716,中性,7,59.12698412698413,95.23809523809523,41.269841269841265,46.82539682539682,71.42857142857143,15.873015873015872,,25.396825396825395
2022-07-04,55.8531746031746,中性,8,71.03174603174604,96.82539682539682,45.238095238095234,65.47619047619048,70.63492063492063,42.46031746031746,21.825396825396826,33.33333333333333
2022-07-05,59.1765873015873,中性,8,69.44444444444444,91.26984126984127,47.61904761904761,71.82539682539682,70.63492063492063,69.44444444444444,1.5873015873015872,51.587301587301596
2022-07-06,47.19742063492063,中性,8,49.60317460317461,78.57142857142857,59.523809523809526,51.98412698412699,65.07936507936508,31.150793650793652,9.126984126984127,32.53968253968254
2022-07-07,54.43948412698413,中性,8,55.55555555555556,79.36507936507937,60.317460317460316,45.63492063492063,68.25396825396825,96.62698412698413,9.920634920634921,19.841269841269842
2022-07-08,44.46924603174603,中性,8,53.17460317460318,78.17460317460318,58.33333333333333,41.66666666666667,49.2063492063492,41.46825396825397,14.682539682539684,19.047619047619047
2022-07-11,29.41468253968254,恐惧,8,39.682539682539684,27.380952380952383,46.82539682539682,37.301587301587304,44.44444444444444,19.841269841269842,1.984126984126984,17.857142857142858
2022-07-12,32.06845238095238,恐惧,8,38.492063492063494,11.507936507936508,42.85714285714286,28.57142857142857,30.952380952380953,26.785714285714285,61.111111111111114,16.26984126984127
2022-07-13,30.48115079365079,恐惧,8,39.682539682539684,15.476190476190476,49.20634920634921,23.41269841269841,39.285714285714285,58.53174603174603,4.761904761904762,13.492063492063492
2022-07-14,33.0109126984127,恐惧,8,40.07936507936508,21.428571428571427,50.0,41.66666666666667,43.65079365079365,39.08730158730159,1.5873015873015872,26.58730158730159
2022-07-15,28.422619047619047,恐惧,8,32.142857142857146,12.3015873015873,41.269841269841265,53.17460317460318,31.349206349206348,9.126984126984127,2.380952380952381,45.63492063492063
2022-07-18,37.42559523809524,恐惧,8,38.492063492063494,20.238095238095237,45.63492063492064,41.66666666666667,36.904761904761905,79.16666666666666,11.904761904761903,25.396825396825395
2022-07-19,34.54861111111111,恐惧,8,36.11111111111111,18.650793650793652,44.841269841269835,31.746031746031743,30.952380952380953,71.23015873015873,22.61904761904762,20.238095238095237
2022-07-20,36.65674603174603,恐惧,8,38.88888888888889,26.190476190476193,47.61904761904761,24.206349206349206,42.857142857142854,60.317460317460316,40.07936507936508,13.095238095238097
2022-07-21,41.567460317460316,中性,8,32.142857142857146,20.238095238095237,46.82539682539682,38.88888888888889,47.22222222222222,82.53968253968253,36.904761904761905,27.77777777777778
2022-07-22,27.083333333333332,恐惧,8,34.12698412698413,15.079365079365079,55.55555555555556,23.015873015873016,23.809523809523807,43.65079365079365,7.142857142857142,14.285714285714285
2022-07-25,18.84920634920635,极度恐惧,8,30.555555555555557,9.523809523809524,57.93650793650794,12.3015873015873,8.333333333333332,23.41269841269841,3.571428571428571,5.158730158730158
2022-07-26,26.63690476190476,恐惧,8,36.11111111111111,20.634920634920633,57.93650793650794,8.73015873015873,19.841269841269842,44.44444444444444,23.809523809523807,1.5873015873015872
2022-07-27,31.32440476190476,恐惧,8,34.12698412698413,23.015873015873016,63.492063492063494,13.492063492063492,28.57142857142857,72.81746031746032,9.920634920634921,5.158730158730158
2022-07-28,43.10515873015873,中性,8,35.714285714285715,31.349206349206348,66.26984126984127,41.66666666666667,29.365079365079367,76.19047619047619,39.682539682539684,24.6031746031746
2022-07-29,34.27579365079365,恐惧,8,28.57142857142857,19.047619047619047,67.46031746031747,42.06349206349206,14.285714285714285,53.96825396825397,23.809523809523807,25.0
2022-08-01,35.68948412698413,恐惧,8,29.761904761904763,33.730158730158735,67.85714285714286,34.92063492063492,23.015873015873016,40.67460317460318,38.492063492063494,17.063492063492063
2022-08-02,36.21031746031746,恐惧,8,25.793650793650798,9.920634920634921,55.952380952380956,73.4126984126984,5.158730158730158,4.761904761904762,43.65079365079365,71.03174603174604
2022-08-03,40.47619047619048,中性,8,25.0,11.507936507936508,57.53968253968254,64.28571428571429,17.063492063492063,48.41269841269841,48.01587301587302,51.98412698412699
2022-08-04,26.438492063492063,恐惧,8,26.58730158730159,15.476190476190476,68.25396825396825,18.650793650793652,6.349206349206349,36.507936507936506,30.952380952380953,8.73015873015873
2022-08-05,39.78174603174603,恐惧,8,30.158730158730158,28.174603174603174,67.06349206349206,35.317460317460316,39.682539682539684,41.66666666666667,55.952380952380956,20.238095238095237
2022-08-08,41.71626984126985,中性,8,29.761904761904763,40.87301587301587,69.44444444444444,25.793650793650798,35.714285714285715,74.20634920634922,46.03174603174603,11.904761904761903
2022-08-09,46.82539682539682,中性,8,30.952380952380953,47.22222222222222,72.22222222222223,26.190476190476193,38.095238095238095,90.87301587301587,57.14285714285714,11.904761904761903
2022-08-10,43.526785714285715,中性,8,27.77777777777778,38.492063492063494,74.2063492063492,28.968253968253972,40.87301587301587,75.59523809523809,49.2063492063492,13.095238095238097
2022-08-11,61.90476190476191,贪婪,8,38.492063492063494,75.79365079365078,68.25396825396825,54.36507936507936,58.730158730158735,73.01587301587301,92.06349206349206,34.523809523809526
2022-08-12,51.43849206349206,中性,8,38.88888888888889,77.38095238095238,68.65079365079364,38.88888888888889,25.0,48.01587301587302,88.88888888888889,25.793650793650798
2022-08-15,45.03968253968254,中性,8,37.698412698412696,75.79365079365078,70.63492063492063,31.746031746031743,48.01587301587302,46.42857142857143,34.12698412698413,15.873015873015872
2022-08-16,58.13492063492063,中性,8,36.11111111111111,75.79365079365078,70.63492063492063,48.01587301587302,30.158730158730158,92.06349206349206,83.73015873015873,28.57142857142857
2022-08-17,61.4795918367347,贪婪,7,45.63492063492063,84.52380952380952,70.63492063492063,54.36507936507936,,72.42063492063492,63.49206349206349,39.285714285714285
2022-08-18,54.70521541950114,中性,7,40.07936507936508,75.39682539682539,70.23809523809524,50.79365079365079,,73.01587301587301,38.095238095238095,35.317460317460316
2022-08-19,50.62358276643992,中性,7,32.93650793650794,64.68253968253968,69.04761904761905,67.06349206349206,,24.6031746031746,45.23809523809524,50.79365079365079
2022-08-22,56.916099773242635,中性,7,42.46031746031746,79.36507936507937,73.4126984126984,47.22222222222222,,51.587301587301596,77.77777777777779,26.58730158730159
2022-08-23,47.137188208616784,中性,7,36.507936507936506,73.80952380952381,74.2063492063492,39.682539682539684,,73.61111111111111,7.936507936507936,24.206349206349206
2022-08-24,41.38321995464853,中性,7,28.174603174603174,24.206349206349206,64.68253968253968,71.42857142857143,,11.507936507936508,31.746031746031743,57.936507936507944
2022-08-25,36.45124716553288,恐惧,7,31.349206349206348,42.857142857142854,63.492063492063494,37.301587301587304,,11.904761904761903,42.06349206349206,26.190476190476193
2022-08-26,40.532879818594104,中性,7,30.555555555555557,44.047619047619044,69.84126984126985,23.809523809523807,,24.6031746031746,77.38095238095238,13.492063492063492
2022-08-29,35.997732426303855,恐惧,7,28.57142857142857,39.285714285714285,73.80952380952381,12.698412698412698,,50.79365079365079,45.23809523809524,1.5873015873015872
2022-08-30,29.25170068027211,恐惧,7,28.57142857142857,34.12698412698413,73.80952380952381,9.920634920634921,,23.015873015873016,32.93650793650794,2.380952380952381
2022-08-31,42.40362811791383,中性,7,28.968253968253972,32.53968253968254,74.2063492063492,43.65079365079365,,5.158730158730158,82.14285714285714,30.158730158730158
2022-09-01,30.442176870748295,恐惧,7,26.190476190476193,22.61904761904762,74.2063492063492,5.555555555555555,,25.0,58.730158730158735,0.7936507936507936
2022-09-02,31.06575963718821,恐惧,7,25.793650793650798,22.22222222222222,73.80952380952381,0.7936507936507936,,73.4126984126984,20.634920634920633,0.7936507936507936
2022-09-05,28.911564625850342,恐惧,7,25.793650793650798,26.58730158730159,75.39682539682539,3.1746031746031744,,48.41269841269841,21.825396825396826,1.1904761904761905
2022-09-06,43.11224489795918,中性,7,28.57142857142857,37.698412698412696,73.01587301587301,17.857142857142858,,96.62698412698413,40.476190476190474,7.5396825396825395
2022-09-07,38.832199546485256,恐惧,7,30.158730158730158,34.92063492063492,73.4126984126984,17.063492063492063,,44.84126984126984,63.095238095238095,8.333333333333332
2022-09-08,26.814058956916103,恐惧,7,28.174603174603174,33.730158730158735,72.61904761904762,5.158730158730158,,35.714285714285715,10.714285714285714,1.5873015873015872
2022-09-09,41.666666666666664,中性,7,36.507936507936506,54.36507936507936,70.23809523809524,6.746031746031746,,37.698412698412696,84.52380952380952,1.5873015873015872
2022-09-13,36.678004535147394,恐惧,7,40.87301587301587,59.92063492063492,70.23809523809524,4.761904761904762,,17.46031746031746,62.301587301587304,1.1904761904761905
2022-09-14,30.58390022675737,恐惧,7,33.33333333333333,41.269841269841265,77.77777777777777,0.7936507936507936,,24.00793650793651,36.507936507936506,0.3968253968253968
2022-09-15,28.004535147392293,恐惧,7,28.57142857142857,26.984126984126984,78.17460317460318,26.190476190476193,,2.7777777777777777,14.682539682539684,18.650793650793652
2022-09-16,23.24263038548753,恐惧,7,23.809523809523807,8.333333333333332,63.492063492063494,9.523809523809524,,5.555555555555555,48.01587301587302,3.968253968253968
2022-09-19,23.299319727891152,恐惧,7,23.809523809523807,7.5396825396825395,71.03174603174602,0.7936507936507936,,12.698412698412698,46.82539682539682,0.3968253968253968
2022-09-20,31.264172335600904,恐惧,7,24.6031746031746,3.968253968253968,70.63492063492063,0.3968253968253968,,91.46825396825396,27.380952380952383,0.3968253968253968
2022-09-21,33.73015873015873,恐惧,7,23.015873015873016,8.333333333333332,69.84126984126985,0.3968253968253968,,58.730158730158735,75.0,0.7936507936507936
2022-09-22,33.21995464852608,恐惧,7,21.03174603174603,6.349206349206349,71.42857142857143,0.7936507936507936,,68.25396825396825,63.888888888888886,0.7936507936507936
2022-09-23,25.566893424036284,恐惧,7,19.047619047619047,4.365079365079365,86.11111111111111,2.380952380952381,,27.380952380952383,37.698412698412696,1.984126984126984
2022-09-26,25.17006802721088,恐惧,7,17.46031746031746,2.7777777777777777,86.11111111111111,2.7777777777777777,,20.634920634920633,44.047619047619044,2.380952380952381
2022-09-27,36.16780045351474,恐惧,7,25.0,9.126984126984127,77.38095238095238,2.7777777777777777,,82.93650793650794,53.96825396825397,1.984126984126984
2022-09-28,22.95918367346939,恐惧,7,17.063492063492063,6.349206349206349,73.4126984126984,1.984126984126984,,5.555555555555555,54.761904761904766,1.5873015873015872
2022-09-29,21.3718820861678,恐惧,7,18.253968253968253,5.952380952380952,76.98412698412699,1.1904761904761905,,18.253968253968253,27.77777777777778,1.1904761904761905
2022-09-30,21.201814058956916,恐惧,7,15.476190476190476,5.555555555555555,76.98412698412699,0.3968253968253968,,3.1746031746031744,46.42857142857143,0.3968253968253968
2022-10-10,22.562358276643995,恐惧,7,9.126984126984127,2.380952380952381,63.095238095238095,0.7936507936507936,,7.5396825396825395,72.61904761904762,2.380952380952381
2022-10-11,29.705215419501137,恐惧,7,10.317460317460316,2.380952380952381,66.66666666666667,0.3968253968253968,,50.79365079365079,76.5873015873016,0.7936507936507936
2022-10-12,31.802721088435373,恐惧,7,15.476190476190476,6.547619047619048,53.57142857142857,5.555555555555555,,97.02380952380952,38.88888888888889,5.555555555555555
2022-10-13,28.96825396825397,恐惧,7,12.698412698412698,15.476190476190476,61.904761904761905,6.349206349206349,,71.82539682539682,27.77777777777778,6.746031746031746
2022-10-14,44.926303854875286,中性,7,26.190476190476193,49.60317460317461,40.07936507936508,26.190476190476193,,77.97619047619048,79.76190476190477,14.682539682539684
2022-10-17,36.451247165532884,恐惧,7,26.984126984126984,64.68253968253968,39.28571428571429,14.682539682539684,,96.82539682539682,3.571428571428571,9.126984126984127
2022-10-18,37.13151927437642,恐惧,7,26.984126984126984,68.65079365079364,39.682539682539684,13.492063492063492,,83.73015873015873,18.650793650793652,8.73015873015873
2022-10-19,32.22789115646258,恐惧,7,17.46031746031746,58.53174603174603,33.730158730158735,9.126984126984127,,70.63492063492063,28.968253968253972,7.142857142857142
2022-10-20,29.648526077097504,恐惧,7,15.476190476190476,52.77777777777778,34.12698412698413,16.666666666666664,,39.285714285714285,39.682539682539684,9.523809523809524
2022-10-21,25.45351473922903,恐惧,7,15.079365079365079,57.53968253968254,36.111111111111114,5.555555555555555,,28.57142857142857,29.365079365079367,5.952380952380952
2022-10-24,21.3718820861678,恐惧,7,4.761904761904762,34.12698412698413,26.587301587301596,31.746031746031743,,21.825396825396826,3.1746031746031744,27.380952380952383
2022-10-25,25.79365079365079,恐惧,7,4.761904761904762,32.53968253968254,26.587301587301596,19.444444444444446,,17.46031746031746,68.65079365079364,11.11111111111111
2022-10-26,43.53741496598639,中性,7,7.936507936507936,55.55555555555556,27.38095238095238,43.25396825396825,,66.66666666666666,77.77777777777779,26.190476190476193
2022-10-27,35.997732426303855,恐惧,7,6.349206349206349,53.37301587301587,27.777777777777786,40.87301587301587,,24.801587301587304,71.82539682539682,26.984126984126984
2022-10-28,23.696145124716555,恐惧,7,2.380952380952381,25.793650793650798,23.80952380952381,36.11111111111111,,1.984126984126984,43.25396825396825,32.53968253968254
2022-10-31,20.068027210884356,恐惧,7,1.1904761904761905,29.761904761904763,26.587301587301596,30.555555555555557,,11.507936507936508,12.3015873015873,28.57142857142857
2022-11-01,48.327664399092974,中性,7,9.126984126984127,57.936507936507944,22.61904761904762,57.936507936507944,,81.54761904761905,65.47619047619048,43.65079365079365
2022-11-02,51.87074829931972,中性,7,15.079365079365079,71.03174603174604,22.61904761904762,70.63492063492063,,93.25396825396825,30.555555555555557,59.92063492063492
2022-11-03,34.46712018140589,恐惧,7,11.904761904761903,66.26984126984127,23.015873015873012,32.53968253968254,,68.65079365079364,18.650793650793652,20.238095238095237
2022-11-04,63.20861678004535,贪婪,7,30.158730158730158,84.52380952380952,22.222222222222214,81.74603174603175,,80.55555555555556,85.71428571428571,57.53968253968254
2022-11-07,52.89115646258502,中性,7,31.746031746031743,86.5079365079365,22.222222222222214,63.095238095238095,,96.82539682539682,25.396825396825395,44.44444444444444
2022-11-08,41.89342403628118,中性,7,28.174603174603174,84.52380952380952,22.222222222222214,24.6031746031746,,86.90476190476191,35.714285714285715,11.11111111111111
2022-11-09,40.84467120181405,中性,7,22.22222222222222,82.14285714285714,22.222222222222214,12.698412698412698,,66.07142857142857,72.22222222222221,8.333333333333332
2022-11-10,43.99092970521542,中性,7,19.047619047619047,73.80952380952381,22.61904761904762,26.58730158730159,,70.63492063492063,79.36507936507937,15.873015873015872
2022-11-11,73.46938775510205,贪婪,7,36.507936507936506,97.22222222222221,19.04761904761905,97.22222222222221,,92.46031746031747,79.36507936507937,92.46031746031747
2022-11-14,65.19274376417233,贪婪,7,37.698412698412696,86.11111111111111,19.444444444444443,77.38095238095238,,69.04761904761905,98.4126984126984,68.25396825396825
2022-11-15,64.79591836734694,贪婪,7,42.46031746031746,97.22222222222221,19.04761904761905,74.60317460317461,,73.01587301587301,86.11111111111111,61.111111111111114
2022-11-16,53.032879818594104,中性,7,40.07936507936508,95.23809523809523,20.634920634920633,48.01587301587302,,54.96031746031746,77.77777777777779,34.523809523809526
2022-11-17,55.98072562358277,中性,7,39.682539682539684,88.4920634920635,20.238095238095227,42.46031746031746,,96.62698412698413,79.36507936507937,25.0
2022-11-18,58.13492063492064,中性,7,38.88888888888889,85.31746031746032,21.03174603174604,57.14285714285714,,72.81746031746032,90.87301587301587,40.87301587301587
2022-11-21,45.43650793650794,中性,7,37.301587301587304,84.92063492063492,24.603174603174608,26.984126984126984,,34.32539682539682,93.65079365079364,16.26984126984127
2022-11-22,35.657596371882086,恐惧,7,38.095238095238095,80.15873015873017,25.0,32.53968253968254,,19.841269841269842,30.555555555555557,23.41269841269841
2022-11-23,32.31292517006802,恐惧,7,39.285714285714285,75.0,25.396825396825392,24.206349206349206,,6.746031746031746,40.476190476190474,15.079365079365079
2022-11-24,38.151927437641724,恐惧,7,37.301587301587304,71.42857142857143,25.793650793650784,9.126984126984127,,67.46031746031747,48.80952380952381,7.142857142857142
2022-11-25,34.637188208616784,恐惧,7,40.476190476190474,64.68253968253968,28.57142857142857,7.5396825396825395,,9.920634920634921,82.53968253968253,8.73015873015873
2022-11-28,36.87641723356008,恐惧,7,35.317460317460316,52.77777777777778,28.57142857142857,13.88888888888889,,46.230158730158735,70.23809523809523,11.11111111111111
2022-11-29,61.11111111111111,贪婪,7,50.0,75.39682539682539,23.80952380952381,60.71428571428571,,96.42857142857143,64.28571428571429,57.14285714285714
2022-11-30,57.6530612244898,中性,7,51.19047619047619,74.60317460317461,25.793650793650784,49.2063492063492,,74.60317460317461,85.71428571428571,42.46031746031746
2022-12-01,68.67913832199547,贪婪,7,59.12698412698413,82.93650793650794,25.0,78.17460317460318,,75.59523809523809,92.85714285714286,67.06349206349206
2022-12-02,39.54081632653062,恐惧,7,56.34920634920635,82.14285714285714,25.0,32.93650793650794,,33.53174603174603,23.41269841269841,23.41269841269841
2022-12-05,71.45691609977324,贪婪,7,75.39682539682539,84.92063492063492,30.158730158730165,74.60317460317461,,83.13492063492063,82.53968253968253,69.44444444444444
2022-12-06,59.41043083900227,中性,7,78.57142857142857,86.30952380952381,30.555555555555557,66.66666666666666,,40.27777777777778,66.26984126984127,47.22222222222222
2022-12-07,55.21541950113379,中性,7,77.77777777777779,85.71428571428571,30.555555555555557,53.17460317460318,,54.761904761904766,49.2063492063492,35.317460317460316
2022-12-08,45.039682539682545,中性,7,78.57142857142857,82.14285714285714,31.349206349206355,33.33333333333333,,17.261904761904763,48.01587301587302,24.6031746031746
2022-12-09,55.27210884353742,中性,7,81.74603174603175,84.12698412698413,33.730158730158735,68.25396825396825,,54.36507936507936,8.73015873015873,55.952380952380956
2022-12-12,42.743764172335595,中性,7,78.96825396825396,80.55555555555556,33.730158730158735,39.285714285714285,,34.12698412698413,1.984126984126984,30.555555555555557
2022-12-13,41.26984126984127,中性,7,78.17460317460318,75.0,35.71428571428571,21.428571428571427,,48.01587301587302,18.253968253968253,12.3015873015873
2022-12-14,41.63832199546486,中性,7,80.55555555555556,69.04761904761905,36.111111111111114,21.03174603174603,,23.61111111111111,48.80952380952381,12.3015873015873
2022-12-15,50.0,中性,7,80.95238095238095,70.23809523809523,37.698412698412696,11.904761904761903,,77.38095238095238,63.49206349206349,8.333333333333332
2022-12-16,46.03174603174603,中性,7,81.34920634920636,68.25396825396825,47.61904761904761,13.492063492063492,,59.523809523809526,42.857142857142854,9.126984126984127
2022-12-19,34.410430839002274,恐惧,7,71.03174603174604,38.492063492063494,42.85714285714286,13.492063492063492,,17.063492063492063,48.01587301587302,9.920634920634921
2022-12-20,25.680272108843536,恐惧,7,56.74603174603175,17.063492063492063,42.063492063492056,3.968253968253968,,4.761904761904762,53.96825396825397,1.1904761904761905
2022-12-21,28.571428571428573,恐惧,7,57.53968253968254,17.261904761904763,42.85714285714286,1.1904761904761905,,32.73809523809524,47.22222222222222,1.1904761904761905
2022-12-22,32.59637188208617,恐惧,7,59.523809523809526,21.825396825396826,43.65079365079365,5.158730158730158,,39.285714285714285,54.36507936507936,4.365079365079365
2022-12-23,28.28798185941043,恐惧,7,58.730158730158735,21.428571428571427,61.507936507936506,1.5873015873015872,,26.984126984126984,26.190476190476193,1.5873015873015872
2022-12-26,30.72089947089947,恐惧,6,64.68253968253968,17.063492063492063,61.507936507936506,3.1746031746031744,,35.91269841269841,,1.984126984126984
2022-12-27,38.12830687830688,恐惧,6,78.57142857142857,27.380952380952383,71.03174603174602,7.5396825396825395,,39.08730158730159,,5.158730158730158
2022-12-28,44.44444444444444,中性,7,76.19047619047619,26.58730158730159,71.82539682539682,5.952380952380952,,53.96825396825397,72.61904761904762,3.968253968253968
2022-12-29,33.70181405895691,恐惧,7,73.01587301587301,23.809523809523807,72.22222222222223,2.7777777777777777,,48.214285714285715,13.492063492063492,2.380952380952381
2022-12-30,41.26984126984127,中性,7,77.77777777777779,31.746031746031743,73.01587301587301,1.984126984126984,,77.77777777777779,24.6031746031746,1.984126984126984
2023-01-03,46.20181405895692,中性,7,82.14285714285714,52.38095238095239,74.60317460317461,23.015873015873016,,63.095238095238095,12.3015873015873,15.873015873015872
2023-01-04,48.46938775510205,中性,7,84.92063492063492,62.301587301587304,75.0,21.428571428571427,,47.61904761904761,32.142857142857146,15.873015873015872
2023-01-05,59.09863945578231,中性,7,93.65079365079364,83.33333333333334,63.095238095238095,36.11111111111111,,45.83333333333333,73.4126984126984,18.253968253968253
2023-01-06,59.35374149659864,中性,7,95.23809523809523,86.90476190476191,65.47619047619048,34.523809523809526,,45.23809523809524,69.04761904761905,19.047619047619047
2023-01-09,64.65419501133786,贪婪,7,98.01587301587301,89.68253968253968,63.88888888888889,26.984126984126984,,87.10317460317461,74.20634920634922,12.698412698412698
2023-01-10,57.993197278911566,中性,7,99.20634920634922,87.6984126984127,72.61904761904762,12.3015873015873,,55.952380952380956,69.44444444444444,8.73015873015873
2023-01-11,67.9705215419501,贪婪,7,98.80952380952381,93.25396825396825,98.01587301587301,13.88888888888889,,86.5079365079365,76.19047619047619,9.126984126984127
2023-01-12,62.471655328798185,贪婪,7,99.60317460317461,89.68253968253968,97.61904761904762,9.126984126984127,,46.82539682539682,89.28571428571429,5.158730158730158
2023-01-13,61.90476190476191,贪婪,7,100.0,97.61904761904762,96.82539682539682,9.920634920634921,,32.53968253968254,90.07936507936508,6.349206349206349
2023-01-16,76.04875283446712,贪婪,7,100.0,99.20634920634922,95.63492063492063,58.333333333333336,,56.15079365079365,88.88888888888889,34.12698412698413
2023-01-17,60.090702947845806,贪婪,7,100.0,99.20634920634922,99.60317460317461,10.317460317460316,,43.25396825396825,60.317460317460316,7.936507936507936
2023-01-18,56.15079365079366,中性,7,99.20634920634922,98.61111111111111,99.60317460317461,4.365079365079365,,45.23809523809524,44.047619047619044,1.984126984126984
2023-01-19,59.41043083900227,中性,7,100.0,98.4126984126984,98.80952380952381,9.920634920634921,,19.841269841269842,82.93650793650794,5.952380952380952
2023-01-20,63.80385487528344,贪婪,7,100.0,99.20634920634922,98.41269841269842,19.444444444444446,,43.05555555555556,74.60317460317461,11.904761904761903
2023-01-30,92.09183673469387,极度贪婪,7,100.0,95.23809523809523,99.60317460317461,88.88888888888889,,96.62698412698413,92.85714285714286,71.42857142857143
2023-01-31,69.5578231292517,贪婪,7,99.20634920634922,95.23809523809523,99.60317460317461,50.0,,35.714285714285715,72.22222222222221,34.92063492063492
2023-02-01,83.10657596371883,极度贪婪,7,99.60317460317461,96.62698412698413,98.80952380952381,75.0,,96.62698412698413,57.936507936507944,57.14285714285714
2023-02-02,77.8061224489796,贪婪,7,99.20634920634922,94.04761904761905,97.22222222222223,79.36507936507937,,71.62698412698413,40.87301587301587,62.301587301587304
2023-02-03,64.37074829931973,贪婪,7,98.01587301587301,80.95238095238095,94.84126984126985,53.57142857142857,,56.547619047619044,30.158730158730158,36.507936507936506
2023-02-06,59.77891156462585,中性,7,96.03174603174604,67.06349206349206,92.85714285714286,42.857142857142854,,52.976190476190474,43.25396825396825,23.41269841269841
2023-02-07,60.430839002267575,贪婪,7,96.03174603174604,67.46031746031747,95.63492063492063,38.492063492063494,,75.0,29.365079365079367,21.03174603174603
2023-02-08,59.8639455782313,中性,7,95.23809523809523,58.730158730158735,99.60317460317461,25.793650793650798,,96.42857142857143,28.174603174603174,15.079365079365079
2023-02-09,67.63038548752834,贪婪,7,98.01587301587301,73.4126984126984,99.2063492063492,53.57142857142857,,78.96825396825396,42.46031746031746,27.77777777777778
2023-02-10,57.28458049886621,中性,7,96.82539682539682,63.49206349206349,98.41269841269842,50.0,,46.230158730158735,15.476190476190476,30.555555555555557
2023-02-13,71.34353741496598,贪婪,7,98.4126984126984,73.4126984126984,97.61904761904762,68.25396825396825,,96.23015873015873,18.253968253968253,47.22222222222222
2023-02-14,65.05102040816327,贪婪,7,98.4126984126984,72.61904761904762,97.22222222222223,48.80952380952381,,83.53174603174604,23.41269841269841,31.349206349206348
2023-02-15,65.24943310657595,贪婪,7,97.22222222222221,57.936507936507944,98.41269841269842,55.55555555555556,,96.03174603174604,15.873015873015872,35.714285714285715
2023-02-16,76.47392290249432,贪婪,7,94.44444444444444,43.65079365079365,95.63492063492063,97.22222222222221,,78.17460317460318,32.53968253968254,93.65079365079364
2023-02-17,54.64852607709751,中性,7,92.46031746031747,26.58730158730159,90.87301587301587,53.57142857142857,,71.82539682539682,13.095238095238097,34.12698412698413
2023-02-20,55.8390022675737,中性,7,98.01587301587301,56.74603174603175,78.17460317460318,64.28571428571429,,37.698412698412696,15.873015873015872,40.07936507936508
2023-02-21,61.02607709750566,贪婪,7,98.80952380952381,62.698412698412696,78.17460317460318,52.38095238095239,,78.76984126984127,19.444444444444446,36.904761904761905
2023-02-22,47.704081632653065,中性,7,94.84126984126983,53.57142857142857,74.2063492063492,21.03174603174603,,60.51587301587301,17.46031746031746,12.3015873015873
2023-02-23,49.773242630385475,中性,7,94.44444444444444,50.39682539682539,86.11111111111111,27.77777777777778,,60.71428571428571,13.492063492063492,15.476190476190476
2023-02-24,47.44897959183673,中性,7,91.66666666666666,36.11111111111111,79.36507936507937,11.904761904761903,,96.03174603174604,8.73015873015873,8.333333333333332
2023-02-27,46.740362811791385,中性,7,90.47619047619048,29.761904761904763,80.15873015873015,17.063492063492063,,95.83333333333334,2.7777777777777777,11.11111111111111
2023-02-28,46.48526077097505,中性,7,92.06349206349206,41.269841269841265,78.96825396825398,17.857142857142858,,69.84126984126983,14.285714285714285,11.11111111111111
2023-03-01,67.82879818594105,贪婪,7,98.01587301587301,64.28571428571429,72.61904761904762,59.523809523809526,,95.83333333333334,51.19047619047619,33.33333333333333
2023-03-02,60.40249433106577,贪婪,7,97.22222222222221,58.333333333333336,72.22222222222223,57.14285714285714,,57.341269841269835,42.06349206349206,38.492063492063494
2023-03-03,59.01360544217687,中性,7,98.80952380952381,63.095238095238095,78.17460317460318,41.66666666666667,,30.158730158730158,75.0,26.190476190476193
2023-03-06,64.45578231292517,贪婪,7,95.63492063492063,54.36507936507936,87.6984126984127,63.49206349206349,,56.34920634920635,53.96825396825397,39.682539682539684
2023-03-07,66.35487528344672,贪婪,7,89.68253968253968,32.142857142857146,78.57142857142857,57.14285714285714,,95.83333333333334,65.87301587301587,45.23809523809524
2023-03-08,51.75736961451247,中性,7,88.09523809523809,32.142857142857146,77.38095238095238,11.11111111111111,,95.63492063492063,51.98412698412699,5.952380952380952
2023-03-09,46.626984126984134,中性,7,87.3015873015873,30.158730158730158,79.76190476190476,14.682539682539684,,95.43650793650794,7.5396825396825395,11.507936507936508
2023-03-10,42.43197278911565,中性,7,86.11111111111111,13.095238095238097,75.39682539682539,31.349206349206348,,34.72222222222222,40.87301587301587,15.476190476190476
2023-03-13,53.34467120181406,中性,7,86.90476190476191,30.555555555555557,70.23809523809524,34.92063492063492,,71.82539682539682,58.333333333333336,20.634920634920633
2023-03-14,55.583900226757365,中性,7,85.71428571428571,23.41269841269841,73.4126984126984,56.74603174603175,,59.32539682539682,51.19047619047619,39.285714285714285
2023-03-15,59.15532879818594,中性,7,85.71428571428571,28.57142857142857,78.57142857142857,33.33333333333333,,95.43650793650794,71.82539682539682,20.634920634920633
2023-03-16,39.172335600907026,恐惧,7,84.52380952380952,17.857142857142858,73.4126984126984,37.301587301587304,,9.126984126984127,23.809523809523807,28.174603174603174
2023-03-17,68.25396825396825,贪婪,7,84.92063492063492,29.761904761904763,74.60317460317461,74.60317460317461,,95.23809523809523,71.42857142857143,47.22222222222222
2023-03-20,59.297052154195015,中性,7,84.12698412698413,25.793650793650798,81.34920634920636,84.12698412698413,,41.66666666666667,27.380952380952383,70.63492063492063
2023-03-21,50.17006802721088,中性,7,85.71428571428571,28.57142857142857,73.4126984126984,47.61904761904761,,26.58730158730159,59.12698412698413,30.158730158730158
2023-03-22,59.750566893424036,中性,7,86.90476190476191,37.698412698412696,71.42857142857143,65.87301587301587,,43.25396825396825,72.22222222222221,40.87301587301587
2023-03-23,69.81292517006803,贪婪,7,90.47619047619048,53.96825396825397,77.38095238095238,81.74603174603175,,55.35714285714286,77.38095238095238,52.38095238095239
2023-03-24,67.12018140589569,贪婪,7,88.88888888888889,51.19047619047619,78.57142857142857,85.71428571428571,,33.730158730158735,69.04761904761905,62.698412698412696
2023-03-27,71.54195011337869,贪婪,7,86.90476190476191,47.61904761904761,84.92063492063492,94.84126984126983,,53.17460317460318,55.158730158730165,78.17460317460318
2023-03-28,64.39909297052154,贪婪,7,85.71428571428571,43.65079365079365,84.52380952380952,75.39682539682539,,59.523809523809526,55.55555555555556,46.42857142857143
2023-03-29,63.01020408163265,贪婪,7,86.11111111111111,46.42857142857143,86.5079365079365,73.01587301587301,,72.02380952380952,32.93650793650794,44.047619047619044
2023-03-30,69.9546485260771,贪婪,7,90.47619047619048,56.74603174603175,82.14285714285714,64.68253968253968,,95.23809523809523,66.26984126984127,34.12698412698413
2023-03-31,69.52947845804988,贪婪,7,92.46031746031747,63.888888888888886,87.6984126984127,67.06349206349206,,95.03968253968253,44.44444444444444,36.11111111111111
2023-04-03,86.19614512471655,极度贪婪,7,97.22222222222221,74.20634920634922,99.2063492063492,99.20634920634922,,95.03968253968253,48.80952380952381,89.68253968253968
2023-04-04,81.4625850340136,极度贪婪,7,99.20634920634922,72.22222222222221,98.80952380952381,100.0,,78.57142857142857,27.380952380952383,94.04761904761905
2023-04-06,72.08049886621316,贪婪,7,97.61904761904762,74.20634920634922,99.2063492063492,96.82539682539682,,25.595238095238095,30.555555555555557,80.55555555555556
2023-04-07,80.75396825396827,极度贪婪,6,100.0,80.15873015873017,98.80952380952381,84.12698412698413,,71.03174603174604,,50.39682539682539
2023-04-10,77.84391534391536,贪婪,6,98.80952380952381,79.76190476190477,99.60317460317461,97.61904761904762,,8.333333333333332,,82.93650793650794
2023-04-11,76.75736961451248,贪婪,7,97.61904761904762,80.55555555555556,99.60317460317461,89.28571428571429,,61.50793650793651,48.80952380952381,59.92063492063492
2023-04-12,75.53854875283446,贪婪,7,96.82539682539682,75.0,99.60317460317461,93.65079365079364,,73.61111111111111,21.428571428571427,68.65079365079364
2023-04-13,73.55442176870748,贪婪,7,92.06349206349206,70.63492063492063,99.60317460317461,93.65079365079364,,68.84920634920636,15.079365079365079,75.0
2023-04-14,74.23469387755101,贪婪,7,95.63492063492063,74.60317460317461,99.2063492063492,92.06349206349206,,50.595238095238095,44.047619047619044,63.49206349206349
2023-04-17,68.05555555555556,贪婪,7,100.0,80.55555555555556,97.61904761904762,92.06349206349206,,16.071428571428573,16.26984126984127,73.80952380952381
2023-04-18,66.15646258503402,贪婪,7,100.0,74.60317460317461,98.01587301587301,81.74603174603175,,30.952380952380953,23.809523809523807,53.96825396825397
2023-04-19,63.43537414965987,贪婪,7,99.20634920634922,61.111111111111114,98.80952380952381,84.12698412698413,,34.523809523809526,7.936507936507936,58.333333333333336
2023-04-20,64.90929705215419,贪婪,7,98.4126984126984,52.38095238095239,98.80952380952381,93.25396825396825,,14.682539682539684,30.952380952380953,65.87301587301587
2023-04-21,56.51927437641723,中性,7,84.92063492063492,25.0,92.46031746031746,97.22222222222221,,5.158730158730158,4.761904761904762,86.11111111111111
2023-04-24,51.360544217687064,中性,7,77.77777777777779,19.047619047619047,93.65079365079364,85.71428571428571,,5.555555555555555,13.88888888888889,63.888888888888886
2023-04-25,52.49433106575963,中性,7,75.39682539682539,16.26984126984127,94.84126984126985,93.65079365079364,,0.7936507936507936,7.5396825396825395,78.96825396825396
2023-04-26,53.34467120181406,中性,7,75.0,13.095238095238097,95.23809523809524,92.06349206349206,,5.952380952380952,24.6031746031746,67.46031746031747
2023-04-27,50.90702947845805,中性,7,78.96825396825396,16.666666666666664,93.25396825396825,77.77777777777779,,7.936507936507936,23.41269841269841,58.333333333333336
2023-04-28,60.54421768707483,贪婪,7,84.52380952380952,28.174603174603174,95.23809523809524,91.66666666666666,,15.873015873015872,26.190476190476193,82.14285714285714
2023-05-04,61.45124716553288,贪婪,7,84.92063492063492,34.12698412698413,95.23809523809524,94.44444444444444,,17.46031746031746,12.3015873015873,91.66666666666666
2023-05-05,57.568027210884345,中性,7,82.14285714285714,30.952380952380953,95.63492063492063,78.96825396825396,,27.18253968253968,15.079365079365079,73.01587301587301
2023-05-08,68.3390022675737,贪婪,7,89.68253968253968,39.682539682539684,94.84126984126985,90.47619047619048,,52.57936507936508,25.396825396825395,85.71428571428571
2023-05-09,66.9501133786848,贪婪,7,82.14285714285714,32.53968253968254,92.46031746031746,96.42857142857143,,41.269841269841265,26.190476190476193,97.61904761904762
2023-05-10,60.770975056689345,贪婪,7,77.38095238095238,26.58730158730159,93.65079365079364,73.4126984126984,,24.6031746031746,68.65079365079364,61.111111111111114
2023-05-11,46.060090702947846,中性,7,75.79365079365078,25.396825396825395,94.04761904761905,42.06349206349206,,14.880952380952381,41.66666666666667,28.57142857142857
2023-05-12,41.553287981859405,中性,7,70.63492063492063,12.698412698412698,87.3015873015873,36.507936507936506,,10.317460317460316,49.2063492063492,24.206349206349206
2023-05-15,58.560090702947846,中性,7,77.77777777777779,25.793650793650798,80.55555555555556,53.96825396825397,,47.61904761904761,85.71428571428571,38.492063492063494
2023-05-16,38.208616780045354,恐惧,7,73.4126984126984,18.650793650793652,79.76190476190476,38.095238095238095,,1.1904761904761905,35.714285714285715,20.634920634920633
2023-05-17,34.183673469387756,恐惧,7,70.63492063492063,15.079365079365079,80.95238095238095,23.41269841269841,,8.73015873015873,29.761904761904763,10.714285714285714
2023-05-18,51.30385487528344,中性,7,70.23809523809523,18.253968253968253,80.95238095238095,40.476190476190474,,94.84126984126983,34.92063492063492,19.444444444444446
2023-05-19,48.75283446712019,中性,7,69.44444444444444,12.896825396825399,82.53968253968254,34.92063492063492,,94.64285714285714,30.952380952380953,15.873015873015872
2023-05-22,47.5907029478458,中性,7,71.82539682539682,30.952380952380953,81.74603174603175,24.6031746031746,,33.13492063492063,77.38095238095238,13.492063492063492
2023-05-23,36.59297052154195,恐惧,7,67.06349206349206,11.11111111111111,77.77777777777777,18.253968253968253,,59.32539682539682,11.904761904761903,10.714285714285714
2023-05-24,41.60997732426305,中性,7,62.698412698412696,6.349206349206349,76.5873015873016,28.57142857142857,,30.555555555555557,71.03174603174604,15.476190476190476
2023-05-25,36.167800453514744,恐惧,7,61.904761904761905,8.73015873015873,76.5873015873016,39.285714285714285,,19.444444444444446,26.58730158730159,20.634920634920633
2023-05-26,46.92460317460317,中性,6,61.904761904761905,13.095238095238097,76.19047619047619,30.555555555555557,,84.32539682539682,,15.476190476190476
2023-05-29,49.88662131519275,中性,7,59.523809523809526,11.507936507936508,75.39682539682539,48.80952380952381,,39.285714285714285,82.93650793650794,31.746031746031743
2023-05-30,53.8265306122449,中性,7,59.92063492063492,25.396825396825395,76.98412698412699,54.36507936507936,,71.62698412698413,56.74603174603175,31.746031746031743
2023-05-31,44.189342403628125,中性,7,57.936507936507944,27.380952380952383,76.19047619047619,56.74603174603175,,21.626984126984127,36.507936507936506,32.93650793650794
2023-06-01,51.275510204081634,中性,7,58.333333333333336,29.365079365079367,81.74603174603175,65.07936507936508,,41.46825396825397,38.88888888888889,44.047619047619044
2023-06-02,57.482993197278915,中性,7,63.095238095238095,44.44444444444444,75.0,55.158730158730165,,41.66666666666667,89.68253968253968,33.33333333333333
2023-06-05,45.91836734693878,中性,7,60.71428571428571,42.857142857142854,76.98412698412699,38.492063492063494,,32.93650793650794,47.22222222222222,22.22222222222222
2023-06-06,42.43197278911565,中性,7,57.53968253968254,19.841269841269842,73.01587301587301,50.79365079365079,,14.484126984126986,40.476190476190474,40.87301587301587
2023-06-07,50.62358276643992,中性,7,55.55555555555556,28.968253968253972,82.53968253968254,27.380952380952383,,80.55555555555556,65.07936507936508,14.285714285714285
2023-06-08,42.80045351473923,中性,7,57.936507936507944,38.492063492063494,83.33333333333334,36.507936507936506,,17.857142857142858,44.44444444444444,21.03174603174603
2023-06-09,57.114512471655324,中性,7,59.523809523809526,49.2063492063492,82.14285714285714,64.68253968253968,,49.007936507936506,51.587301587301596,43.65079365079365
2023-06-12,57.56802721088435,中性,7,61.50793650793651,52.77777777777778,81.34920634920636,59.12698412698413,,72.02380952380952,34.12698412698413,42.06349206349206
2023-06-13,58.70181405895692,中性,7,63.49206349206349,59.12698412698413,83.33333333333334,55.55555555555556,,81.15079365079364,33.730158730158735,34.523809523809526
2023-06-14,70.46485260770974,贪婪,7,63.49206349206349,59.523809523809526,89.68253968253968,69.04761904761905,,94.44444444444444,66.26984126984127,50.79365079365079
2023-06-15,72.05215419501134,贪婪,7,68.25396825396825,75.79365079365078,76.5873015873016,84.12698412698413,,51.19047619047619,88.09523809523809,60.317460317460316
2023-06-16,79.36507936507937,贪婪,7,73.4126984126984,83.73015873015873,74.2063492063492,83.33333333333334,,85.31746031746032,96.03174603174604,59.523809523809526
2023-06-19,70.80498866213152,贪婪,7,69.04761904761905,75.0,75.7936507936508,87.3015873015873,,61.904761904761905,63.888888888888886,62.698412698412696
2023-06-20,69.5578231292517,贪婪,7,67.46031746031747,71.03174603174604,77.77777777777777,85.71428571428571,,81.34920634920636,47.61904761904761,55.952380952380956
2023-06-21,59.637188208616784,中性,7,61.904761904761905,57.14285714285714,72.61904761904762,74.20634920634922,,13.492063492063492,89.68253968253968,48.41269841269841
2023-06-26,51.07709750566893,中性,7,54.36507936507936,28.57142857142857,65.87301587301587,65.07936507936508,,6.746031746031746,87.6984126984127,49.2063492063492
2023-06-27,56.859410430839,中性,7,59.92063492063492,51.98412698412699,65.87301587301587,34.92063492063492,,73.4126984126984,88.4920634920635,23.41269841269841
2023-06-28,43.93424036281179,中性,7,59.523809523809526,44.84126984126984,76.98412698412699,43.65079365079365,,23.41269841269841,28.968253968253972,30.158730158730158
2023-06-29,47.61904761904763,中性,7,55.55555555555556,38.492063492063494,76.98412698412699,38.88888888888889,,84.92063492063492,19.047619047619047,19.444444444444446
2023-06-30,63.97392290249433,贪婪,7,60.317460317460316,56.34920634920635,75.7936507936508,51.587301587301596,,81.94444444444444,92.06349206349206,29.761904761904763
2023-07-03,62.3015873015873,贪婪,7,65.47619047619048,73.80952380952381,65.47619047619048,76.19047619047619,,16.26984126984127,82.14285714285714,56.74603174603175
2023-07-04,53.79818594104308,中性,7,66.26984126984127,75.39682539682539,65.47619047619048,48.01587301587302,,70.23809523809523,14.285714285714285,36.904761904761905
2023-07-05,49.8015873015873,中性,7,63.095238095238095,62.301587301587304,64.68253968253968,35.714285714285715,,52.182539682539684,47.61904761904761,23.015873015873016
2023-07-06,51.13378684807257,中性,7,60.317460317460316,46.42857142857143,73.4126984126984,27.77777777777778,,69.44444444444444,63.888888888888886,16.666666666666664
2023-07-07,36.564625850340136,恐惧,7,56.74603174603175,32.93650793650794,79.76190476190476,23.41269841269841,,25.0,22.22222222222222,15.873015873015872
2023-07-10,45.833333333333336,中性,7,61.111111111111114,44.44444444444444,78.57142857142857,15.476190476190476,,55.75396825396825,55.55555555555556,9.920634920634921
2023-07-11,57.142857142857146,中性,7,63.888888888888886,59.12698412698413,76.98412698412699,19.047619047619047,,83.33333333333334,86.5079365079365,11.11111111111111
2023-07-12,53.93990929705216,中性,7,61.111111111111114,35.317460317460316,75.0,47.22222222222222,,41.86507936507937,79.76190476190477,37.301587301587304
2023-07-13,65.87301587301587,贪婪,7,68.65079365079364,75.79365079365078,64.68253968253968,56.74603174603175,,61.904761904761905,99.60317460317461,33.730158730158735
2023-07-14,55.21541950113379,中性,7,69.04761904761905,72.22222222222221,71.42857142857143,48.41269841269841,,13.492063492063492,78.57142857142857,33.33333333333333
2023-07-17,41.7989417989418,中性,6,63.888888888888886,51.19047619047619,68.65079365079364,27.380952380952383,,25.396825396825395,,14.285714285714285
2023-07-18,44.78458049886621,中性,7,62.301587301587304,43.65079365079365,77.77777777777777,19.047619047619047,,94.84126984126983,3.968253968253968,11.904761904761903
2023-07-19,42.91383219954648,中性,7,61.904761904761905,46.230158730158735,77.77777777777777,9.920634920634921,,94.64285714285714,7.142857142857142,2.7777777777777777
2023-07-20,42.9421768707483,中性,7,58.730158730158735,24.206349206349206,80.15873015873015,23.015873015873016,,24.801587301587304,74.20634920634922,15.476190476190476
2023-07-21,41.52494331065759,中性,7,58.730158730158735,36.11111111111111,82.53968253968254,11.904761904761903,,10.515873015873016,81.74603174603175,9.126984126984127
2023-07-24,38.09523809523809,恐惧,7,55.55555555555556,18.452380952380953,85.71428571428572,5.555555555555555,,61.70634920634921,35.714285714285715,3.968253968253968
2023-07-25,71.85374149659864,贪婪,7,73.4126984126984,66.66666666666666,37.301587301587304,69.84126984126983,,94.64285714285714,99.60317460317461,61.50793650793651
2023-07-26,54.818594104308396,中性,7,72.22222222222221,61.50793650793651,36.904761904761905,28.968253968253972,,79.76190476190477,76.19047619047619,28.174603174603174
2023-07-27,53.628117913832206,中性,7,70.63492063492063,58.730158730158735,37.698412698412696,25.793650793650798,,59.92063492063492,92.46031746031747,30.158730158730158
2023-07-28,72.13718820861678,贪婪,7,88.88888888888889,72.61904761904762,22.222222222222214,71.42857142857143,,73.21428571428571,100.0,76.5873015873016
2023-07-31,81.17913832199545,极度贪婪,7,92.85714285714286,76.5873015873016,25.793650793650784,96.03174603174604,,94.44444444444444,85.71428571428571,96.82539682539682
2023-08-01,67.51700680272108,贪婪,7,90.07936507936508,78.17460317460318,26.587301587301596,69.44444444444444,,60.71428571428571,70.23809523809523,77.38095238095238
2023-08-02,58.19160997732427,中性,7,85.31746031746032,72.61904761904762,26.984126984126988,39.285714285714285,,94.24603174603175,40.07936507936508,48.80952380952381
2023-08-03,55.895691609977334,中性,7,90.47619047619048,78.17460317460318,25.0,37.301587301587304,,34.523809523809526,79.36507936507937,46.42857142857143
2023-08-04,79.30839002267574,贪婪,7,95.63492063492063,84.12698412698413,34.52380952380952,85.31746031746032,,86.11111111111111,77.77777777777779,91.66666666666666
2023-08-07,54.56349206349206,中性,7,88.09523809523809,77.38095238095238,46.82539682539682,49.2063492063492,,4.9603174603174605,67.85714285714286,47.61904761904761
2023-08-08,41.21315192743764,中性,7,84.92063492063492,71.82539682539682,50.7936507936508,28.57142857142857,,11.507936507936508,14.285714285714285,26.58730158730159
2023-08-09,42.91383219954649,中性,7,84.12698412698413,57.14285714285714,48.80952380952381,14.682539682539684,,57.936507936507944,25.0,12.698412698412698
2023-08-10,42.68707482993197,中性,7,84.12698412698413,62.698412698412696,52.38095238095239,10.317460317460316,,47.61904761904761,36.507936507936506,5.158730158730158
2023-08-11,22.47732426303855,恐惧,7,65.07936507936508,7.5396825396825395,22.61904761904762,23.809523809523807,,14.880952380952381,0.3968253968253968,23.015873015873016
2023-08-14,25.5952380952381,恐惧,7,59.92063492063492,7.142857142857142,25.396825396825392,18.650793650793652,,32.34126984126984,20.238095238095237,15.476190476190476
2023-08-15,31.944444444444446,恐惧,7,58.730158730158735,6.746031746031746,25.0,13.095238095238097,,62.5,50.79365079365079,6.746031746031746
2023-08-16,37.01814058956916,恐惧,7,53.57142857142857,7.142857142857142,25.793650793650784,11.507936507936508,,94.04761904761905,59.12698412698413,7.936507936507936
2023-08-17,37.72675736961451,恐惧,7,56.34920634920635,4.761904761904762,26.19047619047619,21.428571428571427,,93.84920634920636,44.047619047619044,17.46031746031746
2023-08-18,19.104308390022677,极度恐惧,7,48.01587301587302,1.5873015873015872,22.61904761904762,21.428571428571427,,15.873015873015872,4.365079365079365,19.841269841269842
2023-08-21,23.24263038548753,恐惧,7,40.87301587301587,1.1904761904761905,20.238095238095227,9.920634920634921,,36.904761904761905,48.41269841269841,5.158730158730158
2023-08-22,25.70861678004535,恐惧,7,43.25396825396825,1.984126984126984,20.238095238095227,41.269841269841265,,38.492063492063494,0.5952380952380952,34.12698412698413
2023-08-23,14.795918367346937,极度恐惧,7,38.492063492063494,1.984126984126984,18.253968253968253,15.079365079365079,,9.523809523809524,9.126984126984127,11.11111111111111
2023-08-24,28.798185941043084,恐惧,7,40.07936507936508,1.984126984126984,19.444444444444443,36.11111111111111,,22.61904761904762,55.158730158730165,26.190476190476193
2023-08-25,16.92176870748299,极度恐惧,7,38.88888888888889,1.3888888888888888,19.444444444444443,28.57142857142857,,2.7777777777777777,1.984126984126984,25.396825396825395
2023-08-28,50.96371882086168,中性,7,43.25396825396825,7.936507936507936,19.04761904761905,97.22222222222221,,87.3015873015873,3.571428571428571,98.4126984126984
2023-08-29,53.316326530612244,中性,7,51.98412698412699,15.873015873015872,17.46031746031747,90.07936507936508,,85.51587301587301,23.809523809523807,88.4920634920635
2023-08-30,55.81065759637188,中性,7,51.587301587301596,21.825396825396826,17.85714285714286,78.96825396825396,,73.21428571428571,71.03174603174604,76.19047619047619
2023-08-31,30.272108843537417,恐惧,7,45.63492063492063,18.253968253968253,18.253968253968253,45.23809523809524,,14.682539682539684,28.968253968253972,40.87301587301587
2023-09-01,39.02116402116402,恐惧,6,52.77777777777778,28.968253968253972,17.063492063492063,17.857142857142858,,93.65079365079364,,23.809523809523807
2023-09-04,59.15532879818594,中性,7,63.49206349206349,73.4126984126984,17.063492063492063,54.36507936507936,,67.26190476190477,78.17460317460318,60.317460317460316
2023-09-05,48.86621315192743,中性,7,57.14285714285714,60.71428571428571,30.158730158730165,35.317460317460316,,82.53968253968253,46.82539682539682,29.365079365079367
2023-09-06,54.450113378684804,中性,7,56.34920634920635,62.301587301587304,30.158730158730165,28.174603174603174,,93.45238095238095,88.88888888888889,21.825396825396826
2023-09-07,32.17120181405896,恐惧,7,43.65079365079365,34.523809523809526,25.396825396825392,25.396825396825395,,49.007936507936506,23.41269841269841,23.809523809523807
2023-09-08,30.059523809523807,恐惧,6,39.682539682539684,28.57142857142857,52.38095238095239,9.920634920634921,,47.023809523809526,,2.7777777777777777
2023-09-11,57.0578231292517,中性,7,47.22222222222222,57.936507936507944,50.0,48.01587301587302,,75.9920634920635,82.93650793650794,37.301587301587304
2023-09-12,48.86621315192743,中性,7,45.23809523809524,58.333333333333336,50.39682539682539,11.904761904761903,,75.79365079365078,95.63492063492063,4.761904761904762
2023-09-13,41.439909297052154,中性,7,38.88888888888889,39.682539682539684,50.7936507936508,12.698412698412698,,93.25396825396825,47.61904761904761,7.142857142857142
2023-09-14,45.266439909297056,中性,7,37.301587301587304,40.87301587301587,57.93650793650794,9.126984126984127,,93.05555555555556,73.80952380952381,4.761904761904762
2023-09-15,44.27437641723356,中性,7,35.714285714285715,36.507936507936506,57.93650793650794,17.857142857142858,,75.79365079365078,69.04761904761905,17.063492063492063
2023-09-18,36.7063492063492,恐惧,7,36.904761904761905,41.269841269841265,56.74603174603175,12.698412698412698,,20.436507936507937,79.36507936507937,9.523809523809524
2023-09-19,34.0702947845805,恐惧,7,36.11111111111111,37.698412698412696,56.74603174603175,4.761904761904762,,13.095238095238097,88.09523809523809,1.984126984126984
2023-09-20,28.373015873015873,恐惧,7,34.92063492063492,26.190476190476193,55.952380952380956,1.1904761904761905,,8.531746031746032,71.42857142857143,0.3968253968253968
2023-09-21,37.13151927437642,恐惧,7,30.952380952380953,11.30952380952381,55.15873015873016,1.984126984126984,,93.05555555555556,66.66666666666666,0.7936507936507936
2023-09-22,48.554421768707485,中性,7,41.66666666666667,38.095238095238095,57.53968253968254,34.92063492063492,,44.642857142857146,99.20634920634922,23.809523809523807
2023-09-25,28.117913832199545,恐惧,7,35.317460317460316,18.253968253968253,57.53968253968254,19.444444444444446,,45.63492063492063,9.523809523809524,11.11111111111111
2023-09-26,24.85827664399093,恐惧,7,31.746031746031743,11.507936507936508,57.142857142857146,9.920634920634921,,26.38888888888889,34.523809523809526,2.7777777777777777
2023-09-27,36.13945578231293,恐惧,7,34.12698412698413,14.285714285714285,58.730158730158735,20.238095238095237,,20.436507936507937,94.04761904761905,11.11111111111111
2023-09-28,31.179138321995463,恐惧,7,30.952380952380953,19.444444444444446,59.12698412698413,19.841269841269842,,48.80952380952381,29.761904761904763,10.317460317460316
2023-10-09,32.2562358276644,恐惧,7,30.158730158730158,26.984126984126984,67.85714285714286,31.746031746031743,,17.063492063492063,27.77777777777778,24.206349206349206
2023-10-10,34.89229024943311,恐惧,7,27.380952380952383,23.41269841269841,74.2063492063492,31.746031746031743,,11.706349206349206,51.19047619047619,24.6031746031746
2023-10-11,44.302721088435376,中性,7,28.57142857142857,38.88888888888889,76.98412698412699,45.63492063492063,,64.48412698412699,17.857142857142858,37.698412698412696
2023-10-12,58.843537414965986,中性,7,34.12698412698413,52.38095238095239,89.28571428571429,42.46031746031746,,64.28571428571429,96.03174603174604,33.33333333333333
2023-10-13,47.19387755102041,中性,7,27.380952380952383,36.7063492063492,86.5079365079365,37.698412698412696,,92.85714285714286,18.253968253968253,30.952380952380953
2023-10-16,40.079365079365076,中性,7,21.825396825396826,16.666666666666664,79.76190476190476,36.904761904761905,,28.174603174603174,61.50793650793651,35.714285714285715
2023-10-17,34.2687074829932,恐惧,7,22.22222222222222,24.6031746031746,89.28571428571429,16.666666666666664,,41.86507936507937,25.0,20.238095238095237
2023-10-18,35.51587301587302,恐惧,7,19.841269841269842,4.761904761904762,92.46031746031746,24.6031746031746,,16.865079365079367,61.50793650793651,28.57142857142857
2023-10-19,29.591836734693878,恐惧,7,15.873015873015872,1.5873015873015872,68.25396825396825,42.06349206349206,,6.349206349206349,26.984126984126984,46.03174603174603
2023-10-20,31.12244897959184,恐惧,7,14.682539682539684,0.3968253968253968,67.85714285714286,18.253968253968253,,13.095238095238097,80.15873015873017,23.41269841269841
2023-10-23,22.949735449735453,恐惧,6,13.88888888888889,0.7936507936507936,70.23809523809524,15.873015873015872,,9.126984126984127,,27.77777777777778
2023-10-24,42.233560090702944,中性,7,13.88888888888889,2.7777777777777777,89.68253968253968,42.06349206349206,,61.111111111111114,42.06349206349206,44.047619047619044
2023-10-25,47.50566893424036,中性,7,14.285714285714285,3.1746031746031744,87.6984126984127,56.74603174603175,,76.19047619047619,32.53968253968254,61.904761904761905
2023-10-26,46.99546485260771,中性,7,15.079365079365079,4.365079365079365,85.71428571428572,47.61904761904761,,53.57142857142857,74.20634920634922,48.41269841269841
2023-10-27,61.678004535147394,贪婪,7,18.253968253968253,19.841269841269842,75.0,74.60317460317461,,76.98412698412699,91.66666666666666,75.39682539682539
2023-10-30,61.6780045351474,贪婪,7,18.650793650793652,56.34920634920635,71.42857142857143,84.52380952380952,,47.61904761904761,63.888888888888886,89.28571428571429
2023-10-31,45.01133786848072,中性,7,18.253968253968253,50.79365079365079,77.77777777777777,61.904761904761905,,27.380952380952383,7.936507936507936,71.03174603174604
2023-11-01,51.672335600907026,中性,7,17.857142857142858,43.65079365079365,77.38095238095238,39.682539682539684,,51.388888888888886,86.11111111111111,45.63492063492063
2023-11-02,45.63492063492064,中性,7,15.873015873015872,25.793650793650798,78.57142857142857,23.015873015873016,,52.77777777777778,92.06349206349206,31.349206349206348
2023-11-03,52.352607709750565,中性,7,18.650793650793652,57.936507936507944,69.44444444444444,40.87301587301587,,58.92857142857143,82.14285714285714,38.492063492063494
2023-11-06,74.97165532879819,贪婪,7,23.41269841269841,80.95238095238095,58.730158730158735,90.87301587301587,,83.92857142857143,94.04761904761905,92.85714285714286
2023-11-07,68.50907029478458,贪婪,7,21.428571428571427,79.76190476190477,60.317460317460316,75.79365079365078,,93.05555555555556,69.04761904761905,80.15873015873017
2023-11-08,64.48412698412699,贪婪,7,19.444444444444446,78.57142857142857,59.92063492063492,82.14285714285714,,64.0873015873016,61.904761904761905,85.31746031746032
2023-11-09,54.47845804988662,中性,7,19.841269841269842,81.74603174603175,61.11111111111111,70.63492063492063,,18.650793650793652,57.14285714285714,72.22222222222221
2023-11-10,37.018140589569164,恐惧,7,17.063492063492063,76.98412698412699,61.507936507936506,40.07936507936508,,11.904761904761903,8.73015873015873,42.857142857142854
2023-11-13,60.770975056689345,贪婪,7,15.873015873015872,77.77777777777779,89.68253968253968,50.0,,63.888888888888886,80.15873015873017,48.01587301587302
2023-11-14,64.42743764172336,贪婪,7,16.26984126984127,83.33333333333334,91.26984126984127,54.761904761904766,,73.21428571428571,75.39682539682539,56.74603174603175
2023-11-15,75.73696145124715,贪婪,7,18.650793650793652,93.65079365079364,87.6984126984127,75.39682539682539,,92.85714285714286,86.5079365079365,75.39682539682539
2023-11-16,52.15419501133787,中性,7,14.682539682539684,81.34920634920636,83.33333333333334,48.80952380952381,,45.63492063492063,48.01587301587302,43.25396825396825
2023-11-17,61.30952380952381,贪婪,7,13.095238095238097,75.39682539682539,83.33333333333334,40.87301587301587,,82.73809523809523,91.26984126984127,42.46031746031746
2023-11-20,66.04308390022676,贪婪,7,14.682539682539684,76.98412698412699,81.74603174603175,63.888888888888886,,92.85714285714286,67.06349206349206,65.07936507936508
2023-11-21,72.61904761904762,贪婪,7,16.26984126984127,80.15873015873017,86.11111111111111,77.77777777777779,,84.52380952380952,79.76190476190477,83.73015873015873
2023-11-22,43.84920634920635,中性,7,9.920634920634921,50.0,77.77777777777777,51.98412698412699,,21.626984126984127,39.285714285714285,56.34920634920635
2023-11-23,47.39229024943311,中性,7,11.904761904761903,59.92063492063492,86.5079365079365,39.682539682539684,,20.238095238095237,69.84126984126983,43.65079365079365
2023-11-24,34.637188208616784,恐惧,7,8.73015873015873,43.25396825396825,89.68253968253968,35.317460317460316,,13.88888888888889,8.73015873015873,42.857142857142854
2023-11-27,41.3265306122449,中性,7,7.142857142857142,30.555555555555557,91.66666666666667,39.285714285714285,,4.365079365079365,64.68253968253968,51.587301587301596
2023-11-28,43.28231292517007,中性,7,7.5396825396825395,42.46031746031746,93.65079365079364,24.6031746031746,,18.055555555555554,88.09523809523809,28.57142857142857
2023-11-29,35.941043083900226,恐惧,7,4.365079365079365,24.6031746031746,91.66666666666667,28.57142857142857,,36.507936507936506,34.92063492063492,30.952380952380953
2023-11-30,50.1984126984127,中性,7,5.158730158730158,26.190476190476193,99.60317460317461,27.77777777777778,,77.97619047619048,82.53968253968253,32.142857142857146
2023-12-01,44.18934240362812,中性,7,3.571428571428571,34.12698412698413,99.60317460317461,50.79365079365079,,69.64285714285714,6.349206349206349,45.23809523809524
2023-12-04,44.86961451247165,中性,7,2.7777777777777777,28.57142857142857,99.60317460317461,52.38095238095239,,62.89682539682539,17.46031746031746,50.39682539682539
2023-12-05,43.140589569161,中性,7,0.7936507936507936,7.142857142857142,96.82539682539682,43.65079365079365,,69.44444444444444,37.301587301587304,46.82539682539682
2023-12-06,49.88662131519275,中性,7,1.1904761904761905,11.904761904761903,96.82539682539682,44.047619047619044,,66.26984126984127,83.73015873015873,45.23809523809524
2023-12-07,37.41496598639456,恐惧,7,0.7936507936507936,10.714285714285714,96.82539682539682,42.06349206349206,,8.73015873015873,55.158730158730165,47.61904761904761
2023-12-08,52.55102040816326,中性,7,1.984126984126984,13.095238095238097,98.80952380952381,75.0,,15.873015873015872,82.53968253968253,80.55555555555556
2023-12-11,57.31292517006802,中性,7,1.984126984126984,33.33333333333333,98.80952380952381,70.23809523809523,,80.95238095238095,42.857142857142854,73.01587301587301
2023-12-12,45.521541950113374,中性,7,2.380952380952381,35.11904761904761,98.01587301587301,33.33333333333333,,78.76984126984127,37.698412698412696,33.33333333333333
2023-12-13,37.358276643990926,恐惧,7,0.3968253968253968,18.253968253968253,94.84126984126985,26.984126984126984,,83.33333333333334,5.952380952380952,31.746031746031743
2023-12-14,38.747165532879826,恐惧,7,0.3968253968253968,14.682539682539684,94.44444444444444,21.03174603174603,,28.76984126984127,86.11111111111111,25.793650793650798
2023-12-15,38.46371882086168,恐惧,7,0.3968253968253968,11.507936507936508,97.22222222222223,27.380952380952383,,54.96031746031746,48.80952380952381,28.968253968253972
2023-12-18,30.668934240362812,恐惧,7,0.3968253968253968,7.5396825396825395,99.60317460317461,12.698412698412698,,13.095238095238097,61.904761904761905,19.444444444444446
2023-12-19,25.907029478458046,恐惧,7,0.7936507936507936,7.936507936507936,99.2063492063492,5.952380952380952,,19.841269841269842,41.269841269841265,6.349206349206349
2023-12-20,30.668934240362812,恐惧,7,0.3968253968253968,5.158730158730158,98.41269841269842,11.11111111111111,,22.61904761904762,64.68253968253968,12.3015873015873
2023-12-21,34.38208616780046,恐惧,7,1.5873015873015872,5.952380952380952,96.03174603174604,29.761904761904763,,45.43650793650794,32.142857142857146,29.761904761904763
2023-12-22,39.115646258503396,恐惧,7,2.380952380952381,6.349206349206349,96.03174603174604,46.82539682539682,,3.571428571428571,75.39682539682539,43.25396825396825
2023-12-25,19.70899470899471,极度恐惧,6,3.1746031746031744,10.317460317460316,94.84126984126985,2.7777777777777777,,4.365079365079365,,2.7777777777777777
2023-12-26,20.13888888888889,恐惧,6,1.984126984126984,9.126984126984127,94.04761904761905,3.1746031746031744,,9.722222222222223,,2.7777777777777777
2023-12-27,31.575963718820862,恐惧,7,3.571428571428571,14.682539682539684,96.03174603174604,5.952380952380952,,6.349206349206349,85.71428571428571,8.73015873015873
2023-12-28,57.85147392290249,中性,7,7.142857142857142,67.46031746031747,60.714285714285715,70.63492063492063,,29.166666666666668,97.22222222222221,72.61904761904762
2023-12-29,57.39795918367346,中性,7,8.333333333333332,80.55555555555556,57.93650793650794,53.57142857142857,,68.05555555555556,82.14285714285714,51.19047619047619
2024-01-02,40.95804988662132,中性,7,6.349206349206349,71.82539682539682,48.01587301587301,33.730158730158735,,74.0079365079365,5.555555555555555,47.22222222222222
2024-01-03,42.43197278911565,中性,7,6.349206349206349,63.095238095238095,49.20634920634921,19.047619047619047,,36.7063492063492,91.26984126984127,31.349206349206348
2024-01-04,28.458049886621318,恐惧,7,4.761904761904762,53.96825396825397,49.60317460317461,5.952380952380952,,29.761904761904763,41.66666666666667,13.492063492063492
2024-01-05,40.64625850340136,中性,7,3.968253968253968,42.46031746031746,52.77777777777778,17.063492063492063,,38.88888888888889,95.23809523809523,34.12698412698413
2024-01-08,16.383219954648528,极度恐惧,7,0.7936507936507936,19.444444444444446,45.238095238095234,5.555555555555555,,9.920634920634921,18.650793650793652,15.079365079365079
2024-01-09,28.344671201814062,恐惧,7,1.1904761904761905,26.984126984126984,45.63492063492064,6.746031746031746,,45.63492063492063,55.55555555555556,16.666666666666664
2024-01-10,22.42063492063492,恐惧,7,0.7936507936507936,21.428571428571427,46.03174603174603,3.571428571428571,,15.277777777777779,57.936507936507944,11.904761904761903
2024-01-11,43.50907029478458,中性,7,1.984126984126984,31.349206349206348,44.44444444444444,15.079365079365079,,93.05555555555556,92.06349206349206,26.58730158730159
2024-01-12,33.843537414965986,恐惧,7,1.5873015873015872,35.91269841269841,45.63492063492064,6.349206349206349,,65.67460317460318,64.68253968253968,17.063492063492063
2024-01-15,34.240362811791385,恐惧,7,1.5873015873015872,35.317460317460316,45.63492063492064,1.1904761904761905,,57.936507936507944,94.04761904761905,3.968253968253968
2024-01-16,28.599773242630388,恐惧,7,5.158730158730158,46.42857142857143,41.269841269841265,11.904761904761903,,58.13492063492064,15.079365079365079,22.22222222222222
2024-01-17,12.414965986394558,极度恐惧,7,0.3968253968253968,9.722222222222223,32.93650793650794,3.968253968253968,,14.087301587301587,14.285714285714285,11.507936507936508
2024-01-18,32.90816326530612,恐惧,7,2.7777777777777777,12.3015873015873,21.825396825396822,63.095238095238095,,12.103174603174603,34.523809523809526,83.73015873015873
2024-01-19,15.02267573696145,极度恐惧,7,1.984126984126984,7.142857142857142,21.825396825396822,10.317460317460316,,9.523809523809524,38.492063492063494,15.873015873015872
2024-01-22,28.401360544217685,恐惧,7,0.3968253968253968,3.1746031746031744,11.904761904761912,45.23809523809524,,0.7936507936507936,68.65079365079364,68.65079365079364
2024-01-23,21.768707482993197,恐惧,7,1.1904761904761905,5.555555555555555,13.095238095238088,21.03174603174603,,5.158730158730158,68.25396825396825,38.095238095238095
2024-01-24,39.455782312925166,恐惧,7,5.555555555555555,24.6031746031746,7.142857142857139,39.285714285714285,,73.80952380952381,63.888888888888886,61.904761904761905
2024-01-25,50.22675736961451,中性,7,12.698412698412698,63.888888888888886,4.761904761904773,66.66666666666666,,58.333333333333336,57.53968253968254,87.6984126984127
2024-01-26,38.492063492063494,恐惧,7,12.3015873015873,63.49206349206349,5.158730158730165,57.53968253968254,,49.60317460317461,6.349206349206349,75.0
2024-01-29,34.41043083900227,恐惧,7,10.317460317460316,58.333333333333336,4.761904761904773,40.476190476190474,,3.571428571428571,53.96825396825397,69.44444444444444
2024-01-30,24.433106575963716,恐惧,7,2.380952380952381,38.492063492063494,0.7936507936507837,7.142857142857142,,1.1904761904761905,90.47619047619048,30.555555555555557
2024-01-31,27.2108843537415,恐惧,7,1.5873015873015872,29.365079365079367,0.39682539682539186,30.952380952380953,,0.3968253968253968,63.095238095238095,64.68253968253968
2024-02-01,27.267573696145124,恐惧,7,1.984126984126984,24.206349206349206,2.7777777777777857,18.253968253968253,,2.380952380952381,88.09523809523809,53.17460317460318
2024-02-02,31.462585034013607,恐惧,7,0.3968253968253968,19.444444444444446,3.1746031746031775,48.01587301587302,,6.746031746031746,56.34920634920635,86.11111111111111
2024-02-05,39.965986394557824,恐惧,7,1.5873015873015872,22.22222222222222,1.1904761904761898,72.22222222222221,,0.3968253968253968,85.71428571428571,96.42857142857143
2024-02-06,52.66439909297052,中性,7,15.079365079365079,65.87301587301587,0.0,76.5873015873016,,14.285714285714285,98.4126984126984,98.4126984126984
2024-02-07,50.34013605442177,中性,7,17.857142857142858,80.95238095238095,0.0,91.66666666666666,,2.7777777777777777,59.12698412698413,100.0
2024-02-08,60.657596371882086,贪婪,7,19.841269841269842,95.23809523809523,0.0,91.66666666666666,,86.11111111111111,32.142857142857146,99.60317460317461
2024-02-19,60.941043083900226,贪婪,7,23.809523809523807,96.42857142857143,1.1904761904761898,82.14285714285714,,93.25396825396825,34.92063492063492,94.84126984126983
2024-02-20,53.20294784580499,中性,7,24.206349206349206,98.80952380952381,1.5873015873015959,36.11111111111111,,93.05555555555556,57.53968253968254,61.111111111111114
2024-02-21,71.71201814058956,贪婪,7,30.952380952380953,99.60317460317461,1.9841269841269877,82.53968253968253,,92.85714285714286,99.60317460317461,94.44444444444444
2024-02-22,62.47165532879819,贪婪,7,33.730158730158735,99.60317460317461,1.1904761904761898,46.03174603174603,,92.85714285714286,99.20634920634922,64.68253968253968
2024-02-23,62.84013605442177,贪婪,7,34.12698412698413,99.60317460317461,2.7777777777777857,69.04761904761905,,92.65873015873017,58.730158730158735,82.93650793650794
2024-02-26,68.08390022675738,贪婪,7,31.349206349206348,99.60317460317461,1.5873015873015959,80.55555555555556,,92.46031746031747,77.77777777777779,93.25396825396825
2024-02-27,69.61451247165533,贪婪,7,35.714285714285715,99.60317460317461,3.5714285714285694,81.34920634920636,,82.14285714285714,97.22222222222221,87.6984126984127
2024-02-28,53.74149659863945,中性,7,31.746031746031743,98.4126984126984,1.1904761904761898,100.0,,3.1746031746031744,41.66666666666667,100.0
2024-02-29,72.33560090702949,贪婪,7,39.285714285714285,99.60317460317461,0.7936507936507837,89.28571428571429,,83.73015873015873,99.20634920634922,94.44444444444444
2024-03-01,57.85147392290249,中性,7,44.44444444444444,99.0079365079365,0.7936507936507837,87.6984126984127,,74.20634920634922,7.142857142857142,91.66666666666666
2024-03-04,57.93650793650794,中性,7,46.03174603174603,96.82539682539682,1.9841269841269877,87.3015873015873,,65.07936507936508,15.079365079365079,93.25396825396825
2024-03-05,67.9421768707483,贪婪,7,53.17460317460318,96.42857142857143,1.9841269841269877,91.66666666666666,,75.59523809523809,66.26984126984127,90.47619047619048
2024-03-06,60.06235827664399,贪婪,7,50.39682539682539,96.03174603174604,0.7936507936507837,70.63492063492063,,92.65873015873017,36.904761904761905,73.01587301587301
2024-03-07,57.2562358276644,中性,7,44.84126984126984,94.84126984126983,6.349206349206355,74.20634920634922,,75.39682539682539,20.238095238095237,84.92063492063492
2024-03-08,58.92857142857143,中性,7,50.39682539682539,93.84920634920636,6.746031746031747,54.761904761904766,,76.98412698412699,71.82539682539682,57.936507936507944
2024-03-11,73.49773242630386,贪婪,7,63.49206349206349,96.82539682539682,6.746031746031747,80.55555555555556,,92.65873015873017,92.06349206349206,82.14285714285714
2024-03-12,74.8015873015873,贪婪,7,64.68253968253968,94.84126984126983,7.539682539682531,96.42857142857143,,92.65873015873017,69.84126984126983,97.61904761904762
2024-03-13,61.62131519274377,贪婪,7,60.317460317460316,88.4920634920635,7.539682539682531,84.92063492063492,,92.46031746031747,8.333333333333332,89.28571428571429
2024-03-14,68.02721088435375,贪婪,7,58.730158730158735,87.6984126984127,7.936507936507937,79.76190476190477,,75.79365079365078,80.15873015873017,86.11111111111111
2024-03-15,67.5453514739229,贪婪,7,62.301587301587304,86.90476190476191,9.126984126984127,66.66666666666666,,78.37301587301587,94.44444444444444,75.0
2024-03-18,76.70068027210884,贪婪,7,69.04761904761905,90.07936507936508,9.126984126984127,96.03174603174604,,83.73015873015873,92.85714285714286,96.03174603174604
2024-03-19,63.435374149659864,贪婪,7,65.07936507936508,84.52380952380952,10.317460317460316,85.31746031746032,,92.46031746031747,15.873015873015872,90.47619047619048
2024-03-20,61.734693877551024,贪婪,7,66.26984126984127,86.11111111111111,18.253968253968253,76.5873015873016,,92.46031746031747,13.88888888888889,78.57142857142857
2024-03-21,61.76303854875284,贪婪,7,66.26984126984127,84.12698412698413,21.03174603174604,84.52380952380952,,74.8015873015873,11.11111111111111,90.47619047619048
2024-03-22,57.256235827664405,中性,7,56.34920634920635,68.65079365079364,17.46031746031747,91.26984126984127,,40.476190476190474,32.142857142857146,94.44444444444444
2024-03-25,54.93197278911565,中性,7,50.79365079365079,42.857142857142854,20.634920634920633,80.15873015873017,,15.476190476190476,86.11111111111111,88.4920634920635
2024-03-26,45.97505668934241,中性,7,58.333333333333336,52.77777777777778,21.03174603174604,68.25396825396825,,36.11111111111111,13.095238095238097,72.22222222222221
2024-03-27,36.904761904761905,恐惧,7,44.44444444444444,13.492063492063492,57.93650793650794,57.14285714285714,,8.73015873015873,11.507936507936508,65.07936507936508
2024-03-28,50.36848072562358,中性,7,51.587301587301596,21.825396825396826,61.507936507936506,63.49206349206349,,81.15079365079364,2.7777777777777777,70.23809523809523
2024-03-29,55.75396825396825,中性,6,57.936507936507944,50.39682539682539,63.095238095238095,50.0,,57.14285714285714,,55.952380952380956
2024-04-01,69.94047619047619,贪婪,6,75.0,76.19047619047619,51.98412698412698,76.19047619047619,,58.92857142857143,,81.34920634920636
2024-04-02,67.1485260770975,贪婪,7,72.22222222222221,72.61904761904762,47.22222222222222,68.65079365079364,,60.51587301587301,71.42857142857143,77.38095238095238
2024-04-03,63.718820861678005,贪婪,7,69.04761904761905,68.65079365079364,59.92063492063492,57.936507936507944,,43.65079365079365,76.98412698412699,69.84126984126983
2024-04-08,48.92290249433107,中性,7,61.111111111111114,54.761904761904766,56.34920634920635,63.095238095238095,,7.5396825396825395,23.41269841269841,76.19047619047619
2024-04-09,50.05668934240363,中性,7,61.111111111111114,55.952380952380956,55.952380952380956,36.11111111111111,,36.507936507936506,63.888888888888886,40.87301587301587
2024-04-10,43.877551020408156,中性,7,48.80952380952381,42.857142857142854,59.92063492063492,43.65079365079365,,17.857142857142858,39.682539682539684,54.36507936507936
2024-04-11,45.94671201814059,中性,7,50.0,46.82539682539682,72.61904761904762,39.682539682539684,,35.51587301587302,26.58730158730159,50.39682539682539
2024-04-12,41.21315192743764,中性,7,42.46031746031746,33.33333333333333,78.17460317460318,37.301587301587304,,45.23809523809524,1.1904761904761905,50.79365079365079
2024-04-15,63.775510204081634,贪婪,7,69.84126984126983,61.50793650793651,72.61904761904762,77.38095238095238,,1.1904761904761905,72.22222222222221,91.66666666666666
2024-04-16,49.37641723356008,中性,7,56.34920634920635,40.87301587301587,65.87301587301587,69.44444444444444,,0.7936507936507936,25.793650793650798,86.5079365079365
2024-04-17,62.6984126984127,贪婪,7,76.19047619047619,65.07936507936508,42.46031746031746,68.25396825396825,,93.65079365079364,16.26984126984127,76.98412698412699
2024-04-18,59.12698412698412,中性,7,78.17460317460318,65.87301587301587,46.82539682539682,70.23809523809523,,69.44444444444444,3.1746031746031744,80.15873015873017
2024-04-19,50.396825396825406,中性,7,70.63492063492063,63.095238095238095,42.063492063492056,55.55555555555556,,48.41269841269841,11.507936507936508,61.50793650793651
2024-04-22,54.421768707483,中性,7,69.04761904761905,59.92063492063492,45.238095238095234,40.87301587301587,,19.047619047619047,91.66666666666666,55.158730158730165
2024-04-23,34.94897959183673,恐惧,7,58.730158730158735,40.27777777777778,42.063492063492056,26.58730158730159,,24.206349206349206,13.88888888888889,38.88888888888889
2024-04-24,59.637188208616784,中性,7,67.85714285714286,57.936507936507944,59.12698412698413,34.92063492063492,,65.47619047619048,95.23809523809523,36.904761904761905
2024-04-25,52.66439909297052,中性,7,71.42857142857143,61.50793650793651,59.12698412698413,30.158730158730158,,47.22222222222222,69.84126984126983,29.365079365079367
2024-04-26,83.61678004535146,极度贪婪,7,85.31746031746032,86.90476190476191,38.49206349206349,94.44444444444444,,86.11111111111111,98.01587301587301,96.03174603174604
2024-04-29,79.93197278911565,贪婪,7,91.66666666666666,92.85714285714286,32.14285714285714,99.60317460317461,,60.71428571428571,83.33333333333334,99.20634920634922
2024-04-30,64.73922902494331,贪婪,7,90.07936507936508,89.68253968253968,31.746031746031747,84.52380952380952,,19.444444444444446,45.23809523809524,92.46031746031747
2024-05-06,79.47845804988661,贪婪,7,94.84126984126983,93.25396825396825,28.174603174603178,94.04761904761905,,65.47619047619048,84.92063492063492,95.63492063492063
2024-05-07,73.44104308390023,贪婪,7,95.63492063492063,92.85714285714286,31.349206349206355,72.61904761904762,,93.45238095238095,49.2063492063492,78.96825396825396
2024-05-08,61.564625850340136,贪婪,7,92.46031746031747,90.87301587301587,27.777777777777786,55.55555555555556,,62.698412698412696,43.65079365079365,57.936507936507944
2024-05-09,74.88662131519274,贪婪,7,97.22222222222221,94.84126984126983,27.777777777777786,62.301587301587304,,81.34920634920636,94.84126984126983,65.87301587301587
2024-05-10,61.961451247165535,贪婪,7,97.22222222222221,94.44444444444444,30.555555555555557,67.06349206349206,,58.730158730158735,16.666666666666664,69.04761904761905
2024-05-13,61.76303854875283,贪婪,7,96.82539682539682,91.66666666666666,33.730158730158735,61.904761904761905,,28.373015873015873,49.60317460317461,70.23809523809523
2024-05-14,52.49433106575964,中性,7,95.23809523809523,90.87301587301587,34.12698412698413,40.07936507936508,,40.476190476190474,13.88888888888889,52.77777777777778
2024-05-15,53.30687830687831,中性,6,92.06349206349206,81.34920634920636,35.317460317460316,19.841269841269842,,57.53968253968254,,33.730158730158735
2024-05-16,72.47732426303854,贪婪,7,93.25396825396825,81.34920634920636,36.111111111111114,55.55555555555556,,82.34126984126983,96.82539682539682,61.904761904761905
2024-05-17,72.67573696145125,贪婪,7,99.20634920634922,89.68253968253968,34.52380952380952,62.301587301587304,,74.60317460317461,78.96825396825396,69.44444444444444
2024-05-20,76.8140589569161,贪婪,7,100.0,93.65079365079364,48.80952380952381,84.12698412698413,,37.301587301587304,87.6984126984127,86.11111111111111
2024-05-21,56.09410430839002,中性,7,98.80952380952381,85.31746031746032,49.20634920634921,36.11111111111111,,37.5,41.269841269841265,44.44444444444444
2024-05-22,69.86961451247166,贪婪,7,99.20634920634922,85.31746031746032,52.77777777777778,44.047619047619044,,63.29365079365079,91.26984126984127,53.17460317460318
2024-05-23,56.77437641723356,中性,7,93.25396825396825,49.2063492063492,43.65079365079365,55.158730158730165,,35.11904761904761,63.49206349206349,57.53968253968254
2024-05-24,36.50793650793651,恐惧,7,90.47619047619048,26.58730158730159,35.317460317460316,25.793650793650798,,29.761904761904763,19.047619047619047,28.57142857142857
2024-05-27,45.9750566893424,中性,7,92.06349206349206,42.46031746031746,36.111111111111114,26.984126984126984,,10.714285714285714,76.5873015873016,36.904761904761905
2024-05-28,34.94897959183674,恐惧,7,90.07936507936508,34.12698412698413,33.730158730158735,18.650793650793652,,31.944444444444443,9.523809523809524,26.58730158730159
2024-05-29,42.40362811791383,中性,7,90.87301587301587,34.92063492063492,38.49206349206349,11.904761904761903,,44.44444444444444,60.71428571428571,15.476190476190476
2024-05-30,33.10657596371882,恐惧,7,88.4920634920635,16.26984126984127,74.2063492063492,15.079365079365079,,13.88888888888889,1.1904761904761905,22.61904761904762
2024-05-31,38.265306122448976,恐惧,7,88.09523809523809,12.698412698412698,82.93650793650794,13.88888888888889,,52.38095238095239,1.5873015873015872,16.26984126984127
2024-06-03,56.49092970521542,中性,7,88.09523809523809,12.896825396825399,91.66666666666667,49.60317460317461,,4.365079365079365,90.87301587301587,57.936507936507944
2024-06-04,40.9297052154195,中性,7,90.87301587301587,28.174603174603174,91.26984126984127,20.634920634920633,,5.952380952380952,17.46031746031746,32.142857142857146
2024-06-05,41.3265306122449,中性,7,88.88888888888889,17.857142857142858,91.26984126984127,7.936507936507936,,42.06349206349206,26.190476190476193,15.079365079365079
2024-06-06,59.35374149659864,中性,7,88.4920634920635,16.666666666666664,91.26984126984127,55.55555555555556,,1.1904761904761905,93.25396825396825,69.04761904761905
2024-06-07,41.12811791383219,中性,7,86.5079365079365,15.079365079365079,91.66666666666667,17.063492063492063,,43.84920634920635,11.507936507936508,22.22222222222222
2024-06-11,41.89342403628119,中性,7,82.93650793650794,14.285714285714285,89.68253968253968,13.492063492063492,,32.142857142857146,40.87301587301587,19.841269841269842
2024-06-12,42.46031746031746,中性,7,83.33333333333334,21.428571428571427,90.07936507936508,8.73015873015873,,29.761904761904763,50.79365079365079,13.095238095238097
2024-06-13,49.82993197278911,中性,7,79.76190476190477,24.6031746031746,93.65079365079364,24.206349206349206,,50.79365079365079,47.22222222222222,28.57142857142857
2024-06-14,55.357142857142854,中性,7,82.93650793650794,26.58730158730159,96.03174603174604,58.730158730158735,,58.13492063492064,7.936507936507936,57.14285714285714
2024-06-17,44.132653061224495,中性,7,81.74603174603175,32.142857142857146,96.03174603174604,25.0,,47.023809523809526,2.7777777777777777,24.206349206349206
2024-06-18,51.44557823129252,中性,7,83.73015873015873,44.44444444444444,99.60317460317461,23.809523809523807,,70.83333333333334,15.873015873015872,21.825396825396826
2024-06-19,45.63492063492064,中性,7,79.76190476190477,31.349206349206348,99.2063492063492,15.476190476190476,,60.317460317460316,21.428571428571427,11.904761904761903
2024-06-20,41.26984126984127,中性,7,74.60317460317461,20.634920634920633,99.2063492063492,19.047619047619047,,36.904761904761905,14.682539682539684,23.809523809523807
2024-06-21,38.435374149659864,恐惧,7,71.82539682539682,18.650793650793652,99.60317460317461,2.7777777777777777,,11.507936507936508,61.904761904761905,2.7777777777777777
2024-06-24,40.589569160997726,中性,7,66.26984126984127,8.73015873015873,99.2063492063492,16.26984126984127,,7.142857142857142,64.28571428571429,22.22222222222222
2024-06-25,29.138321995464853,恐惧,7,59.92063492063492,1.1904761904761905,98.80952380952381,7.936507936507936,,7.142857142857142,19.047619047619047,9.920634920634921
2024-06-26,44.07596371882086,中性,7,68.65079365079364,11.11111111111111,98.41269841269842,7.142857142857142,,55.35714285714286,60.71428571428571,7.142857142857142
2024-06-27,30.753968253968253,恐惧,7,58.730158730158735,7.142857142857142,98.41269841269842,3.968253968253968,,39.08730158730159,4.761904761904762,3.1746031746031744
2024-06-28,47.10884353741498,中性,7,61.904761904761905,16.666666666666664,98.41269841269842,23.41269841269841,,43.25396825396825,65.07936507936508,21.03174603174603
2024-07-01,41.93121693121693,中性,6,69.44444444444444,34.523809523809526,99.60317460317461,4.761904761904762,,34.92063492063492,,8.333333333333332
2024-07-02,48.214285714285715,中性,7,68.25396825396825,34.32539682539682,99.60317460317461,4.761904761904762,,67.06349206349206,54.761904761904766,8.73015873015873
2024-07-03,40.81632653061224,中性,7,65.47619047619048,32.53968253968254,99.60317460317461,1.1904761904761905,,53.96825396825397,31.349206349206348,1.5873015873015872
2024-07-04,31.462585034013607,恐惧,7,59.523809523809526,24.404761904761905,99.60317460317461,1.984126984126984,,14.484126984126986,17.063492063492063,3.1746031746031744
2024-07-05,40.95804988662131,中性,7,51.98412698412699,20.634920634920633,99.60317460317461,1.5873015873015872,,54.96031746031746,55.952380952380956,1.984126984126984
2024-07-08,30.130385487528347,恐惧,7,44.44444444444444,15.079365079365079,99.60317460317461,1.5873015873015872,,34.72222222222222,11.11111111111111,4.365079365079365
2024-07-09,51.58730158730158,中性,7,58.333333333333336,31.746031746031743,98.80952380952381,28.57142857142857,,11.507936507936508,96.82539682539682,35.317460317460316
2024-07-10,44.78458049886621,中性,7,53.17460317460318,25.396825396825395,99.2063492063492,11.904761904761903,,29.761904761904763,75.39682539682539,18.650793650793652
2024-07-11,70.77664399092971,贪婪,7,72.22222222222221,56.74603174603175,96.42857142857143,49.60317460317461,,93.84920634920636,77.77777777777779,48.80952380952381
2024-07-12,58.04988662131519,中性,7,74.20634920634922,59.523809523809526,96.82539682539682,15.476190476190476,,53.57142857142857,87.6984126984127,19.047619047619047
2024-07-15,46.626984126984134,中性,7,76.19047619047619,57.53968253968254,96.82539682539682,3.1746031746031744,,38.69047619047619,51.587301587301596,2.380952380952381
2024-07-16,52.52267573696145,中性,7,79.76190476190477,67.06349206349206,95.23809523809524,9.126984126984127,,66.07142857142857,45.63492063492063,4.761904761904762
2024-07-17,46.20181405895692,中性,7,81.34920634920636,66.66666666666666,97.61904761904762,16.26984126984127,,26.58730158730159,19.841269841269842,15.079365079365079
2024-07-18,59.43877551020408,中性,7,84.92063492063492,72.22222222222221,96.42857142857143,18.253968253968253,,45.83333333333333,86.5079365079365,11.904761904761903
2024-07-19,55.18707482993198,中性,7,86.5079365079365,72.61904761904762,94.44444444444444,19.841269841269842,,64.48412698412699,33.33333333333333,15.079365079365079
2024-07-22,54.676870748299315,中性,7,83.73015873015873,71.82539682539682,93.65079365079364,9.920634920634921,,54.166666666666664,52.77777777777778,16.666666666666664
2024-07-23,40.532879818594104,中性,7,62.698412698412696,28.174603174603174,85.71428571428572,11.904761904761903,,45.23809523809524,28.57142857142857,21.428571428571427
2024-07-24,33.50340136054422,恐惧,7,54.36507936507936,19.444444444444446,84.52380952380952,4.761904761904762,,9.920634920634921,50.79365079365079,10.714285714285714
2024-07-25,34.97732426303855,恐惧,7,50.0,17.261904761904763,84.12698412698413,3.1746031746031744,,61.30952380952381,25.793650793650798,3.1746031746031744
2024-07-26,45.238095238095234,中性,7,52.38095238095239,25.0,85.31746031746032,3.571428571428571,,51.19047619047619,91.26984126984127,7.936507936507936
2024-07-29,36.394557823129254,恐惧,7,46.42857142857143,17.063492063492063,83.33333333333334,1.1904761904761905,,94.04761904761905,11.507936507936508,1.1904761904761905
2024-07-30,42.573696145124714,中性,7,42.46031746031746,16.865079365079367,82.93650793650794,3.968253968253968,,81.15079365079364,61.50793650793651,9.126984126984127
2024-07-31,79.8185941043084,贪婪,7,69.84126984126983,71.82539682539682,66.26984126984127,79.36507936507937,,87.3015873015873,99.60317460317461,84.52380952380952
2024-08-01,58.843537414965986,中性,7,61.50793650793651,64.68253968253968,66.26984126984127,48.80952380952381,,72.61904761904762,37.698412698412696,60.317460317460316
2024-08-02,46.626984126984134,中性,7,47.22222222222222,49.2063492063492,61.11111111111111,27.77777777777778,,52.976190476190474,44.44444444444444,43.65079365079365
2024-08-05,45.43650793650794,中性,7,38.492063492063494,23.41269841269841,55.952380952380956,56.74603174603175,,12.896825396825399,62.301587301587304,68.25396825396825
2024-08-06,27.77777777777778,恐惧,7,39.285714285714285,37.698412698412696,56.74603174603175,14.682539682539684,,13.88888888888889,1.5873015873015872,30.555555555555557
2024-08-07,29.76190476190476,恐惧,7,39.682539682539684,33.33333333333333,61.11111111111111,3.968253968253968,,17.46031746031746,44.047619047619044,8.73015873015873
2024-08-08,32.993197278911566,恐惧,7,40.476190476190474,41.66666666666667,62.698412698412696,5.555555555555555,,24.206349206349206,36.904761904761905,19.444444444444446
2024-08-09,25.056689342403633,恐惧,7,38.492063492063494,19.444444444444446,63.492063492063494,0.3968253968253968,,34.523809523809526,11.11111111111111,7.936507936507936
2024-08-12,28.8265306122449,恐惧,7,38.492063492063494,22.023809523809522,65.07936507936509,0.3968253968253968,,20.238095238095237,54.761904761904766,0.7936507936507936
2024-08-13,33.16326530612245,恐惧,7,41.269841269841265,26.984126984126984,63.88888888888889,0.3968253968253968,,51.98412698412699,47.22222222222222,0.3968253968253968
2024-08-14,33.73015873015873,恐惧,7,36.904761904761905,7.142857142857142,60.317460317460316,0.3968253968253968,,78.17460317460318,52.77777777777778,0.3968253968253968
2024-08-15,48.52607709750566,中性,7,44.84126984126984,34.523809523809526,53.17460317460318,6.349206349206349,,94.44444444444444,92.06349206349206,14.285714285714285
2024-08-16,32.90816326530612,恐惧,7,46.82539682539682,40.87301587301587,53.57142857142857,4.761904761904762,,31.547619047619047,42.46031746031746,10.317460317460316
2024-08-19,41.156462585034014,中性,7,50.79365079365079,56.74603174603175,57.142857142857146,2.7777777777777777,,15.277777777777779,99.8015873015873,5.555555555555555
2024-08-20,39.512471655328795,恐惧,7,44.84126984126984,29.365079365079367,64.28571428571428,2.380952380952381,,28.968253968253972,99.60317460317461,7.142857142857142
2024-08-21,42.77210884353742,中性,7,42.857142857142854,23.41269841269841,63.88888888888889,1.5873015873015872,,67.06349206349206,99.40476190476191,1.1904761904761905
2024-08-22,38.662131519274375,恐惧,7,40.07936507936508,25.396825396825395,73.01587301587301,1.984126984126984,,28.174603174603174,99.20634920634922,2.7777777777777777
2024-08-23,38.26530612244898,恐惧,7,46.03174603174603,32.142857142857146,71.42857142857143,1.984126984126984,,15.476190476190476,99.20634920634922,1.5873015873015872
2024-08-26,41.80839002267573,中性,7,46.03174603174603,36.11111111111111,71.82539682539682,2.380952380952381,,34.523809523809526,99.0079365079365,2.7777777777777777
2024-08-27,41.89342403628118,中性,7,39.682539682539684,30.357142857142854,73.80952380952381,2.380952380952381,,46.62698412698413,98.80952380952381,1.5873015873015872
2024-08-28,40.901360544217695,中性,7,36.507936507936506,19.841269841269842,73.4126984126984,1.984126984126984,,54.761904761904766,98.61111111111111,1.1904761904761905
2024-08-29,46.45691609977324,中性,7,36.11111111111111,11.904761904761903,76.5873015873016,10.714285714285714,,76.38888888888889,98.4126984126984,15.079365079365079
2024-08-30,76.58730158730158,贪婪,7,50.0,68.65079365079364,64.68253968253968,75.79365079365078,,94.64285714285714,98.21428571428571,84.12698412698413
2024-09-02,49.007936507936506,中性,7,34.92063492063492,26.38888888888889,49.60317460317461,30.555555555555557,,50.0,98.01587301587301,53.57142857142857
2024-09-03,48.270975056689345,中性,7,36.904761904761905,50.79365079365079,74.2063492063492,6.349206349206349,,56.74603174603175,97.81746031746032,15.079365079365079
2024-09-04,47.137188208616784,中性,7,33.730158730158735,40.87301587301587,73.4126984126984,3.571428571428571,,74.0079365079365,97.61904761904762,6.746031746031746
2024-09-05,52.69274376417234,中性,7,34.92063492063492,59.523809523809526,74.60317460317461,3.571428571428571,,94.44444444444444,97.42063492063492,4.365079365079365
2024-09-06,36.80555555555556,恐惧,6,31.746031746031743,26.190476190476193,72.22222222222223,3.571428571428571,,81.94444444444444,,5.158730158730158
2024-09-09,34.807256235827666,恐惧,7,25.793650793650798,9.920634920634921,65.87301587301587,3.571428571428571,,36.11111111111111,97.22222222222221,5.158730158730158
2024-09-10,32.709750566893426,恐惧,7,26.58730158730159,18.650793650793652,66.66666666666667,3.968253968253968,,10.912698412698413,97.02380952380952,5.158730158730158
2024-09-11,36.848072562358276,恐惧,7,25.396825396825395,35.317460317460316,88.0952380952381,1.984126984126984,,9.126984126984127,93.65079365079364,4.365079365079365
2024-09-12,40.98639455782313,中性,7,24.206349206349206,29.761904761904763,88.4920634920635,3.571428571428571,,42.46031746031746,93.65079365079364,4.761904761904762
2024-09-13,33.50340136054422,恐惧,7,23.809523809523807,9.523809523809524,88.88888888888889,3.968253968253968,,11.507936507936508,90.47619047619048,6.349206349206349
2024-09-18,25.826719576719572,恐惧,6,25.396825396825395,26.58730158730159,90.87301587301587,1.1904761904761905,,6.15079365079365,,4.761904761904762
2024-09-19,58.673469387755105,中性,7,30.158730158730158,51.98412698412699,88.0952380952381,18.253968253968253,,84.92063492063492,96.82539682539682,40.476190476190474
2024-09-20,52.6360544217687,中性,7,31.746031746031743,51.587301587301596,87.6984126984127,11.507936507936508,,95.03968253968253,66.66666666666666,24.206349206349206
2024-09-23,41.55328798185941,中性,7,35.714285714285715,57.14285714285714,86.9047619047619,7.5396825396825395,,62.301587301587304,28.174603174603174,13.095238095238097
2024-09-24,77.6360544217687,贪婪,7,74.60317460317461,95.23809523809523,11.904761904761912,92.85714285714286,,79.16666666666666,92.46031746031747,97.22222222222221
2024-09-25,82.70975056689342,极度贪婪,7,85.31746031746032,97.61904761904762,11.904761904761912,99.20634920634922,,88.69047619047619,96.62698412698413,99.60317460317461
2024-09-26,82.62471655328798,极度贪婪,7,100.0,98.80952380952381,0.0,99.60317460317461,,84.32539682539682,96.42857142857143,99.20634920634922
2024-09-27,82.99319727891157,极度贪婪,7,100.0,100.0,0.0,100.0,,89.68253968253968,91.66666666666666,99.60317460317461
2024-09-30,84.46712018140589,极度贪婪,7,100.0,100.0,0.0,100.0,,95.03968253968253,96.23015873015873,100.0
2024-10-08,84.12698412698413,极度贪婪,7,100.0,98.01587301587301,0.0,100.0,,94.84126984126983,96.03174603174604,100.0
2024-10-09,70.46485260770974,贪婪,7,99.20634920634922,97.81746031746032,0.0,99.60317460317461,,1.1904761904761905,95.83333333333334,99.60317460317461
2024-10-10,73.72448979591836,贪婪,7,99.20634920634922,97.61904761904762,0.39682539682539186,98.80952380952381,,31.944444444444443,89.28571428571429,98.80952380952381
2024-10-11,66.3690476190476,贪婪,6,98.4126984126984,96.82539682539682,0.0,98.4126984126984,,6.15079365079365,,98.4126984126984
2024-10-14,78.06122448979592,贪婪,7,98.80952380952381,97.42063492063492,0.0,98.4126984126984,,64.0873015873016,89.28571428571429,98.4126984126984
2024-10-15,79.70521541950113,贪婪,7,97.61904761904762,95.23809523809523,0.0,98.01587301587301,,80.95238095238095,88.4920634920635,97.61904761904762
2024-10-16,74.14965986394557,贪婪,7,97.22222222222221,91.86507936507937,0.0,97.22222222222221,,50.595238095238095,86.5079365079365,95.63492063492063
2024-10-17,76.24716553287983,贪婪,7,96.82539682539682,86.5079365079365,0.0,97.22222222222221,,71.42857142857143,85.31746031746032,96.42857142857143
2024-10-18,82.90816326530613,极度贪婪,7,98.01587301587301,95.03968253968253,0.0,98.4126984126984,,94.84126984126983,95.63492063492063,98.4126984126984
2024-10-21,82.31292517006803,极度贪婪,7,98.01587301587301,90.47619047619048,0.39682539682539186,98.80952380952381,,94.64285714285714,95.43650793650794,98.4126984126984
2024-10-22,81.29251700680273,极度贪婪,7,98.01587301587301,91.26984126984127,0.7936507936507837,97.61904761904762,,94.44444444444444,89.28571428571429,97.61904761904762
2024-10-23,79.96031746031746,贪婪,7,98.80952380952381,89.68253968253968,1.1904761904761898,97.61904761904762,,85.11904761904762,89.68253968253968,97.61904761904762
2024-10-24,75.28344671201815,贪婪,7,96.42857142857143,83.33333333333334,1.1904761904761898,95.63492063492063,,72.22222222222221,83.33333333333334,94.84126984126983
2024-10-25,78.54308390022675,贪婪,7,97.22222222222221,81.34920634920636,1.5873015873015959,96.82539682539682,,94.24603174603175,81.74603174603175,96.82539682539682
2024-10-28,77.32426303854875,贪婪,7,97.61904761904762,82.14285714285714,1.9841269841269877,96.82539682539682,,84.12698412698413,81.34920634920636,97.22222222222221
2024-10-29,77.38095238095238,贪婪,7,95.23809523809523,72.61904761904762,1.5873015873015959,97.61904761904762,,88.09523809523809,88.09523809523809,98.4126984126984
2024-10-30,70.01133786848072,贪婪,7,94.44444444444444,63.888888888888886,2.7777777777777857,96.03174603174604,,67.85714285714286,68.25396825396825,96.82539682539682
2024-10-31,73.63945578231292,贪婪,7,94.04761904761905,63.095238095238095,2.7777777777777857,97.61904761904762,,88.09523809523809,71.03174603174604,98.80952380952381
2024-11-01,60.770975056689345,贪婪,7,93.65079365079364,57.936507936507944,3.5714285714285694,97.22222222222221,,5.952380952380952,68.25396825396825,98.80952380952381
2024-11-04,59.24036281179138,中性,7,96.03174603174604,68.25396825396825,4.365079365079367,93.65079365079364,,13.88888888888889,44.047619047619044,94.44444444444444
2024-11-05,69.27437641723355,贪婪,7,99.20634920634922,89.28571428571429,2.7777777777777857,98.80952380952381,,94.04761904761905,2.380952380952381,98.4126984126984
2024-11-06,66.66666666666667,贪婪,7,98.80952380952381,83.73015873015873,1.5873015873015959,98.80952380952381,,84.52380952380952,0.3968253968253968,98.80952380952381
2024-11-07,65.3061224489796,贪婪,7,99.60317460317461,95.63492063492063,0.0,98.4126984126984,,62.301587301587304,2.380952380952381,98.80952380952381
2024-11-08,71.68367346938776,贪婪,7,99.20634920634922,90.67460317460318,0.0,99.20634920634922,,81.74603174603175,32.142857142857146,98.80952380952381
2024-11-11,67.91383219954649,贪婪,7,99.20634920634922,85.31746031746032,0.39682539682539186,97.61904761904762,,47.61904761904761,47.61904761904761,97.61904761904762
2024-11-12,71.03174603174602,贪婪,7,98.4126984126984,75.39682539682539,4.365079365079367,98.01587301587301,,53.17460317460318,70.23809523809523,97.61904761904762
2024-11-13,67.74376417233562,贪婪,7,98.4126984126984,78.57142857142857,6.349206349206355,94.04761904761905,,58.333333333333336,44.44444444444444,94.04761904761905
2024-11-14,61.564625850340136,贪婪,7,96.82539682539682,67.06349206349206,8.730158730158735,92.46031746031747,,32.142857142857146,41.66666666666667,92.06349206349206
2024-11-15,52.66439909297052,中性,7,92.85714285714286,47.22222222222222,9.920634920634924,92.46031746031747,,26.58730158730159,7.936507936507936,91.66666666666666
2024-11-18,47.534013605442176,中性,7,90.87301587301587,18.452380952380953,11.507936507936506,90.87301587301587,,11.904761904761903,16.666666666666664,92.46031746031747
2024-11-19,55.66893424036281,中性,7,93.25396825396825,43.65079365079365,12.301587301587304,88.88888888888889,,41.66666666666667,21.03174603174603,88.88888888888889
2024-11-20,61.791383219954646,贪婪,7,93.25396825396825,58.730158730158735,12.698412698412696,88.88888888888889,,78.57142857142857,11.11111111111111,89.28571428571429
2024-11-21,63.095238095238095,贪婪,7,93.25396825396825,56.74603174603175,13.492063492063494,88.4920634920635,,79.76190476190477,21.825396825396826,88.09523809523809
2024-11-22,54.195011337868486,中性,7,86.90476190476191,1.5873015873015872,12.698412698412696,91.26984126984127,,73.80952380952381,20.634920634920633,92.46031746031747
2024-11-25,48.35600907029478,中性,7,86.5079365079365,3.571428571428571,14.285714285714292,86.5079365079365,,34.92063492063492,26.190476190476193,86.5079365079365
2024-11-26,42.65873015873016,中性,7,86.11111111111111,1.984126984126984,14.682539682539684,84.92063492063492,,22.023809523809522,4.761904761904762,84.12698412698413
2024-11-27,45.97505668934241,中性,7,87.6984126984127,7.936507936507936,14.682539682539684,86.11111111111111,,28.968253968253972,10.317460317460316,86.11111111111111
2024-11-28,50.79365079365079,中性,7,86.5079365079365,4.761904761904762,15.079365079365076,86.11111111111111,,72.22222222222221,3.968253968253968,86.90476190476191
2024-11-29,52.72108843537415,中性,7,87.6984126984127,21.03174603174603,16.666666666666657,90.07936507936508,,53.57142857142857,9.523809523809524,90.47619047619048
2024-12-02,63.09523809523809,贪婪,7,89.28571428571429,47.61904761904761,16.269841269841265,91.26984126984127,,73.80952380952381,31.746031746031743,91.66666666666666
2024-12-03,59.410430839002274,中性,7,89.28571428571429,51.19047619047619,16.666666666666657,89.28571428571429,,71.82539682539682,7.5396825396825395,90.07936507936508
2024-12-04,53.34467120181406,中性,7,86.90476190476191,38.88888888888889,16.666666666666657,87.6984126984127,,50.39682539682539,3.1746031746031744,89.68253968253968
2024-12-05,52.38095238095237,中性,7,86.11111111111111,46.03174603174603,21.03174603174604,84.12698412698413,,42.06349206349206,2.7777777777777777,84.52380952380952
2024-12-06,61.4795918367347,贪婪,7,89.68253968253968,66.26984126984127,16.666666666666657,91.26984126984127,,70.83333333333334,3.1746031746031744,92.46031746031747
2024-12-09,54.620181405895686,中性,7,88.88888888888889,64.68253968253968,16.666666666666657,86.90476190476191,,30.753968253968257,5.158730158730158,89.28571428571429
2024-12-10,68.42403628117914,贪婪,7,91.26984126984127,77.38095238095238,19.444444444444443,96.42857142857143,,84.12698412698413,14.682539682539684,95.63492063492063
2024-12-11,63.54875283446712,贪婪,7,89.68253968253968,84.52380952380952,22.61904761904762,89.28571428571429,,50.39682539682539,16.666666666666664,91.66666666666666
2024-12-12,69.27437641723357,贪婪,7,94.44444444444444,89.68253968253968,19.841269841269835,92.46031746031747,,70.63492063492063,24.6031746031746,93.25396825396825
2024-12-13,68.02721088435375,贪婪,7,83.73015873015873,62.698412698412696,15.873015873015873,94.04761904761905,,62.301587301587304,62.698412698412696,94.84126984126983
2024-12-16,56.037414965986386,中性,7,82.53968253968253,53.57142857142857,16.269841269841265,86.11111111111111,,51.388888888888886,14.682539682539684,87.6984126984127
2024-12-17,49.03628117913832,中性,7,82.53968253968253,44.047619047619044,24.206349206349216,82.93650793650794,,4.761904761904762,22.22222222222222,82.53968253968253
2024-12-18,55.15873015873016,中性,7,84.12698412698413,57.14285714285714,24.206349206349216,79.36507936507937,,42.06349206349206,20.634920634920633,78.57142857142857
2024-12-19,56.17913832199547,中性,7,84.52380952380952,59.523809523809526,30.555555555555557,80.55555555555556,,30.158730158730158,28.968253968253972,78.96825396825396
2024-12-20,55.867346938775505,中性,7,81.34920634920636,54.761904761904766,32.53968253968253,82.93650793650794,,35.11904761904761,25.0,79.36507936507937
2024-12-23,48.129251700680264,中性,7,81.74603174603175,42.857142857142854,33.730158730158735,82.93650793650794,,2.7777777777777777,10.714285714285714,82.14285714285714
2024-12-24,53.74149659863946,中性,7,86.90476190476191,57.936507936507944,31.349206349206355,77.38095238095238,,24.206349206349206,23.41269841269841,75.0
2024-12-25,55.15873015873016,中性,6,86.5079365079365,53.96825396825397,33.33333333333334,76.5873015873016,,5.952380952380952,,74.60317460317461
2024-12-26,64.08730158730158,贪婪,6,86.11111111111111,55.952380952380956,36.111111111111114,76.19047619047619,,57.14285714285714,,73.01587301587301
2024-12-27,61.53628117913833,贪婪,7,84.92063492063492,55.55555555555556,40.476190476190474,78.96825396825396,,65.27777777777779,28.57142857142857,76.98412698412699
2024-12-30,56.57596371882086,中性,7,87.3015873015873,57.936507936507944,40.87301587301587,76.19047619047619,,28.57142857142857,31.746031746031743,73.4126984126984
2024-12-31,47.44897959183673,中性,7,78.17460317460318,26.984126984126984,37.301587301587304,77.77777777777779,,11.507936507936508,25.396825396825395,75.0
2025-01-02,47.87414965986394,中性,7,75.39682539682539,1.7857142857142856,29.761904761904773,78.57142857142857,,40.07936507936508,30.952380952380953,78.57142857142857
2025-01-03,41.609977324263035,中性,7,74.60317460317461,1.5873015873015872,29.365079365079367,75.0,,4.365079365079365,30.952380952380953,75.39682539682539
2025-01-06,40.816326530612244,中性,7,74.20634920634922,2.380952380952381,38.095238095238095,71.03174603174604,,5.952380952380952,29.365079365079367,64.68253968253968
2025-01-07,46.37188208616781,中性,7,74.60317460317461,3.571428571428571,37.698412698412696,71.82539682539682,,37.301587301587304,36.904761904761905,62.698412698412696
2025-01-08,52.91950113378685,中性,7,74.20634920634922,3.373015873015873,38.095238095238095,73.80952380952381,,71.42857142857143,36.11111111111111,73.4126984126984
2025-01-09,47.56235827664399,中性,7,73.4126984126984,3.1746031746031744,43.65079365079365,71.42857142857143,,56.74603174603175,19.444444444444446,65.07936507936508
2025-01-10,40.079365079365076,中性,7,72.61904761904762,1.5873015873015872,42.85714285714286,72.22222222222221,,15.476190476190476,6.349206349206349,69.44444444444444
2025-01-13,37.5,恐惧,7,72.22222222222221,2.380952380952381,44.44444444444444,61.904761904761905,,10.119047619047619,18.253968253968253,53.17460317460318
2025-01-14,57.142857142857146,中性,7,74.60317460317461,13.492063492063492,35.71428571428571,77.38095238095238,,94.44444444444444,28.57142857142857,75.79365079365078
2025-01-15,43.877551020408156,中性,7,73.4126984126984,6.349206349206349,34.920634920634924,71.82539682539682,,49.60317460317461,2.380952380952381,68.65079365079364
2025-01-16,51.729024943310655,中性,7,73.80952380952381,11.11111111111111,35.71428571428571,74.60317460317461,,68.84920634920636,25.793650793650798,72.22222222222221
2025-01-17,46.93877551020408,中性,7,74.20634920634922,28.968253968253972,34.52380952380952,70.63492063492063,,32.53968253968254,24.6031746031746,63.095238095238095
2025-01-20,53.57142857142857,中性,7,74.60317460317461,50.79365079365079,38.49206349206349,71.42857142857143,,33.33333333333333,40.87301587301587,65.47619047619048
2025-01-21,52.77777777777778,中性,7,74.60317460317461,56.74603174603175,38.49206349206349,72.22222222222221,,28.174603174603174,32.93650793650794,66.26984126984127
2025-01-22,47.36394557823129,中性,7,71.03174603174604,48.80952380952381,39.28571428571429,69.84126984126983,,12.103174603174603,32.53968253968254,57.936507936507944
2025-01-23,56.97278911564626,中性,7,71.42857142857143,48.41269841269841,38.888888888888886,76.98412698412699,,34.523809523809526,55.158730158730165,73.4126984126984
2025-01-24,55.15873015873016,中性,7,73.4126984126984,62.698412698412696,40.07936507936508,72.61904761904762,,7.142857142857142,63.49206349206349,66.66666666666666
2025-01-27,51.87074829931972,中性,7,72.22222222222221,63.49206349206349,48.412698412698404,68.25396825396825,,9.126984126984127,45.23809523809524,56.34920634920635
2025-02-05,55.61224489795917,中性,7,68.65079365079364,60.71428571428571,48.01587301587301,75.0,,13.095238095238097,53.17460317460318,70.63492063492063
2025-02-06,70.26643990929705,贪婪,7,73.4126984126984,69.24603174603175,46.42857142857143,82.93650793650794,,94.44444444444444,46.82539682539682,78.57142857142857
2025-02-07,74.54648526077098,贪婪,7,75.39682539682539,78.17460317460318,44.44444444444444,92.85714285714286,,88.09523809523809,52.38095238095239,90.47619047619048
2025-02-10,71.20181405895691,贪婪,7,75.39682539682539,78.57142857142857,44.44444444444444,86.90476190476191,,79.36507936507937,49.2063492063492,84.52380952380952
2025-02-11,72.30725623582767,贪婪,7,74.60317460317461,77.77777777777779,44.44444444444444,84.12698412698413,,94.24603174603175,50.0,80.95238095238095
2025-02-12,73.80952380952382,贪婪,7,75.39682539682539,80.55555555555556,42.063492063492056,85.71428571428571,,94.04761904761905,57.53968253968254,81.34920634920636
2025-02-13,73.7528344671202,贪婪,7,74.60317460317461,87.6984126984127,46.42857142857143,91.26984126984127,,79.36507936507937,51.587301587301596,85.31746031746032
2025-02-14,71.93877551020408,贪婪,7,75.39682539682539,88.69047619047619,44.841269841269835,86.11111111111111,,56.547619047619044,68.65079365079364,83.33333333333334
2025-02-17,75.6235827664399,贪婪,7,75.39682539682539,82.93650793650794,44.841269841269835,92.46031746031747,,74.60317460317461,71.03174603174604,88.09523809523809
2025-02-18,65.58956916099774,贪婪,7,73.4126984126984,73.01587301587301,42.85714285714286,90.07936507936508,,28.174603174603174,67.46031746031747,84.12698412698413
2025-02-19,66.921768707483,贪婪,7,74.60317460317461,75.39682539682539,40.87301587301587,86.5079365079365,,60.51587301587301,49.60317460317461,80.95238095238095
2025-02-20,72.42063492063492,贪婪,7,73.80952380952381,73.4126984126984,47.61904761904761,86.90476190476191,,83.92857142857143,58.730158730158735,82.53968253968253
2025-02-21,81.12244897959184,极度贪婪,7,76.5873015873016,74.60317460317461,61.904761904761905,95.23809523809523,,94.04761904761905,72.22222222222221,93.25396825396825
2025-02-24,75.11337868480726,贪婪,7,75.79365079365078,74.20634920634922,68.65079365079364,93.65079365079364,,46.42857142857143,75.79365079365078,91.26984126984127
2025-02-25,73.58276643990929,贪婪,7,71.03174603174604,66.66666666666666,61.904761904761905,90.47619047619048,,73.01587301587301,67.85714285714286,84.12698412698413
2025-02-26,78.6281179138322,贪婪,7,73.80952380952381,73.80952380952381,59.523809523809526,91.26984126984127,,94.44444444444444,71.42857142857143,86.11111111111111
2025-02-27,71.88208616780045,贪婪,7,74.20634920634922,74.8015873015873,61.11111111111111,92.46031746031747,,36.7063492063492,74.20634920634922,89.68253968253968
2025-02-28,60.0907029478458,贪婪,7,67.85714285714286,49.60317460317461,50.0,89.28571428571429,,6.349206349206349,71.82539682539682,85.71428571428571
2025-03-03,58.02154195011338,中性,7,66.66666666666666,49.60317460317461,53.17460317460318,79.76190476190477,,28.373015873015873,54.761904761904766,73.80952380952381
2025-03-04,56.23582766439909,中性,7,65.87301587301587,53.17460317460318,53.17460317460318,71.82539682539682,,34.92063492063492,47.22222222222222,67.46031746031747
2025-03-05,65.02267573696146,贪婪,7,69.04761904761905,56.74603174603175,77.77777777777777,74.60317460317461,,69.04761904761905,38.095238095238095,69.84126984126983
2025-03-06,76.30385487528345,贪婪,7,72.22222222222221,74.20634920634922,75.0,90.47619047619048,,87.3015873015873,51.19047619047619,83.73015873015873
2025-03-07,67.31859410430839,贪婪,7,69.84126984126983,68.45238095238095,73.01587301587301,88.09523809523809,,60.71428571428571,30.158730158730158,80.95238095238095
2025-03-10,60.2891156462585,贪婪,7,68.65079365079364,64.68253968253968,71.82539682539682,74.60317460317461,,42.26190476190476,30.952380952380953,69.04761904761905
2025-03-11,64.96598639455782,贪婪,7,69.04761904761905,67.06349206349206,71.82539682539682,72.61904761904762,,63.095238095238095,42.46031746031746,68.65079365079364
2025-03-12,69.33106575963718,贪婪,7,67.85714285714286,62.698412698412696,70.63492063492063,80.55555555555556,,89.28571428571429,38.492063492063494,75.79365079365078
2025-03-13,55.300453514739225,中性,7,66.26984126984127,52.38095238095239,75.0,76.98412698412699,,16.46825396825397,27.77777777777778,72.22222222222221
2025-03-14,69.24603174603173,贪婪,7,75.79365079365078,77.57936507936508,51.19047619047619,88.09523809523809,,55.55555555555556,55.55555555555556,80.95238095238095
2025-03-17,64.39909297052154,贪婪,7,74.60317460317461,73.80952380952381,53.17460317460318,74.60317460317461,,75.39682539682539,28.57142857142857,70.63492063492063
2025-03-18,65.36281179138322,贪婪,7,75.39682539682539,79.16666666666666,53.17460317460318,73.4126984126984,,86.70634920634922,24.206349206349206,65.47619047619048
2025-03-19,61.59297052154195,贪婪,7,75.39682539682539,70.63492063492063,53.17460317460318,68.25396825396825,,75.1984126984127,26.190476190476193,62.301587301587304
2025-03-20,62.49999999999999,贪婪,7,70.23809523809523,66.26984126984127,53.57142857142857,67.06349206349206,,95.43650793650794,21.03174603174603,63.888888888888886
2025-03-21,49.48979591836735,中性,7,61.50793650793651,44.84126984126984,51.98412698412698,74.60317460317461,,17.46031746031746,24.6031746031746,71.42857142857143
2025-03-24,46.31519274376417,中性,7,65.47619047619048,50.39682539682539,49.20634920634921,67.46031746031747,,9.126984126984127,13.88888888888889,68.65079365079364
2025-03-25,44.1609977324263,中性,7,64.68253968253968,49.60317460317461,51.98412698412698,60.317460317460316,,11.507936507936508,13.095238095238097,57.936507936507944
2025-03-26,49.97165532879819,中性,7,60.71428571428571,44.84126984126984,52.38095238095239,55.952380952380956,,75.1984126984127,8.333333333333332,52.38095238095239
2025-03-27,44.04761904761905,中性,7,64.28571428571429,51.19047619047619,52.38095238095239,58.333333333333336,,20.634920634920633,7.936507936507936,53.57142857142857
2025-03-28,39.852607709750565,恐惧,7,58.730158730158735,40.07936507936508,53.96825396825397,54.761904761904766,,17.46031746031746,5.158730158730158,48.80952380952381
2025-03-31,39.682539682539684,恐惧,7,54.36507936507936,25.0,52.77777777777778,58.730158730158735,,5.158730158730158,25.0,56.74603174603175
2025-04-01,46.7687074829932,中性,7,53.96825396825397,33.33333333333333,55.952380952380956,55.158730158730165,,53.57142857142857,27.380952380952383,48.01587301587302
2025-04-02,40.249433106575964,中性,7,53.17460317460318,29.761904761904763,59.523809523809526,48.80952380952381,,34.12698412698413,18.253968253968253,38.095238095238095
2025-04-03,38.88888888888889,恐惧,7,52.38095238095239,30.555555555555557,58.730158730158735,55.55555555555556,,9.126984126984127,17.063492063492063,48.80952380952381
2025-04-07,37.074829931972786,恐惧,7,33.730158730158735,1.984126984126984,13.492063492063494,78.17460317460318,,0.3968253968253968,50.39682539682539,81.34920634920636
2025-04-08,43.48072562358277,中性,7,40.87301587301587,6.746031746031746,12.698412698412696,82.14285714285714,,2.7777777777777777,73.80952380952381,85.31746031746032
2025-04-09,53.401360544217695,中性,7,45.23809523809524,9.523809523809524,12.698412698412696,84.52380952380952,,59.92063492063492,72.61904761904762,89.28571428571429
2025-04-10,55.0453514739229,中性,7,49.2063492063492,13.88888888888889,12.698412698412696,78.96825396825396,,95.63492063492063,56.34920634920635,78.57142857142857
2025-04-11,43.367346938775505,中性,7,50.39682539682539,8.928571428571429,12.698412698412696,63.49206349206349,,62.5,43.25396825396825,62.301587301587304
2025-04-14,41.07142857142857,中性,7,50.79365079365079,11.507936507936508,14.285714285714292,59.92063492063492,,82.73809523809523,10.317460317460316,57.936507936507944
2025-04-15,33.41836734693878,恐惧,7,50.79365079365079,17.46031746031746,14.285714285714292,49.2063492063492,,42.26190476190476,13.88888888888889,46.03174603174603
2025-04-16,39.229024943310655,恐惧,7,50.79365079365079,27.77777777777778,14.285714285714292,51.587301587301596,,46.42857142857143,33.33333333333333,50.39682539682539
2025-04-17,40.56122448979592,中性,7,50.39682539682539,33.53174603174603,15.476190476190482,46.82539682539682,,78.17460317460318,17.46031746031746,42.06349206349206
2025-04-18,36.37566137566137,恐惧,6,50.0,34.12698412698413,16.269841269841265,43.25396825396825,,37.301587301587304,,37.301587301587304
2025-04-21,38.35978835978836,恐惧,6,51.19047619047619,40.87301587301587,16.269841269841265,46.42857142857143,,32.93650793650794,,42.46031746031746
2025-04-22,39.37074829931972,恐惧,7,50.79365079365079,46.42857142857143,16.666666666666657,49.2063492063492,,32.34126984126984,34.12698412698413,46.03174603174603
2025-04-23,40.589569160997726,中性,7,50.79365079365079,50.39682539682539,17.46031746031747,56.74603174603175,,35.714285714285715,19.047619047619047,53.96825396825397
2025-04-24,39.058956916099774,恐惧,7,50.0,50.39682539682539,17.85714285714286,48.80952380952381,,38.095238095238095,23.809523809523807,44.44444444444444
2025-04-25,42.20521541950114,中性,7,50.0,62.301587301587304,18.253968253968253,49.60317460317461,,30.753968253968257,38.492063492063494,46.03174603174603
2025-04-28,37.3015873015873,恐惧,7,48.80952380952381,56.34920634920635,20.634920634920633,45.63492063492063,,4.365079365079365,42.06349206349206,43.25396825396825
2025-04-29,39.20068027210885,恐惧,7,47.22222222222222,64.48412698412699,21.03174603174604,44.047619047619044,,20.634920634920633,36.507936507936506,40.476190476190474
2025-04-30,46.82539682539682,中性,7,46.03174603174603,67.85714285714286,21.42857142857143,51.98412698412699,,40.87301587301587,48.01587301587302,51.587301587301596
2025-05-06,57.17120181405895,中性,7,51.19047619047619,79.36507936507937,20.634920634920633,60.71428571428571,,85.51587301587301,44.44444444444444,58.333333333333336
2025-05-07,64.05895691609977,贪婪,7,51.19047619047619,85.71428571428571,20.634920634920633,67.85714285714286,,95.63492063492063,61.50793650793651,65.87301587301587
2025-05-08,55.13038548752835,中性,7,51.587301587301596,83.33333333333334,22.61904761904762,59.12698412698413,,64.0873015873016,50.0,55.158730158730165
2025-05-09,51.47392290249433,中性,7,50.79365079365079,80.95238095238095,23.412698412698404,53.57142857142857,,71.42857142857143,31.746031746031743,48.41269841269841
2025-05-12,53.23129251700681,中性,7,52.38095238095239,79.76190476190477,21.42857142857143,59.523809523809526,,95.63492063492063,9.920634920634921,53.96825396825397
2025-05-13,51.218820861678005,中性,7,52.38095238095239,82.73809523809523,21.825396825396822,57.936507936507944,,84.12698412698413,6.746031746031746,52.77777777777778
2025-05-14,55.073696145124714,中性,7,58.333333333333336,86.90476190476191,20.634920634920633,60.71428571428571,,95.43650793650794,7.5396825396825395,55.952380952380956
2025-05-15,45.18140589569161,中性,7,51.98412698412699,78.17460317460318,20.634920634920633,50.79365079365079,,60.71428571428571,9.920634920634921,44.047619047619044
2025-05-16,46.23015873015873,中性,7,50.39682539682539,73.80952380952381,21.03174603174604,44.84126984126984,,72.42063492063492,21.428571428571427,39.682539682539684
2025-05-19,50.11337868480725,中性,7,50.0,73.01587301587301,21.03174603174604,43.25396825396825,,95.23809523809523,27.380952380952383,40.87301587301587
2025-05-20,49.688208616780045,中性,7,51.19047619047619,81.54761904761905,20.634920634920633,49.2063492063492,,52.77777777777778,45.63492063492063,46.82539682539682
2025-05-21,49.43310657596372,中性,7,52.38095238095239,76.5873015873016,21.42857142857143,48.01587301587302,,65.87301587301587,34.92063492063492,46.82539682539682
2025-05-22,54.790249433106574,中性,7,51.587301587301596,69.84126984126983,92.06349206349206,42.06349206349206,,38.2936507936508,49.60317460317461,40.07936507936508
2025-05-23,56.15079365079365,中性,7,48.80952380952381,62.301587301587304,96.03174603174604,46.82539682539682,,44.24603174603175,49.2063492063492,45.63492063492063
2025-05-26,56.49092970521542,中性,7,46.82539682539682,58.333333333333336,96.42857142857143,38.88888888888889,,85.51587301587301,34.12698412698413,35.317460317460316
2025-05-27,54.450113378684804,中性,7,45.63492063492063,40.476190476190474,98.01587301587301,38.88888888888889,,86.30952380952381,35.714285714285715,36.11111111111111
2025-05-28,50.73696145124717,中性,7,45.23809523809524,40.07936507936508,98.80952380952381,37.301587301587304,,68.25396825396825,28.968253968253972,36.507936507936506
2025-05-29,56.972789115646265,中性,7,46.03174603174603,58.333333333333336,97.22222222222223,51.98412698412699,,48.01587301587302,49.2063492063492,48.01587301587302
2025-05-30,49.77324263038549,中性,7,44.84126984126984,38.88888888888889,96.82539682539682,45.63492063492063,,22.61904761904762,56.34920634920635,43.25396825396825
2025-06-03,55.89569160997733,中性,7,45.63492063492063,46.42857142857143,96.82539682539682,45.23809523809524,,60.317460317460316,52.38095238095239,44.44444444444444
2025-06-04,56.859410430839,中性,7,46.82539682539682,60.71428571428571,96.03174603174604,46.03174603174603,,77.77777777777779,29.365079365079367,41.269841269841265
2025-06-05,56.859410430839,中性,7,47.61904761904761,64.68253968253968,95.63492063492063,57.14285714285714,,57.14285714285714,23.41269841269841,52.38095238095239
2025-06-06,57.11451247165534,中性,7,47.22222222222222,64.68253968253968,96.03174603174604,46.42857142857143,,63.69047619047619,42.06349206349206,39.682539682539684
2025-06-09,65.41950113378685,贪婪,7,48.01587301587302,67.85714285714286,94.84126984126985,58.730158730158735,,82.53968253968253,53.17460317460318,52.77777777777778
2025-06-10,65.75963718820863,贪婪,7,44.44444444444444,61.50793650793651,92.85714285714286,65.87301587301587,,79.76190476190477,53.96825396825397,61.904761904761905
2025-06-11,60.147392290249435,贪婪,7,48.80952380952381,69.04761904761905,89.28571428571429,55.952380952380956,,61.50793650793651,46.42857142857143,50.0
2025-06-12,64.59750566893425,贪婪,7,47.61904761904761,68.25396825396825,88.88888888888889,57.14285714285714,,95.03968253968253,45.63492063492063,49.60317460317461
2025-06-13,62.358276643990926,贪婪,7,42.857142857142854,57.936507936507944,86.5079365079365,70.63492063492063,,35.714285714285715,77.38095238095238,65.47619047619048
2025-06-16,57.31292517006803,中性,7,44.44444444444444,61.111111111111114,86.5079365079365,51.19047619047619,,58.333333333333336,55.952380952380956,43.65079365079365
2025-06-17,53.96825396825397,中性,7,42.46031746031746,58.730158730158735,86.5079365079365,50.0,,40.87301587301587,56.34920634920635,42.857142857142854
2025-06-18,50.90702947845806,中性,7,43.65079365079365,60.317460317460316,91.26984126984127,47.61904761904761,,27.77777777777778,49.60317460317461,36.11111111111111
2025-06-19,47.95918367346939,中性,7,39.285714285714285,34.523809523809526,88.0952380952381,54.36507936507936,,19.841269841269842,52.77777777777778,46.82539682539682
2025-06-20,43.79251700680272,中性,7,39.285714285714285,30.158730158730158,90.07936507936508,36.904761904761905,,16.865079365079367,62.301587301587304,30.952380952380953
2025-06-23,56.122448979591844,中性,7,40.476190476190474,41.269841269841265,89.28571428571429,42.857142857142854,,94.84126984126983,51.587301587301596,32.53968253968254
2025-06-24,59.46712018140589,中性,7,48.41269841269841,68.25396825396825,88.4920634920635,67.06349206349206,,18.650793650793652,69.84126984126983,55.55555555555556
2025-06-25,69.359410430839,贪婪,7,55.55555555555556,71.42857142857143,80.15873015873015,79.76190476190477,,58.53174603174603,74.20634920634922,65.87301587301587
2025-06-26,70.03968253968253,贪婪,7,52.38095238095239,68.65079365079364,83.33333333333334,75.79365079365078,,73.61111111111111,72.61904761904762,63.888888888888886
2025-06-27,67.97052154195012,贪婪,7,48.80952380952381,67.85714285714286,85.71428571428572,74.20634920634922,,76.98412698412699,58.730158730158735,63.49206349206349
2025-06-30,60.11904761904763,贪婪,7,50.0,68.25396825396825,86.9047619047619,71.03174603174604,,49.007936507936506,38.88888888888889,56.74603174603175
2025-07-01,66.86507936507935,贪婪,6,50.0,73.80952380952381,88.0952380952381,64.68253968253968,,68.25396825396825,,56.34920634920635
2025-07-02,57.42630385487528,中性,7,49.60317460317461,72.61904761904762,90.87301587301587,59.523809523809526,,33.33333333333333,42.06349206349206,53.96825396825397
2025-07-03,63.35034013605442,贪婪,7,55.158730158730165,78.17460317460318,88.4920634920635,56.74603174603175,,64.0873015873016,54.36507936507936,46.42857142857143
2025-07-04,62.44331065759638,贪婪,7,57.14285714285714,77.38095238095238,87.3015873015873,67.06349206349206,,34.72222222222222,57.936507936507944,55.55555555555556
2025-07-07,58.70181405895692,中性,7,53.17460317460318,70.23809523809523,94.04761904761905,45.63492063492063,,57.738095238095234,55.158730158730165,34.92063492063492
2025-07-08,71.17346938775509,贪婪,7,59.12698412698413,84.12698412698413,92.85714285714286,65.47619047619048,,78.76984126984127,63.49206349206349,54.36507936507936
2025-07-09,71.76870748299321,贪婪,7,57.14285714285714,80.55555555555556,95.63492063492063,69.04761904761905,,78.57142857142857,60.71428571428571,60.71428571428571
2025-07-10,70.86167800453515,贪婪,7,61.50793650793651,87.3015873015873,94.04761904761905,67.06349206349206,,50.0,73.4126984126984,62.698412698412696
2025-07-11,78.28798185941044,贪婪,7,62.698412698412696,87.3015873015873,96.82539682539682,84.92063492063492,,56.34920634920635,82.53968253968253,77.38095238095238
2025-07-14,62.78344671201814,贪婪,7,62.698412698412696,88.88888888888889,97.22222222222223,61.50793650793651,,35.11904761904761,35.714285714285715,58.333333333333336
2025-07-15,68.93424036281179,贪婪,7,61.904761904761905,83.73015873015873,97.22222222222223,78.57142857142857,,21.03174603174603,72.61904761904762,67.46031746031747
2025-07-16,69.84126984126985,贪婪,7,56.34920634920635,80.55555555555556,96.42857142857143,63.095238095238095,,71.82539682539682,70.63492063492063,50.0
2025-07-17,74.37641723356009,贪婪,7,64.68253968253968,74.60317460317461,95.63492063492063,72.22222222222221,,86.5079365079365,72.22222222222221,54.761904761904766
2025-07-18,76.33219954648527,贪婪,7,66.66666666666666,81.74603174603175,93.25396825396825,76.98412698412699,,81.94444444444444,74.20634920634922,59.523809523809526
2025-07-21,80.72562358276643,极度贪婪,7,69.44444444444444,89.88095238095238,91.26984126984127,84.12698412698413,,82.73809523809523,74.60317460317461,73.01587301587301
2025-07-22,80.0453514739229,极度贪婪,7,73.80952380952381,85.51587301587301,92.06349206349206,92.06349206349206,,50.99206349206349,82.53968253968253,83.33333333333334
2025-07-23,82.4829931972789,极度贪婪,7,72.22222222222221,88.09523809523809,96.03174603174604,89.68253968253968,,71.03174603174604,76.19047619047619,84.12698412698413
2025-07-24,85.88435374149661,极度贪婪,7,76.5873015873016,92.46031746031747,92.85714285714286,89.28571428571429,,94.84126984126983,75.0,80.15873015873017
2025-07-25,75.70861678004535,贪婪,7,72.61904761904762,83.33333333333334,97.22222222222223,86.90476190476191,,37.89682539682539,75.0,76.98412698412699
2025-07-28,76.6156462585034,贪婪,7,73.80952380952381,81.94444444444444,97.22222222222223,86.5079365079365,,53.17460317460318,74.20634920634922,69.44444444444444
2025-07-29,80.81065759637188,极度贪婪,7,76.19047619047619,78.96825396825396,97.22222222222223,88.4920634920635,,69.64285714285714,82.14285714285714,73.01587301587301
2025-07-30,76.44557823129252,贪婪,7,75.39682539682539,78.96825396825396,96.82539682539682,88.4920634920635,,39.48412698412698,79.76190476190477,76.19047619047619
2025-07-31,72.1938775510204,贪婪,7,62.301587301587304,52.38095238095239,78.57142857142857,93.25396825396825,,57.738095238095234,82.53968253968253,78.57142857142857
2025-08-01,62.32993197278911,贪婪,7,58.333333333333336,49.60317460317461,77.38095238095238,75.79365079365078,,49.404761904761905,67.46031746031747,58.333333333333336
2025-08-04,60.40249433106577,贪婪,7,61.50793650793651,51.78571428571429,77.38095238095238,67.46031746031747,,50.0,67.46031746031747,47.22222222222222
2025-08-05,67.9705215419501,贪婪,7,64.68253968253968,61.904761904761905,80.15873015873015,75.39682539682539,,80.95238095238095,59.12698412698413,53.57142857142857
2025-08-06,68.31065759637188,贪婪,7,65.87301587301587,65.87301587301587,82.93650793650794,81.34920634920636,,65.87301587301587,51.98412698412699,64.28571428571429
2025-08-07,65.75963718820863,贪婪,7,65.47619047619048,67.46031746031747,84.92063492063492,87.3015873015873,,35.317460317460316,51.98412698412699,67.85714285714286
2025-08-08,63.52040816326531,贪婪,7,62.301587301587304,58.730158730158735,89.28571428571429,79.36507936507937,,73.61111111111111,17.857142857142858,63.49206349206349
2025-08-11,71.62698412698413,贪婪,7,65.47619047619048,68.65079365079364,88.4920634920635,85.71428571428571,,61.70634920634921,63.095238095238095,68.25396825396825
2025-08-12,72.61904761904762,贪婪,7,68.25396825396825,71.42857142857143,86.9047619047619,86.5079365079365,,62.301587301587304,62.301587301587304,70.63492063492063
2025-08-13,82.93650793650795,极度贪婪,7,74.20634920634922,68.25396825396825,82.14285714285714,96.03174603174604,,94.84126984126983,79.76190476190477,85.31746031746032
2025-08-14,75.2267573696145,贪婪,7,71.82539682539682,59.523809523809526,84.52380952380952,96.82539682539682,,40.87301587301587,80.95238095238095,92.06349206349206
2025-08-15,80.66893424036282,极度贪婪,7,76.5873015873016,62.301587301587304,80.55555555555556,96.82539682539682,,75.79365079365078,82.93650793650794,89.68253968253968
2025-08-18,85.17573696145125,极度贪婪,7,78.96825396825396,69.44444444444444,79.36507936507937,99.20634920634922,,87.89682539682539,84.92063492063492,96.42857142857143
2025-08-19,79.13832199546485,贪婪,7,76.98412698412699,63.49206349206349,80.15873015873015,98.01587301587301,,60.317460317460316,80.95238095238095,94.04761904761905
2025-08-20,75.93537414965986,贪婪,7,82.53968253968253,83.13492063492063,76.5873015873016,96.42857142857143,,26.984126984126984,73.4126984126984,92.46031746031747
2025-08-21,77.6360544217687,贪婪,7,84.12698412698413,92.85714285714286,76.5873015873016,96.42857142857143,,32.73809523809524,68.65079365079364,92.06349206349206
2025-08-22,84.92063492063494,极度贪婪,7,94.04761904761905,92.65873015873017,71.03174603174602,97.61904761904762,,67.65873015873017,78.17460317460318,93.25396825396825
2025-08-25,89.56916099773242,极度贪婪,7,97.61904761904762,95.23809523809523,70.23809523809524,99.60317460317461,,81.34920634920636,84.92063492063492,98.01587301587301
2025-08-26,88.26530612244899,极度贪婪,7,96.42857142857143,92.06349206349206,68.25396825396825,98.4126984126984,,85.31746031746032,83.33333333333334,94.04761904761905
2025-08-27,80.55555555555556,极度贪婪,7,92.06349206349206,69.24603174603175,59.92063492063492,99.20634920634922,,60.912698412698404,84.12698412698413,98.4126984126984
2025-08-28,80.89569160997732,极度贪婪,7,96.42857142857143,68.25396825396825,55.55555555555556,98.80952380952381,,67.85714285714286,82.93650793650794,96.42857142857143
2025-08-29,74.94331065759637,贪婪,7,97.61904761904762,67.06349206349206,55.55555555555556,98.01587301587301,,28.968253968253972,83.73015873015873,93.65079365079364
2025-09-01,82.6814058956916,极度贪婪,7,98.01587301587301,64.88095238095238,55.952380952380956,97.61904761904762,,86.5079365079365,82.53968253968253,93.25396825396825
2025-09-02,73.35600907029477,贪婪,7,95.63492063492063,56.74603174603175,53.17460317460318,98.01587301587301,,30.555555555555557,84.12698412698413,95.23809523809523
2025-09-03,68.67913832199547,贪婪,7,93.25396825396825,46.82539682539682,50.39682539682539,92.06349206349206,,29.563492063492063,80.95238095238095,87.6984126984127
2025-09-04,63.662131519274375,贪婪,7,83.73015873015873,33.730158730158735,46.42857142857143,94.84126984126983,,13.095238095238097,82.93650793650794,90.87301587301587
2025-09-05,69.10430839002268,贪婪,7,92.85714285714286,47.61904761904761,38.49206349206349,90.87301587301587,,51.587301587301596,77.38095238095238,84.92063492063492
2025-09-08,71.11678004535148,贪婪,7,92.85714285714286,50.79365079365079,38.49206349206349,93.25396825396825,,62.89682539682539,72.61904761904762,86.90476190476191
2025-09-09,63.775510204081634,贪婪,7,89.28571428571429,46.42857142857143,38.095238095238095,88.4920634920635,,50.79365079365079,56.74603174603175,76.5873015873016
2025-09-10,59.608843537414955,中性,7,90.47619047619048,47.22222222222222,38.49206349206349,84.92063492063492,,60.51587301587301,29.761904761904763,65.87301587301587
2025-09-11,66.97845804988661,贪婪,7,97.22222222222221,55.55555555555556,39.28571428571429,94.04761904761905,,48.214285714285715,48.80952380952381,85.71428571428571
2025-09-12,69.95464852607711,贪婪,7,94.44444444444444,51.98412698412699,39.28571428571429,94.04761904761905,,84.12698412698413,36.507936507936506,89.28571428571429
2025-09-15,61.224489795918366,贪婪,7,94.84126984126983,51.98412698412699,39.28571428571429,88.88888888888889,,65.47619047619048,6.349206349206349,81.74603174603175
2025-09-16,65.67460317460316,贪婪,7,93.25396825396825,50.0,39.28571428571429,90.07936507936508,,87.10317460317461,12.698412698412698,87.3015873015873
2025-09-17,69.01927437641724,贪婪,7,94.84126984126983,53.37301587301587,39.28571428571429,91.66666666666666,,95.23809523809523,23.41269841269841,85.31746031746032
2025-09-18,74.46145124716554,贪婪,7,90.07936507936508,40.07936507936508,34.52380952380952,99.60317460317461,,95.03968253968253,63.888888888888886,98.01587301587301
2025-09-19,56.06575963718821,中性,7,89.68253968253968,40.476190476190474,35.317460317460316,88.88888888888889,,13.88888888888889,39.682539682539684,84.52380952380952
2025-09-22,51.75736961451247,中性,7,90.07936507936508,40.87301587301587,35.317460317460316,84.92063492063492,,35.317460317460316,3.571428571428571,72.22222222222221
2025-09-23,55.15873015873016,中性,7,89.68253968253968,36.507936507936506,35.317460317460316,93.25396825396825,,23.015873015873016,19.841269841269842,88.4920634920635
2025-09-24,55.41383219954649,中性,7,92.85714285714286,44.44444444444444,34.52380952380952,89.68253968253968,,43.05555555555556,6.349206349206349,76.98412698412699
2025-09-25,55.4421768707483,中性,7,96.03174603174604,46.03174603174603,34.920634920634924,88.4920634920635,,38.492063492063494,7.142857142857142,76.98412698412699
2025-09-26,47.987528344671205,中性,7,89.68253968253968,40.476190476190474,34.52380952380952,85.31746031746032,,13.293650793650794,6.746031746031746,65.87301587301587
2025-09-29,60.37414965986394,贪婪,7,96.82539682539682,48.61111111111111,34.52380952380952,85.71428571428571,,69.24603174603175,19.047619047619047,68.65079365079364
2025-09-30,60.68594104308391,贪婪,7,97.22222222222221,49.60317460317461,34.920634920634924,85.71428571428571,,83.53174603174604,7.936507936507936,65.87301587301587
2025-10-09,66.04308390022676,贪婪,7,99.20634920634922,60.317460317460316,34.52380952380952,96.03174603174604,,26.190476190476193,55.952380952380956,90.07936507936508
2025-10-10,60.997732426303855,贪婪,7,92.85714285714286,50.79365079365079,33.730158730158735,95.23809523809523,,47.22222222222222,20.634920634920633,86.5079365079365
2025-10-13,63.945578231292515,贪婪,7,88.88888888888889,42.857142857142854,34.12698412698413,90.87301587301587,,58.730158730158735,50.0,82.14285714285714
2025-10-14,66.7517006802721,贪婪,7,80.95238095238095,28.57142857142857,35.71428571428571,95.63492063492063,,83.13492063492063,53.57142857142857,89.68253968253968
2025-10-15,57.114512471655324,中性,7,88.88888888888889,38.492063492063494,34.52380952380952,82.93650793650794,,40.27777777777778,51.587301587301596,63.095238095238095
2025-10-16,53.71315192743764,中性,7,90.47619047619048,34.523809523809526,36.904761904761905,78.17460317460318,,41.07142857142857,44.047619047619044,50.79365079365079
2025-10-17,40.589569160997726,中性,7,75.79365079365078,15.873015873015872,33.730158730158735,78.17460317460318,,5.952380952380952,17.46031746031746,57.14285714285714
2025-10-20,46.14512471655329,中性,7,78.96825396825396,18.650793650793652,34.12698412698413,73.80952380952381,,63.49206349206349,13.095238095238097,40.87301587301587
2025-10-21,51.95578231292517,中性,7,88.4920634920635,32.142857142857146,32.53968253968253,77.77777777777779,,57.341269841269835,26.190476190476193,49.2063492063492
2025-10-22,44.10430839002267,中性,7,86.11111111111111,25.396825396825395,32.53968253968253,67.85714285714286,,45.63492063492063,15.079365079365079,36.11111111111111
2025-10-23,40.532879818594104,中性,7,88.09523809523809,28.968253968253972,32.53968253968253,65.87301587301587,,21.428571428571427,11.507936507936508,35.317460317460316
2025-10-24,50.73696145124717,中性,7,95.23809523809523,49.60317460317461,37.301587301587304,79.36507936507937,,38.095238095238095,3.1746031746031744,52.38095238095239
2025-10-27,64.28571428571429,贪婪,7,98.01587301587301,59.523809523809526,43.65079365079365,92.06349206349206,,56.34920634920635,25.0,75.39682539682539
2025-10-28,60.4591836734694,贪婪,7,96.42857142857143,55.952380952380956,42.85714285714286,84.12698412698413,,48.214285714285715,33.730158730158735,61.904761904761905
2025-10-29,74.73544973544973,贪婪,6,98.80952380952381,65.47619047619048,41.269841269841265,85.71428571428571,,89.68253968253968,,67.46031746031747
2025-10-30,62.81179138321995,贪婪,7,96.82539682539682,56.34920634920635,38.095238095238095,93.25396825396825,,38.492063492063494,34.92063492063492,81.74603174603175
2025-10-31,62.925170068027214,贪婪,7,86.90476190476191,50.39682539682539,45.63492063492064,90.47619047619048,,39.285714285714285,51.587301587301596,76.19047619047619
2025-11-03,58.588435374149654,中性,7,88.4920634920635,53.57142857142857,46.82539682539682,82.14285714285714,,39.08730158730159,36.507936507936506,63.49206349206349
2025-11-04,51.98412698412698,中性,7,82.14285714285714,26.984126984126984,43.25396825396825,76.19047619047619,,49.60317460317461,31.349206349206348,54.36507936507936
2025-11-05,56.49092970521542,中性,7,83.33333333333334,32.93650793650794,43.65079365079365,74.60317460317461,,89.48412698412699,18.253968253968253,53.17460317460318
2025-11-06,59.41043083900227,中性,7,93.65079365079364,62.698412698412696,37.698412698412696,78.57142857142857,,43.25396825396825,38.095238095238095,61.904761904761905
2025-11-07,57.51133786848072,中性,7,90.47619047619048,50.79365079365079,43.25396825396825,76.5873015873016,,77.57936507936508,5.555555555555555,58.333333333333336
2025-11-10,60.60090702947845,贪婪,7,92.46031746031747,63.095238095238095,42.063492063492056,82.53968253968253,,63.49206349206349,9.920634920634921,70.63492063492063
2025-11-11,57.369614512471664,中性,7,84.12698412698413,44.84126984126984,38.095238095238095,76.5873015873016,,90.47619047619048,7.5396825396825395,59.92063492063492
2025-11-12,48.52607709750566,中性,7,81.74603174603175,38.492063492063494,37.301587301587304,74.20634920634922,,44.84126984126984,5.952380952380952,57.14285714285714
2025-11-13,63.15192743764173,贪婪,7,90.87301587301587,60.317460317460316,36.111111111111114,77.38095238095238,,96.42857142857143,18.650793650793652,62.301587301587304
2025-11-14,51.07709750566893,中性,7,78.17460317460318,33.730158730158735,30.95238095238095,73.4126984126984,,51.98412698412699,28.174603174603174,61.111111111111114
2025-11-17,50.0,中性,7,73.4126984126984,24.6031746031746,31.349206349206355,71.42857142857143,,60.317460317460316,34.12698412698413,54.761904761904766
2025-11-18,44.5578231292517,中性,7,71.03174603174604,10.317460317460316,36.111111111111114,73.80952380952381,,9.126984126984127,52.77777777777778,58.730158730158735
2025-11-19,37.925170068027214,恐惧,7,73.4126984126984,12.3015873015873,36.111111111111114,64.68253968253968,,10.317460317460316,25.0,43.65079365079365
2025-11-20,48.92290249433107,中性,7,70.23809523809523,9.126984126984127,48.412698412698404,65.07936507936508,,59.12698412698413,50.79365079365079,39.682539682539684
2025-11-21,46.42857142857143,中性,7,58.333333333333336,3.571428571428571,36.50793650793651,78.17460317460318,,1.984126984126984,79.36507936507937,67.06349206349206
2025-11-24,42.120181405895686,中性,7,55.952380952380956,5.158730158730158,37.301587301587304,65.87301587301587,,9.523809523809524,75.39682539682539,45.63492063492063
2025-11-25,44.01927437641723,中性,7,63.095238095238095,6.349206349206349,39.28571428571429,70.23809523809523,,60.51587301587301,22.22222222222222,46.42857142857143
2025-11-26,48.12925170068028,中性,7,65.47619047619048,7.142857142857142,48.412698412698404,64.28571428571429,,65.47619047619048,42.857142857142854,43.25396825396825
2025-11-27,38.86054421768707,恐惧,7,64.28571428571429,6.746031746031746,48.80952380952381,61.50793650793651,,47.42063492063492,7.5396825396825395,35.714285714285715
2025-11-28,41.666666666666664,中性,7,66.66666666666666,9.126984126984127,58.33333333333333,53.57142857142857,,68.65079365079364,7.936507936507936,27.380952380952383
2025-12-01,54.506802721088434,中性,7,71.03174603174604,21.428571428571427,56.74603174603175,72.22222222222221,,68.45238095238095,40.476190476190474,51.19047619047619
2025-12-02,45.18140589569161,中性,7,69.84126984126983,15.079365079365079,58.730158730158735,51.587301587301596,,70.63492063492063,22.61904761904762,27.77777777777778
2025-12-03,43.39569160997731,中性,7,66.66666666666666,10.714285714285714,57.93650793650794,55.55555555555556,,40.27777777777778,37.301587301587304,35.317460317460316
2025-12-04,37.103174603174594,恐惧,7,67.85714285714286,16.26984126984127,57.53968253968254,45.63492063492063,,24.404761904761905,20.238095238095237,27.77777777777778
2025-12-05,54.33673469387755,中性,7,71.82539682539682,31.746031746031743,58.730158730158735,65.07936507936508,,73.21428571428571,36.904761904761905,42.857142857142854
2025-12-08,65.3344671201814,贪婪,7,77.38095238095238,44.44444444444444,58.730158730158735,80.55555555555556,,79.16666666666666,53.96825396825397,63.095238095238095
2025-12-09,56.405895691609985,中性,7,73.01587301587301,33.730158730158735,58.730158730158735,72.22222222222221,,39.682539682539684,65.07936507936508,52.38095238095239
2025-12-10,58.10657596371882,中性,7,70.63492063492063,36.904761904761905,62.698412698412696,67.06349206349206,,69.84126984126983,53.17460317460318,46.42857142857143
2025-12-11,49.88662131519275,中性,7,65.47619047619048,25.396825396825395,62.301587301587304,71.42857142857143,,16.666666666666664,54.761904761904766,53.17460317460318
2025-12-12,61.6780045351474,贪婪,7,69.44444444444444,39.682539682539684,68.25396825396825,80.95238095238095,,7.936507936507936,97.61904761904762,67.85714285714286
2025-12-15,55.357142857142854,中性,7,63.888888888888886,34.523809523809526,66.66666666666667,65.47619047619048,,42.65873015873016,66.66666666666666,47.61904761904761
2025-12-16,45.804988662131514,中性,7,57.936507936507944,11.11111111111111,63.095238095238095,64.68253968253968,,15.873015873015872,59.523809523809526,48.41269841269841
2025-12-17,53.62811791383219,中性,7,69.04761904761905,40.476190476190474,53.96825396825397,70.23809523809523,,13.095238095238097,78.17460317460318,50.39682539682539
2025-12-18,50.481859410430836,中性,7,63.095238095238095,34.92063492063492,56.74603174603175,54.761904761904766,,51.388888888888886,59.92063492063492,32.53968253968254
2025-12-19,58.078231292517,中性,7,67.06349206349206,45.63492063492063,56.34920634920635,63.095238095238095,,85.11904761904762,42.46031746031746,46.82539682539682
2025-12-22,53.51473922902494,中性,7,71.82539682539682,54.36507936507936,55.15873015873016,71.03174603174604,,45.23809523809524,24.206349206349206,52.77777777777778
2025-12-23,55.13038548752835,中性,7,73.01587301587301,54.166666666666664,55.952380952380956,73.80952380952381,,31.349206349206348,41.66666666666667,55.952380952380956
2025-12-24,58.36167800453514,中性,7,76.19047619047619,58.333333333333336,55.55555555555556,71.82539682539682,,53.769841269841265,44.047619047619044,48.80952380952381
2025-12-25,71.32936507936508,贪婪,6,77.38095238095238,69.44444444444444,60.714285714285715,71.03174603174604,,96.23015873015873,,53.17460317460318
2025-12-26,76.1574074074074,贪婪,6,77.38095238095238,73.4126984126984,69.04761904761905,82.93650793650794,,82.73809523809523,,71.42857142857143
2025-12-29,65.70294784580499,贪婪,7,75.0,66.66666666666666,69.04761904761905,80.95238095238095,,18.253968253968253,79.36507936507937,70.63492063492063
2025-12-30,67.91383219954649,贪婪,7,76.5873015873016,66.46825396825396,69.84126984126985,82.53968253968253,,24.00793650793651,86.90476190476191,69.04761904761905
2025-12-31,61.93310657596373,贪婪,7,69.84126984126983,60.317460317460316,69.44444444444444,77.77777777777779,,38.2936507936508,57.936507936507944,59.92063492063492
2026-01-05,78.34467120181407,贪婪,7,80.55555555555556,87.3015873015873,58.730158730158735,94.44444444444444,,39.285714285714285,99.20634920634922,88.88888888888889
2026-01-06,91.35487528344672,极度贪婪,7,90.47619047619048,96.82539682539682,72.22222222222223,97.61904761904762,,87.5,99.60317460317461,95.23809523809523
2026-01-07,89.05895691609976,极度贪婪,7,88.09523809523809,92.06349206349206,71.82539682539682,97.61904761904762,,78.17460317460318,100.0,95.63492063492063
2026-01-08,86.05442176870747,极度贪婪,7,80.95238095238095,89.68253968253968,71.03174603174602,98.01587301587301,,69.84126984126983,98.80952380952381,94.04761904761905
2026-01-09,90.24943310657595,极度贪婪,7,82.53968253968253,90.07936507936508,71.03174603174602,98.80952380952381,,91.66666666666666,99.60317460317461,98.01587301587301
2026-01-12,90.47619047619048,极度贪婪,7,88.09523809523809,96.03174603174604,69.84126984126985,100.0,,80.15873015873017,100.0,99.20634920634922
2026-01-13,78.51473922902494,贪婪,7,80.95238095238095,87.3015873015873,67.85714285714286,100.0,,13.492063492063492,100.0,100.0
2026-01-14,79.96031746031746,贪婪,7,77.38095238095238,68.25396825396825,69.44444444444444,100.0,,44.84126984126984,99.8015873015873,100.0
2026-01-15,69.27437641723357,贪婪,7,78.96825396825396,63.49206349206349,71.42857142857143,97.22222222222221,,1.5873015873015872,77.38095238095238,94.84126984126983
2026-01-16,71.48526077097505,贪婪,7,75.79365079365078,52.77777777777778,71.42857142857143,98.80952380952381,,7.5396825396825395,98.01587301587301,96.03174603174604
2026-01-19,69.92630385487529,贪婪,7,75.39682539682539,57.14285714285714,71.42857142857143,94.04761904761905,,8.134920634920634,93.25396825396825,90.07936507936508
2026-01-20,70.03968253968254,贪婪,7,74.20634920634922,52.57936507936508,72.22222222222223,95.63492063492063,,9.126984126984127,94.44444444444444,92.06349206349206
2026-01-21,75.96371882086169,贪婪,7,73.80952380952381,50.0,73.01587301587301,92.85714285714286,,59.12698412698413,95.23809523809523,87.6984126984127
2026-01-22,78.23129251700679,贪婪,7,72.22222222222221,49.60317460317461,73.01587301587301,93.25396825396825,,76.19047619047619,93.65079365079364,89.68253968253968
2026-01-23,82.90816326530613,极度贪婪,7,68.25396825396825,48.41269841269841,72.61904761904762,98.80952380952381,,96.23015873015873,98.80952380952381,97.22222222222221
2026-01-26,71.03174603174604,贪婪,7,68.25396825396825,44.44444444444444,73.4126984126984,98.80952380952381,,15.476190476190476,99.20634920634922,97.61904761904762
2026-01-27,76.19047619047618,贪婪,7,66.66666666666666,39.285714285714285,73.4126984126984,95.23809523809523,,65.87301587301587,98.80952380952381,94.04761904761905
2026-01-28,74.09297052154194,贪婪,7,69.44444444444444,38.88888888888889,73.4126984126984,96.82539682539682,,50.39682539682539,94.84126984126983,94.84126984126983
2026-01-29,73.07256235827664,贪婪,7,74.20634920634922,36.507936507936506,73.4126984126984,98.80952380952381,,36.11111111111111,95.23809523809523,97.22222222222221
2026-01-30,68.40277777777777,贪婪,8,63.888888888888886,24.6031746031746,73.80952380952381,94.44444444444444,100.0,1.984126984126984,95.63492063492063,92.85714285714286
2026-02-02,59.67261904761905,中性,8,52.38095238095239,4.365079365079365,71.42857142857143,89.28571428571429,99.60317460317461,0.7936507936507936,74.20634920634922,85.31746031746032
2026-02-03,61.408730158730165,贪婪,8,57.53968253968254,15.873015873015872,67.85714285714286,88.09523809523809,100.0,21.825396825396826,59.523809523809526,80.55555555555556
2026-02-04,62.77281746031746,贪婪,8,61.50793650793651,23.41269841269841,68.25396825396825,86.11111111111111,100.0,41.86507936507937,42.46031746031746,78.57142857142857
2026-02-05,51.14087301587301,中性,8,57.14285714285714,13.095238095238097,65.87301587301587,77.38095238095238,100.0,5.555555555555555,25.396825396825395,64.68253968253968
2026-02-06,53.44742063492063,中性,8,55.158730158730165,11.904761904761903,64.28571428571428,77.38095238095238,98.4126984126984,52.182539682539684,8.73015873015873,59.523809523809526
2026-02-09,58.035714285714285,中性,8,62.698412698412696,33.730158730158735,57.93650793650794,78.57142857142857,100.0,66.66666666666666,1.984126984126984,62.698412698412696
2026-02-10,53.397817460317455,中性,8,63.095238095238095,37.698412698412696,57.93650793650794,69.44444444444444,100.0,43.84920634920635,0.3968253968253968,54.761904761904766
2026-02-11,50.32242063492063,中性,8,60.317460317460316,35.51587301587302,57.93650793650794,65.47619047619048,100.0,38.88888888888889,0.3968253968253968,44.047619047619044
2026-02-12,52.529761904761905,中性,8,60.317460317460316,44.047619047619044,57.93650793650794,72.22222222222221,100.0,16.666666666666664,15.476190476190476,53.57142857142857
2026-02-13,42.41071428571429,中性,8,53.17460317460318,12.3015873015873,51.98412698412698,62.698412698412696,99.60317460317461,8.73015873015873,7.142857142857142,43.65079365079365
2026-02-24,58.53174603174603,中性,8,57.14285714285714,40.476190476190474,60.317460317460316,74.20634920634922,98.01587301587301,33.730158730158735,43.25396825396825,61.111111111111114
2026-02-25,69.86607142857144,贪婪,8,61.50793650793651,55.158730158730165,68.65079365079364,83.33333333333334,97.61904761904762,76.78571428571429,37.698412698412696,78.17460317460318
2026-02-26,68.42757936507937,贪婪,8,58.730158730158735,48.80952380952381,69.04761904761905,84.92063492063492,97.22222222222221,65.67460317460318,46.42857142857143,76.5873015873016
2026-02-27,72.61904761904762,贪婪,8,54.761904761904766,48.61111111111111,70.23809523809524,84.52380952380952,95.63492063492063,97.02380952380952,53.96825396825397,76.19047619047619
2026-03-02,67.85714285714286,贪婪,8,58.333333333333336,43.84920634920635,70.23809523809524,94.84126984126983,94.44444444444444,34.72222222222222,51.98412698412699,94.44444444444444
2026-03-03,58.5813492063492,中性,8,44.84126984126984,17.857142857142858,60.714285714285715,97.61904761904762,93.65079365079364,3.1746031746031744,54.36507936507936,96.42857142857143
2026-03-04,50.24801587301587,中性,8,37.301587301587304,13.492063492063492,58.33333333333333,81.34920634920636,93.25396825396825,19.047619047619047,22.61904761904762,76.5873015873016
2026-03-05,57.242063492063494,中性,8,42.46031746031746,20.238095238095237,55.55555555555556,82.14285714285714,94.04761904761905,72.61904761904762,17.46031746031746,73.4126984126984
2026-03-06,57.56448412698413,中性,8,44.44444444444444,27.18253968253968,54.76190476190476,74.20634920634922,92.85714285714286,96.82539682539682,4.761904761904762,65.47619047619048
2026-03-09,60.9375,贪婪,8,38.88888888888889,17.658730158730158,52.38095238095239,87.6984126984127,93.25396825396825,75.79365079365078,35.317460317460316,86.5079365079365
2026-03-10,56.00198412698413,中性,8,46.82539682539682,35.714285714285715,43.65079365079365,80.55555555555556,96.42857142857143,55.952380952380956,17.857142857142858,71.03174603174604
2026-03-11,60.78869047619047,贪婪,8,51.98412698412699,42.46031746031746,41.666666666666664,84.52380952380952,94.44444444444444,68.45238095238095,29.365079365079367,73.4126984126984
2026-03-12,61.16071428571429,贪婪,8,49.2063492063492,34.12698412698413,41.666666666666664,80.95238095238095,94.44444444444444,73.01587301587301,40.476190476190474,75.39682539682539
2026-03-13,53.22420634920635,中性,8,42.06349206349206,23.41269841269841,40.87301587301587,78.96825396825396,91.66666666666666,17.063492063492063,55.952380952380956,75.79365079365078
2026-03-16,57.73809523809524,中性,8,41.66666666666667,22.22222222222222,42.063492063492056,75.0,95.23809523809523,50.79365079365079,62.698412698412696,72.22222222222221
2026-03-17,49.57837301587301,中性,8,38.095238095238095,13.88888888888889,39.682539682539684,69.84126984126983,89.68253968253968,18.849206349206348,61.111111111111114,65.47619047619048
2026-03-18,50.793650793650784,中性,8,40.476190476190474,15.476190476190476,38.49206349206349,62.698412698412696,92.06349206349206,53.96825396825397,55.55555555555556,47.61904761904761
2026-03-19,46.65178571428571,中性,8,28.174603174603174,7.142857142857142,34.52380952380952,66.26984126984127,89.28571428571429,23.61111111111111,66.66666666666666,57.53968253968254
2026-03-20,49.65277777777778,中性,8,25.793650793650798,8.73015873015873,36.111111111111114,73.80952380952381,91.26984126984127,20.634920634920633,73.4126984126984,67.46031746031747
2026-03-23,46.230158730158735,中性,8,7.5396825396825395,2.380952380952381,21.42857142857143,81.74603174603175,88.09523809523809,1.1904761904761905,82.53968253968253,84.92063492063492
2026-03-24,49.67757936507937,中性,8,14.682539682539684,4.9603174603174605,31.349206349206355,65.87301587301587,87.6984126984127,87.3015873015873,40.87301587301587,64.68253968253968
2026-03-25,48.68551587301587,中性,8,22.22222222222222,7.738095238095238,26.19047619047619,67.85714285714286,91.26984126984127,80.55555555555556,26.58730158730159,67.06349206349206
2026-03-26,35.06944444444444,恐惧,8,13.88888888888889,5.952380952380952,25.396825396825392,54.761904761904766,88.09523809523809,28.174603174603174,17.063492063492063,47.22222222222222
2026-03-27,37.94642857142857,恐惧,8,17.46031746031746,8.333333333333332,23.80952380952381,49.60317460317461,86.90476190476191,66.66666666666666,10.317460317460316,40.476190476190474
2026-03-30,32.53968253968254,恐惧,8,16.666666666666664,7.5396825396825395,25.396825396825392,52.38095238095239,89.68253968253968,17.857142857142858,4.365079365079365,46.42857142857143
2026-03-31,41.964285714285715,中性,8,9.126984126984127,2.7777777777777777,35.71428571428571,58.333333333333336,92.06349206349206,83.33333333333334,1.1904761904761905,53.17460317460318
2026-04-01,40.8234126984127,中性,8,20.634920634920633,8.333333333333332,21.42857142857143,61.904761904761905,90.07936507936508,61.111111111111114,11.507936507936508,51.587301587301596
2026-04-02,33.010912698412696,恐惧,8,11.904761904761903,7.142857142857142,18.650793650793645,50.39682539682539,86.11111111111111,40.67460317460318,8.333333333333332,40.87301587301587
2026-04-03,26.700680272108837,恐惧,7,7.936507936507936,5.952380952380952,18.650793650793645,34.92063492063492,90.07936507936508,3.968253968253968,,25.396825396825395
2026-04-07,34.183673469387756,恐惧,7,7.936507936507936,4.365079365079365,22.222222222222214,33.33333333333333,87.6984126984127,61.50793650793651,,22.22222222222222
2026-04-08,56.00198412698413,中性,8,30.555555555555557,43.25396825396825,11.904761904761912,81.74603174603175,96.42857142857143,43.65079365079365,64.68253968253968,75.79365079365078
2026-04-09,46.602182539682545,中性,8,26.984126984126984,32.93650793650794,12.301587301587304,62.698412698412696,92.46031746031747,82.73809523809523,12.3015873015873,50.39682539682539
2026-04-10,51.835317460317455,中性,8,36.507936507936506,52.38095238095239,11.904761904761912,73.01587301587301,96.82539682539682,37.698412698412696,47.61904761904761,58.730158730158735
2026-04-13,48.85912698412699,中性,8,37.301587301587304,52.77777777777778,12.301587301587304,60.71428571428571,95.23809523809523,41.269841269841265,43.25396825396825,48.01587301587302
2026-04-14,58.010912698412696,中性,8,41.66666666666667,72.61904761904762,11.904761904761912,74.60317460317461,96.82539682539682,47.817460317460316,56.34920634920635,62.301587301587304
2026-04-15,58.382936507936506,中性,8,38.492063492063494,75.39682539682539,13.095238095238088,78.57142857142857,96.42857142857143,38.492063492063494,58.730158730158735,67.85714285714286
2026-04-16,63.29365079365079,贪婪,8,43.65079365079365,84.12698412698413,13.492063492063494,71.82539682539682,94.04761904761905,88.88888888888889,50.39682539682539,59.92063492063492
2026-04-17,61.607142857142854,贪婪,8,42.06349206349206,72.81746031746032,13.888888888888886,76.98412698412699,94.44444444444444,61.70634920634921,66.26984126984127,64.68253968253968
2026-04-20,61.70634920634921,贪婪,8,46.82539682539682,77.38095238095238,13.888888888888886,83.33333333333334,98.01587301587301,28.968253968253972,73.4126984126984,71.82539682539682
2026-04-21,56.99404761904762,中性,8,48.80952380952381,79.76190476190477,15.079365079365076,72.22222222222221,92.46031746031747,10.317460317460316,70.63492063492063,66.66666666666666
2026-04-22,61.73115079365079,贪婪,8,51.98412698412699,75.0,15.079365079365076,84.92063492063492,95.23809523809523,62.89682539682539,38.492063492063494,70.23809523809523
2026-04-23,59.027777777777786,中性,8,49.60317460317461,73.61111111111111,15.079365079365076,90.07936507936508,92.85714285714286,13.293650793650794,54.36507936507936,83.33333333333334
2026-04-24,55.332341269841265,中性,8,43.65079365079365,58.730158730158735,15.079365079365076,86.11111111111111,78.96825396825396,8.531746031746032,75.79365079365078,75.79365079365078
2026-04-27,52.480158730158735,中性,8,42.06349206349206,48.41269841269841,15.079365079365076,84.12698412698413,78.96825396825396,3.571428571428571,73.01587301587301,74.60317460317461
2026-04-28,52.43055555555556,中性,8,39.285714285714285,48.41269841269841,14.682539682539684,81.34920634920636,78.17460317460318,2.380952380952381,82.93650793650794,72.22222222222221
2026-04-29,59.05257936507937,中性,8,50.0,65.87301587301587,13.095238095238088,85.31746031746032,78.17460317460318,19.246031746031747,84.92063492063492,75.79365079365078
2026-04-30,49.454365079365076,中性,8,48.80952380952381,59.92063492063492,13.492063492063494,88.88888888888889,0.3968253968253968,13.095238095238097,86.90476190476191,84.12698412698413
